Antigen_ID,Antigen_Name,Organism,Seq_Length,MW_kDa,Instability_Index,Epitope_Count,Epitope_Density_%
REF_OVALBUMIN,Ovalbumin (OVA),Gallus gallus,385,42.88,37.11,1260,327.27
IEDB_105,Chlamydia trachomatis Serovar L1 Antigen,Chlamydia trachomatis Serovar L1,100,11.0,25.14,1,1.0
IEDB_165,Salmonella enterica subsp. enterica serovar Typhi Antigen,Salmonella enterica subsp. enterica serovar Typhi,100,11.0,51.69,1,1.0
IEDB_315,Salmonella enterica subsp. enterica serovar Typhi str. CT18 Antigen,Salmonella enterica subsp. enterica serovar Typhi str. CT18,100,11.0,30.29,1,1.0
IEDB_372,Chlamydia trachomatis Serovar L1 Antigen,Chlamydia trachomatis Serovar L1,100,11.0,80.12,1,1.0
IEDB_376,Chlamydia trachomatis serovar K Antigen,Chlamydia trachomatis serovar K,100,11.0,28.26,1,1.0
IEDB_454,Vibrio cholerae O1 biovar El Tor Antigen,Vibrio cholerae O1 biovar El Tor,100,11.0,18.68,1,1.0
IEDB_689,Leishmania donovani Antigen,Leishmania donovani,100,11.0,-5.33,1,1.0
IEDB_703,Vibrio cholerae O1 biovar El Tor Antigen,Vibrio cholerae O1 biovar El Tor,100,11.0,-11.25,1,1.0
IEDB_776,Chlamydia trachomatis Serovar B Antigen,Chlamydia trachomatis Serovar B,100,11.0,-30.87,1,1.0
REF_GALLUS,Ovalbumin (OVA),Gallus gallus,385,42.88,37.11,2081,540.52
IEDB_946,Chlamydia trachomatis Serovar B Antigen,Chlamydia trachomatis Serovar B,100,11.0,8.33,1,1.0
IEDB_1039,Actinobacillus pleuropneumoniae serovar 7 Antigen,Actinobacillus pleuropneumoniae serovar 7,100,11.0,32.65,1,1.0
IEDB_1046,Leishmania donovani Antigen,Leishmania donovani,100,11.0,51.69,1,1.0
IEDB_1065,Chlamydia trachomatis Serovar L1 Antigen,Chlamydia trachomatis Serovar L1,100,11.0,37.91,1,1.0
IEDB_1423,Chlamydia trachomatis Serovar B Antigen,Chlamydia trachomatis Serovar B,100,11.0,-5.82,1,1.0
IEDB_1475,Chlamydia trachomatis Serovar B Antigen,Chlamydia trachomatis Serovar B,100,11.0,3.53,1,1.0
IEDB_1491,Chlamydia trachomatis Serovar L1 Antigen,Chlamydia trachomatis Serovar L1,100,11.0,-1.42,1,1.0
IEDB_1859,Chlamydia trachomatis Serovar L2 Antigen,Chlamydia trachomatis Serovar L2,100,11.0,68.59,1,1.0
IEDB_2102,Salmonella enterica subsp. enterica serovar Typhimurium Antigen,Salmonella enterica subsp. enterica serovar Typhimurium,100,11.0,27.09,1,1.0
IEDB_2174,Leishmania donovani Antigen,Leishmania donovani,100,11.0,-26.73,1,1.0
IEDB_2175,Leishmania donovani Antigen,Leishmania donovani,100,11.0,33.21,1,1.0
IEDB_2220,Leishmania donovani Antigen,Leishmania donovani,100,11.0,27.3,1,1.0
IEDB_2549,Salmonella enterica subsp. enterica serovar Typhi Antigen,Salmonella enterica subsp. enterica serovar Typhi,100,11.0,-0.54,1,1.0
IEDB_2773,Chlamydia trachomatis Serovar L1 Antigen,Chlamydia trachomatis Serovar L1,100,11.0,57.74,1,1.0
IEDB_2774,Chlamydia trachomatis Serovar A Antigen,Chlamydia trachomatis Serovar A,100,11.0,21.76,1,1.0
IEDB_2873,Salmonella enterica subsp. enterica serovar Typhimurium Antigen,Salmonella enterica subsp. enterica serovar Typhimurium,100,11.0,13.17,1,1.0
IEDB_2903,Chlamydia trachomatis Serovar L1 Antigen,Chlamydia trachomatis Serovar L1,100,11.0,-7.91,1,1.0
IEDB_3210,Chlamydia trachomatis Serovar L1 Antigen,Chlamydia trachomatis Serovar L1,100,11.0,-6.03,1,1.0
IEDB_3337,Chlamydia trachomatis serovar K Antigen,Chlamydia trachomatis serovar K,100,11.0,19.77,1,1.0
IEDB_3930,Chlamydia trachomatis Serovar L2 Antigen,Chlamydia trachomatis Serovar L2,100,11.0,36.53,1,1.0
IEDB_4014,Chlamydia trachomatis Serovar B Antigen,Chlamydia trachomatis Serovar B,100,11.0,40.43,1,1.0
IEDB_4047,Chlamydia trachomatis Serovar L1 Antigen,Chlamydia trachomatis Serovar L1,100,11.0,69.51,1,1.0
IEDB_4375,Chlamydia trachomatis Serovar B Antigen,Chlamydia trachomatis Serovar B,100,11.0,14.75,1,1.0
IEDB_4384,Chlamydia trachomatis Serovar L1 Antigen,Chlamydia trachomatis Serovar L1,100,11.0,0.51,1,1.0
IEDB_4386,Chlamydia trachomatis Serovar L1 Antigen,Chlamydia trachomatis Serovar L1,100,11.0,61.54,1,1.0
IEDB_4975,Salmonella enterica subsp. enterica serovar Typhimurium Antigen,Salmonella enterica subsp. enterica serovar Typhimurium,100,11.0,-28.77,1,1.0
IEDB_5104,Chlamydia trachomatis Serovar L1 Antigen,Chlamydia trachomatis Serovar L1,100,11.0,-24.96,1,1.0
IEDB_5146,Leishmania donovani Antigen,Leishmania donovani,100,11.0,36.73,1,1.0
IEDB_5867,Salmonella enterica subsp. enterica serovar Typhi Antigen,Salmonella enterica subsp. enterica serovar Typhi,100,11.0,27.09,1,1.0
IEDB_6003,Chlamydia trachomatis Serovar L1 Antigen,Chlamydia trachomatis Serovar L1,100,11.0,-7.03,1,1.0
IEDB_6313,Chlamydia trachomatis Serovar F Antigen,Chlamydia trachomatis Serovar F,100,11.0,-3.56,1,1.0
IEDB_6455,Chlamydia trachomatis Serovar L2 Antigen,Chlamydia trachomatis Serovar L2,100,11.0,36.53,1,1.0
IEDB_7067,Chlamydia trachomatis Serovar L1 Antigen,Chlamydia trachomatis Serovar L1,100,11.0,49.49,1,1.0
IEDB_7411,Chlamydia trachomatis Serovar H Antigen,Chlamydia trachomatis Serovar H,100,11.0,-8.98,1,1.0
IEDB_7423,Chlamydia trachomatis Serovar L1 Antigen,Chlamydia trachomatis Serovar L1,100,11.0,-7.98,1,1.0
IEDB_7612,Chlamydia trachomatis Serovar L1 Antigen,Chlamydia trachomatis Serovar L1,100,11.0,55.65,1,1.0
IEDB_7613,Chlamydia trachomatis Serovar L1 Antigen,Chlamydia trachomatis Serovar L1,100,11.0,84.54,1,1.0
IEDB_7714,Actinobacillus pleuropneumoniae serovar 1 str. 4074 Antigen,Actinobacillus pleuropneumoniae serovar 1 str. 4074,100,11.0,8.55,1,1.0
IEDB_7907,Leishmania donovani Antigen,Leishmania donovani,100,11.0,72.96,1,1.0
IEDB_8119,Leishmania donovani Antigen,Leishmania donovani,100,11.0,98.42,1,1.0
IEDB_8435,Salmonella enterica subsp. enterica serovar Typhimurium Antigen,Salmonella enterica subsp. enterica serovar Typhimurium,100,11.0,-4.98,1,1.0
IEDB_8467,Chlamydia trachomatis Serovar L2 Antigen,Chlamydia trachomatis Serovar L2,100,11.0,58.57,1,1.0
IEDB_8737,Chlamydia trachomatis serovar K Antigen,Chlamydia trachomatis serovar K,100,11.0,20.86,1,1.0
IEDB_8901,Leishmania donovani Antigen,Leishmania donovani,100,11.0,4.1,1,1.0
IEDB_9396,Chlamydia trachomatis Serovar L2 Antigen,Chlamydia trachomatis Serovar L2,100,11.0,16.98,1,1.0
IEDB_9397,Chlamydia trachomatis Serovar L1 Antigen,Chlamydia trachomatis Serovar L1,100,11.0,42.52,1,1.0
IEDB_9905,Leptospira interrogans serovar Lai str. HY-1 Antigen,Leptospira interrogans serovar Lai str. HY-1,100,11.0,34.3,1,1.0
IEDB_9910,Chlamydia trachomatis Serovar L1 Antigen,Chlamydia trachomatis Serovar L1,100,11.0,46.4,1,1.0
IEDB_9939,Leishmania donovani Antigen,Leishmania donovani,100,11.0,36.73,1,1.0
IEDB_10042,Salmonella enterica subsp. enterica serovar Typhimurium str. LT2 Antigen,Salmonella enterica subsp. enterica serovar Typhimurium str. LT2,100,11.0,92.93,1,1.0
IEDB_10310,Chlamydia trachomatis Serovar B Antigen,Chlamydia trachomatis Serovar B,100,11.0,-16.72,1,1.0
IEDB_10362,Chlamydia trachomatis Serovar B Antigen,Chlamydia trachomatis Serovar B,100,11.0,-43.43,1,1.0
IEDB_10588,Chlamydia trachomatis Serovar D Antigen,Chlamydia trachomatis Serovar D,100,11.0,-19.8,1,1.0
IEDB_10589,Chlamydia trachomatis Serovar B Antigen,Chlamydia trachomatis Serovar B,100,11.0,3.53,1,1.0
IEDB_10696,Chlamydia trachomatis Serovar H Antigen,Chlamydia trachomatis Serovar H,100,11.0,-5.82,1,1.0
IEDB_10945,Leishmania donovani Antigen,Leishmania donovani,100,11.0,-18.38,1,1.0
IEDB_11556,Leishmania donovani Antigen,Leishmania donovani,100,11.0,94.36,1,1.0
IEDB_11559,Leishmania donovani Antigen,Leishmania donovani,100,11.0,27.3,1,1.0
IEDB_11955,Salmonella enterica subsp. enterica serovar Typhimurium str. LT2 Antigen,Salmonella enterica subsp. enterica serovar Typhimurium str. LT2,100,11.0,11.08,1,1.0
IEDB_11979,Leishmania donovani Antigen,Leishmania donovani,100,11.0,79.53,1,1.0
IEDB_11984,Chlamydia trachomatis Serovar L1 Antigen,Chlamydia trachomatis Serovar L1,100,11.0,19.77,1,1.0
IEDB_11995,Leishmania donovani Antigen,Leishmania donovani,100,11.0,-8.92,1,1.0
IEDB_12146,Chlamydia trachomatis serovar K Antigen,Chlamydia trachomatis serovar K,100,11.0,62.67,1,1.0
IEDB_12174,Salmonella enterica subsp. enterica serovar Typhi Antigen,Salmonella enterica subsp. enterica serovar Typhi,100,11.0,3.04,1,1.0
IEDB_12257,Leishmania donovani Antigen,Leishmania donovani,100,11.0,-1.44,1,1.0
IEDB_12259,Salmonella enterica subsp. enterica serovar Typhi Antigen,Salmonella enterica subsp. enterica serovar Typhi,100,11.0,2.17,1,1.0
IEDB_12294,Leishmania donovani Antigen,Leishmania donovani,100,11.0,11.58,1,1.0
IEDB_12298,Leishmania donovani Antigen,Leishmania donovani,100,11.0,39.84,1,1.0
IEDB_12305,Leishmania donovani Antigen,Leishmania donovani,100,11.0,40.96,1,1.0
IEDB_12382,Salmonella enterica subsp. enterica serovar Typhi Antigen,Salmonella enterica subsp. enterica serovar Typhi,100,11.0,79.11,1,1.0
IEDB_12597,Leishmania donovani Antigen,Leishmania donovani,100,11.0,-0.54,1,1.0
IEDB_12601,Leishmania donovani Antigen,Leishmania donovani,100,11.0,135.07,1,1.0
IEDB_13078,Leishmania donovani Antigen,Leishmania donovani,100,11.0,51.69,1,1.0
IEDB_13092,Salmonella enterica subsp. enterica serovar Typhimurium Antigen,Salmonella enterica subsp. enterica serovar Typhimurium,100,11.0,-0.54,1,1.0
IEDB_13334,Leishmania donovani Antigen,Leishmania donovani,100,11.0,32.58,1,1.0
IEDB_13530,Salmonella enterica subsp. enterica serovar Typhimurium Antigen,Salmonella enterica subsp. enterica serovar Typhimurium,100,11.0,82.73,1,1.0
IEDB_13779,Leishmania donovani Antigen,Leishmania donovani,100,11.0,20.86,1,1.0
IEDB_13801,Leishmania donovani Antigen,Leishmania donovani,100,11.0,57.02,1,1.0
IEDB_13934,Leishmania donovani Antigen,Leishmania donovani,100,11.0,4.1,1,1.0
IEDB_13989,Chlamydia trachomatis Serovar L2 Antigen,Chlamydia trachomatis Serovar L2,100,11.0,74.72,1,1.0
IEDB_14185,Leishmania donovani Antigen,Leishmania donovani,100,11.0,90.04,1,1.0
IEDB_14424,Chlamydia trachomatis Serovar L1 Antigen,Chlamydia trachomatis Serovar L1,100,11.0,9.0,1,1.0
IEDB_15040,Leishmania donovani Antigen,Leishmania donovani,100,11.0,-5.33,1,1.0
IEDB_15054,Leishmania donovani Antigen,Leishmania donovani,100,11.0,51.69,1,1.0
IEDB_15073,Salmonella enterica subsp. enterica serovar Typhimurium Antigen,Salmonella enterica subsp. enterica serovar Typhimurium,100,11.0,-9.98,1,1.0
IEDB_15077,Salmonella enterica subsp. enterica serovar Typhimurium Antigen,Salmonella enterica subsp. enterica serovar Typhimurium,100,11.0,-0.54,1,1.0
IEDB_15194,Chlamydia trachomatis Serovar L1 Antigen,Chlamydia trachomatis Serovar L1,100,11.0,-7.98,1,1.0
IEDB_15240,Chlamydia trachomatis Serovar L1 Antigen,Chlamydia trachomatis Serovar L1,100,11.0,24.62,1,1.0
IEDB_15361,Chlamydia trachomatis Serovar B Antigen,Chlamydia trachomatis Serovar B,100,11.0,3.29,1,1.0
IEDB_15520,Leishmania donovani Antigen,Leishmania donovani,100,11.0,-17.3,1,1.0
IEDB_15666,Leishmania donovani Antigen,Leishmania donovani,100,11.0,-5.33,1,1.0
IEDB_16312,Salmonella enterica subsp. enterica serovar Typhimurium Antigen,Salmonella enterica subsp. enterica serovar Typhimurium,100,11.0,28.41,1,1.0
IEDB_16338,Leishmania donovani Antigen,Leishmania donovani,100,11.0,18.46,1,1.0
IEDB_16363,Chlamydia trachomatis Serovar L2 Antigen,Chlamydia trachomatis Serovar L2,100,11.0,-3.78,1,1.0
IEDB_16486,Salmonella enterica subsp. enterica serovar Typhimurium Antigen,Salmonella enterica subsp. enterica serovar Typhimurium,100,11.0,0.51,1,1.0
IEDB_16931,Salmonella enterica subsp. enterica serovar Typhimurium Antigen,Salmonella enterica subsp. enterica serovar Typhimurium,100,11.0,30.29,1,1.0
IEDB_17066,Leishmania donovani Antigen,Leishmania donovani,100,11.0,126.69,1,1.0
IEDB_17119,Leishmania donovani Antigen,Leishmania donovani,100,11.0,79.53,1,1.0
IEDB_17554,Leishmania donovani Antigen,Leishmania donovani,100,11.0,-8.92,1,1.0
IEDB_18296,Salmonella enterica subsp. enterica serovar Typhimurium Antigen,Salmonella enterica subsp. enterica serovar Typhimurium,100,11.0,95.05,1,1.0
IEDB_18327,Salmonella enterica subsp. enterica serovar Typhimurium Antigen,Salmonella enterica subsp. enterica serovar Typhimurium,100,11.0,66.51,1,1.0
IEDB_18584,Chlamydia trachomatis Serovar F Antigen,Chlamydia trachomatis Serovar F,100,11.0,12.56,1,1.0
IEDB_18626,Chlamydia trachomatis Serovar L1 Antigen,Chlamydia trachomatis Serovar L1,100,11.0,68.13,1,1.0
IEDB_19005,Chlamydia trachomatis Serovar B Antigen,Chlamydia trachomatis Serovar B,100,11.0,-29.28,1,1.0
IEDB_19014,Chlamydia trachomatis Serovar B Antigen,Chlamydia trachomatis Serovar B,100,11.0,3.53,1,1.0
IEDB_20001,Salmonella enterica subsp. enterica serovar Typhimurium Antigen,Salmonella enterica subsp. enterica serovar Typhimurium,100,11.0,-4.23,1,1.0
IEDB_20443,Salmonella enterica subsp. enterica serovar Typhi Antigen,Salmonella enterica subsp. enterica serovar Typhi,100,11.0,38.21,1,1.0
IEDB_20780,Salmonella enterica subsp. enterica serovar Typhimurium Antigen,Salmonella enterica subsp. enterica serovar Typhimurium,100,11.0,107.64,1,1.0
IEDB_20928,Salmonella enterica subsp. enterica serovar Typhimurium Antigen,Salmonella enterica subsp. enterica serovar Typhimurium,100,11.0,7.32,1,1.0
IEDB_20948,Chlamydia trachomatis Serovar C Antigen,Chlamydia trachomatis Serovar C,100,11.0,89.0,1,1.0
IEDB_21130,Salmonella enterica subsp. enterica serovar Typhimurium Antigen,Salmonella enterica subsp. enterica serovar Typhimurium,100,11.0,22.6,1,1.0
IEDB_21153,Salmonella enterica subsp. enterica serovar Typhimurium Antigen,Salmonella enterica subsp. enterica serovar Typhimurium,100,11.0,8.89,1,1.0
IEDB_21191,Salmonella enterica subsp. enterica serovar Typhimurium str. LT2 Antigen,Salmonella enterica subsp. enterica serovar Typhimurium str. LT2,100,11.0,-21.4,1,1.0
IEDB_21751,Chlamydia trachomatis Serovar L2 Antigen,Chlamydia trachomatis Serovar L2,100,11.0,25.77,1,1.0
IEDB_22374,Chlamydia trachomatis Serovar L2 Antigen,Chlamydia trachomatis Serovar L2,100,11.0,60.69,1,1.0
IEDB_22691,Salmonella enterica subsp. enterica serovar Typhi Antigen,Salmonella enterica subsp. enterica serovar Typhi,100,11.0,1.86,1,1.0
IEDB_22761,Mycobacterium avium serovar 8 Antigen,Mycobacterium avium serovar 8,100,11.0,54.3,1,1.0
IEDB_22917,Salmonella enterica subsp. enterica serovar Typhimurium Antigen,Salmonella enterica subsp. enterica serovar Typhimurium,100,11.0,31.52,1,1.0
IEDB_23172,Chlamydia trachomatis Serovar L2 Antigen,Chlamydia trachomatis Serovar L2,100,11.0,89.92,1,1.0
IEDB_23343,Chlamydia trachomatis Serovar L1 Antigen,Chlamydia trachomatis Serovar L1,100,11.0,2.79,1,1.0
IEDB_23544,Leishmania donovani Antigen,Leishmania donovani,100,11.0,11.58,1,1.0
IEDB_23644,Leishmania donovani Antigen,Leishmania donovani,100,11.0,6.93,1,1.0
IEDB_24580,Leishmania donovani Antigen,Leishmania donovani,100,11.0,19.96,1,1.0
IEDB_24747,Leishmania donovani Antigen,Leishmania donovani,100,11.0,84.44,1,1.0
IEDB_24994,Leishmania donovani Antigen,Leishmania donovani,100,11.0,49.33,1,1.0
IEDB_25117,Chlamydia trachomatis Serovar E Antigen,Chlamydia trachomatis Serovar E,100,11.0,-5.82,1,1.0
IEDB_25236,Chlamydia trachomatis Serovar B Antigen,Chlamydia trachomatis Serovar B,100,11.0,40.43,1,1.0
IEDB_25323,Salmonella enterica subsp. enterica serovar Typhimurium Antigen,Salmonella enterica subsp. enterica serovar Typhimurium,100,11.0,-19.41,1,1.0
IEDB_25338,Leishmania donovani Antigen,Leishmania donovani,100,11.0,34.05,1,1.0
IEDB_25550,Chlamydia trachomatis Serovar L1 Antigen,Chlamydia trachomatis Serovar L1,100,11.0,6.31,1,1.0
IEDB_25886,Chlamydia trachomatis Serovar L1 Antigen,Chlamydia trachomatis Serovar L1,100,11.0,0.78,1,1.0
IEDB_25887,Chlamydia trachomatis Serovar B Antigen,Chlamydia trachomatis Serovar B,100,11.0,14.07,1,1.0
IEDB_26564,Salmonella enterica subsp. enterica serovar Typhimurium Antigen,Salmonella enterica subsp. enterica serovar Typhimurium,100,11.0,32.6,1,1.0
IEDB_26613,Leishmania donovani Antigen,Leishmania donovani,100,11.0,4.1,1,1.0
IEDB_26614,Leishmania donovani Antigen,Leishmania donovani,100,11.0,55.59,1,1.0
IEDB_27175,Chlamydia trachomatis Serovar L2 Antigen,Chlamydia trachomatis Serovar L2,100,11.0,95.58,1,1.0
IEDB_27509,Chlamydia trachomatis Serovar L1 Antigen,Chlamydia trachomatis Serovar L1,100,11.0,-8.82,1,1.0
IEDB_27516,Salmonella enterica subsp. enterica serovar Typhimurium Antigen,Salmonella enterica subsp. enterica serovar Typhimurium,100,11.0,21.91,1,1.0
IEDB_28047,Salmonella enterica subsp. enterica serovar Typhimurium Antigen,Salmonella enterica subsp. enterica serovar Typhimurium,100,11.0,-8.92,1,1.0
IEDB_28147,Chlamydia trachomatis Serovar B Antigen,Chlamydia trachomatis Serovar B,100,11.0,40.43,1,1.0
IEDB_28590,Chlamydia trachomatis Serovar D Antigen,Chlamydia trachomatis Serovar D,100,11.0,5.69,1,1.0
IEDB_29090,Chlamydia trachomatis Serovar L2 Antigen,Chlamydia trachomatis Serovar L2,100,11.0,18.77,1,1.0
IEDB_29156,Salmonella enterica subsp. enterica serovar Typhi Antigen,Salmonella enterica subsp. enterica serovar Typhi,100,11.0,17.44,1,1.0
IEDB_29261,Chlamydia trachomatis Serovar B Antigen,Chlamydia trachomatis Serovar B,100,11.0,48.52,1,1.0
IEDB_29746,Chlamydia trachomatis Serovar L2 Antigen,Chlamydia trachomatis Serovar L2,100,11.0,35.01,1,1.0
IEDB_30232,Leishmania donovani Antigen,Leishmania donovani,100,11.0,39.84,1,1.0
IEDB_30497,Leishmania donovani Antigen,Leishmania donovani,100,11.0,51.69,1,1.0
IEDB_30523,Leishmania donovani Antigen,Leishmania donovani,100,11.0,-8.92,1,1.0
IEDB_30525,Leishmania donovani Antigen,Leishmania donovani,100,11.0,-26.73,1,1.0
IEDB_30595,Leishmania donovani Antigen,Leishmania donovani,100,11.0,126.69,1,1.0
IEDB_30696,Chlamydia trachomatis serovar K Antigen,Chlamydia trachomatis serovar K,100,11.0,-49.93,1,1.0
IEDB_30704,Chlamydia trachomatis serovar K Antigen,Chlamydia trachomatis serovar K,100,11.0,-34.95,1,1.0
IEDB_30741,Salmonella enterica subsp. enterica serovar Typhi Antigen,Salmonella enterica subsp. enterica serovar Typhi,100,11.0,42.49,1,1.0
IEDB_31297,Chlamydia trachomatis Serovar L1 Antigen,Chlamydia trachomatis Serovar L1,100,11.0,72.2,1,1.0
IEDB_31428,Leishmania donovani Antigen,Leishmania donovani,100,11.0,113.4,1,1.0
IEDB_31584,Salmonella enterica subsp. enterica serovar Typhimurium Antigen,Salmonella enterica subsp. enterica serovar Typhimurium,100,11.0,-28.84,1,1.0
IEDB_31589,Leishmania donovani Antigen,Leishmania donovani,100,11.0,27.3,1,1.0
IEDB_32117,Leishmania donovani Antigen,Leishmania donovani,100,11.0,101.88,1,1.0
IEDB_32143,Chlamydia trachomatis Serovar B Antigen,Chlamydia trachomatis Serovar B,100,11.0,94.77,1,1.0
IEDB_32182,Leishmania donovani Antigen,Leishmania donovani,100,11.0,79.53,1,1.0
IEDB_32464,Leishmania donovani Antigen,Leishmania donovani,100,11.0,62.36,1,1.0
IEDB_32806,Leishmania donovani Antigen,Leishmania donovani,100,11.0,35.16,1,1.0
IEDB_33120,Leptospira interrogans serovar Copenhageni str. Fiocruz L1-130 Antigen,Leptospira interrogans serovar Copenhageni str. Fiocruz L1-130,100,11.0,8.0,1,1.0
IEDB_33172,Leptospira interrogans serovar Copenhageni str. Fiocruz L1-130 Antigen,Leptospira interrogans serovar Copenhageni str. Fiocruz L1-130,100,11.0,40.43,1,1.0
IEDB_33287,Chlamydia trachomatis Serovar B Antigen,Chlamydia trachomatis Serovar B,100,11.0,94.77,1,1.0
IEDB_33571,Chlamydia trachomatis Serovar E Antigen,Chlamydia trachomatis Serovar E,100,11.0,-43.43,1,1.0
IEDB_33624,Chlamydia trachomatis serovar K Antigen,Chlamydia trachomatis serovar K,100,11.0,-12.97,1,1.0
IEDB_33642,Chlamydia trachomatis Serovar B Antigen,Chlamydia trachomatis Serovar B,100,11.0,8.33,1,1.0
IEDB_33765,Chlamydia trachomatis Serovar L1 Antigen,Chlamydia trachomatis Serovar L1,100,11.0,33.11,1,1.0
IEDB_34118,Chlamydia trachomatis Serovar L1 Antigen,Chlamydia trachomatis Serovar L1,100,11.0,32.11,1,1.0
IEDB_34516,Chlamydia trachomatis serovar K Antigen,Chlamydia trachomatis serovar K,100,11.0,19.77,1,1.0
IEDB_34604,Chlamydia trachomatis Serovar L2 Antigen,Chlamydia trachomatis Serovar L2,100,11.0,22.51,1,1.0
IEDB_34914,Leishmania donovani Antigen,Leishmania donovani,100,11.0,81.33,1,1.0
IEDB_35114,Chlamydia trachomatis serovar K Antigen,Chlamydia trachomatis serovar K,100,11.0,-2.37,1,1.0
IEDB_35393,Chlamydia trachomatis Serovar I Antigen,Chlamydia trachomatis Serovar I,100,11.0,6.67,1,1.0
IEDB_35445,Leishmania donovani Antigen,Leishmania donovani,100,11.0,43.31,1,1.0
IEDB_35634,Salmonella enterica subsp. enterica serovar Typhimurium Antigen,Salmonella enterica subsp. enterica serovar Typhimurium,100,11.0,7.5,1,1.0
IEDB_35738,Salmonella enterica subsp. enterica serovar Typhimurium Antigen,Salmonella enterica subsp. enterica serovar Typhimurium,100,11.0,72.2,1,1.0
IEDB_35791,Salmonella enterica subsp. enterica serovar Typhi Antigen,Salmonella enterica subsp. enterica serovar Typhi,100,11.0,-0.54,1,1.0
IEDB_35861,Chlamydia trachomatis Serovar B Antigen,Chlamydia trachomatis Serovar B,100,11.0,-29.28,1,1.0
IEDB_36143,Salmonella enterica subsp. enterica serovar Typhimurium Antigen,Salmonella enterica subsp. enterica serovar Typhimurium,100,11.0,34.57,1,1.0
IEDB_36216,Leishmania donovani Antigen,Leishmania donovani,100,11.0,31.99,1,1.0
IEDB_36648,Chlamydia trachomatis Serovar L1 Antigen,Chlamydia trachomatis Serovar L1,100,11.0,-16.47,1,1.0
IEDB_37001,Leishmania donovani Antigen,Leishmania donovani,100,11.0,51.69,1,1.0
IEDB_37691,Chlamydia trachomatis Serovar L2 Antigen,Chlamydia trachomatis Serovar L2,100,11.0,17.56,1,1.0
IEDB_37866,Salmonella enterica subsp. enterica serovar Typhi Antigen,Salmonella enterica subsp. enterica serovar Typhi,100,11.0,71.42,1,1.0
IEDB_38024,Chlamydia trachomatis Serovar B Antigen,Chlamydia trachomatis Serovar B,100,11.0,102.13,1,1.0
IEDB_38043,Vibrio cholerae O1 biovar El Tor Antigen,Vibrio cholerae O1 biovar El Tor,100,11.0,35.03,1,1.0
IEDB_38050,Chlamydia trachomatis Serovar L1 Antigen,Chlamydia trachomatis Serovar L1,100,11.0,9.0,1,1.0
IEDB_38085,Chlamydia trachomatis Serovar C Antigen,Chlamydia trachomatis Serovar C,100,11.0,2.24,1,1.0
IEDB_38088,Chlamydia trachomatis serovar K Antigen,Chlamydia trachomatis serovar K,100,11.0,-27.84,1,1.0
IEDB_38344,Salmonella enterica subsp. enterica serovar Typhi Antigen,Salmonella enterica subsp. enterica serovar Typhi,100,11.0,-12.54,1,1.0
IEDB_38650,Chlamydia trachomatis Serovar B Antigen,Chlamydia trachomatis Serovar B,100,11.0,156.47,1,1.0
IEDB_38651,Chlamydia trachomatis Serovar L1 Antigen,Chlamydia trachomatis Serovar L1,100,11.0,117.14,1,1.0
IEDB_38687,Chlamydia trachomatis serovar K Antigen,Chlamydia trachomatis serovar K,100,11.0,115.33,1,1.0
IEDB_38690,Chlamydia trachomatis Serovar C Antigen,Chlamydia trachomatis Serovar C,100,11.0,89.0,1,1.0
IEDB_38691,Chlamydia trachomatis serovar K Antigen,Chlamydia trachomatis serovar K,100,11.0,26.57,1,1.0
IEDB_38994,Salmonella enterica subsp. enterica serovar Typhimurium Antigen,Salmonella enterica subsp. enterica serovar Typhimurium,100,11.0,30.29,1,1.0
IEDB_39272,Chlamydia trachomatis Serovar L3 Antigen,Chlamydia trachomatis Serovar L3,100,11.0,6.67,1,1.0
IEDB_39294,Leishmania donovani Antigen,Leishmania donovani,100,11.0,109.09,1,1.0
IEDB_39453,Chlamydia trachomatis Serovar L2 Antigen,Chlamydia trachomatis Serovar L2,100,11.0,0.83,1,1.0
IEDB_39561,Chlamydia trachomatis Serovar L1 Antigen,Chlamydia trachomatis Serovar L1,100,11.0,-7.98,1,1.0
IEDB_39776,Chlamydia trachomatis Serovar L2 Antigen,Chlamydia trachomatis Serovar L2,100,11.0,10.85,1,1.0
IEDB_39843,Leptospira interrogans serovar Copenhageni str. Fiocruz L1-130 Antigen,Leptospira interrogans serovar Copenhageni str. Fiocruz L1-130,100,11.0,31.44,1,1.0
IEDB_39844,Leptospira interrogans serovar Copenhageni str. Fiocruz L1-130 Antigen,Leptospira interrogans serovar Copenhageni str. Fiocruz L1-130,100,11.0,27.87,1,1.0
IEDB_40424,Chlamydia trachomatis Serovar L1 Antigen,Chlamydia trachomatis Serovar L1,100,11.0,76.62,1,1.0
IEDB_40924,Leishmania donovani Antigen,Leishmania donovani,100,11.0,50.44,1,1.0
IEDB_40925,Leishmania donovani Antigen,Leishmania donovani,100,11.0,37.3,1,1.0
IEDB_41137,Salmonella enterica subsp. enterica serovar Typhimurium Antigen,Salmonella enterica subsp. enterica serovar Typhimurium,100,11.0,30.29,1,1.0
IEDB_41416,Leishmania donovani Antigen,Leishmania donovani,100,11.0,48.96,1,1.0
IEDB_41489,Leishmania donovani Antigen,Leishmania donovani,100,11.0,4.1,1,1.0
IEDB_41640,Chlamydia trachomatis Serovar B Antigen,Chlamydia trachomatis Serovar B,100,11.0,40.43,1,1.0
IEDB_41641,Chlamydia trachomatis Serovar L1 Antigen,Chlamydia trachomatis Serovar L1,100,11.0,52.37,1,1.0
IEDB_41895,Salmonella enterica subsp. enterica serovar Typhimurium Antigen,Salmonella enterica subsp. enterica serovar Typhimurium,100,11.0,9.97,1,1.0
IEDB_42120,Leishmania donovani Antigen,Leishmania donovani,100,11.0,43.31,1,1.0
IEDB_42136,Chlamydia trachomatis Serovar B Antigen,Chlamydia trachomatis Serovar B,100,11.0,-18.38,1,1.0
IEDB_42137,Chlamydia trachomatis Serovar L1 Antigen,Chlamydia trachomatis Serovar L1,100,11.0,49.25,1,1.0
IEDB_42217,Leishmania donovani Antigen,Leishmania donovani,100,11.0,32.58,1,1.0
IEDB_42311,Chlamydia trachomatis Serovar L1 Antigen,Chlamydia trachomatis Serovar L1,100,11.0,109.22,1,1.0
IEDB_42884,Chlamydia trachomatis Serovar L1 Antigen,Chlamydia trachomatis Serovar L1,100,11.0,109.22,1,1.0
IEDB_42928,Chlamydia trachomatis Serovar L2 Antigen,Chlamydia trachomatis Serovar L2,100,11.0,9.0,1,1.0
IEDB_42952,Leishmania donovani Antigen,Leishmania donovani,100,11.0,-18.36,1,1.0
IEDB_43066,Salmonella enterica subsp. enterica serovar Typhimurium Antigen,Salmonella enterica subsp. enterica serovar Typhimurium,100,11.0,61.51,1,1.0
IEDB_43546,Bacillus thuringiensis serovar kurstaki Antigen,Bacillus thuringiensis serovar kurstaki,100,11.0,52.69,1,1.0
IEDB_43946,Chlamydia trachomatis Serovar L2 Antigen,Chlamydia trachomatis Serovar L2,100,11.0,58.75,1,1.0
IEDB_44247,Chlamydia trachomatis Serovar L2 Antigen,Chlamydia trachomatis Serovar L2,100,11.0,14.71,1,1.0
IEDB_44278,Leishmania donovani Antigen,Leishmania donovani,100,11.0,148.09,1,1.0
IEDB_44297,Chlamydia trachomatis Serovar B Antigen,Chlamydia trachomatis Serovar B,100,11.0,134.23,1,1.0
IEDB_44362,Chlamydia trachomatis Serovar L2 Antigen,Chlamydia trachomatis Serovar L2,100,11.0,19.46,1,1.0
IEDB_45048,Chlamydia trachomatis Serovar L1 Antigen,Chlamydia trachomatis Serovar L1,100,11.0,47.87,1,1.0
IEDB_45371,Chlamydia trachomatis Serovar L1 Antigen,Chlamydia trachomatis Serovar L1,100,11.0,64.2,1,1.0
IEDB_45372,Chlamydia trachomatis Serovar E Antigen,Chlamydia trachomatis Serovar E,100,11.0,56.46,1,1.0
IEDB_45434,Leishmania donovani Antigen,Leishmania donovani,100,11.0,79.53,1,1.0
IEDB_45532,Salmonella enterica subsp. enterica serovar Typhimurium Antigen,Salmonella enterica subsp. enterica serovar Typhimurium,100,11.0,35.64,1,1.0
IEDB_45656,Chlamydia trachomatis Serovar L2 Antigen,Chlamydia trachomatis Serovar L2,100,11.0,34.99,1,1.0
IEDB_45793,Chlamydia trachomatis serovar K Antigen,Chlamydia trachomatis serovar K,100,11.0,-14.33,1,1.0
IEDB_46155,Chlamydia trachomatis Serovar L1 Antigen,Chlamydia trachomatis Serovar L1,100,11.0,9.0,1,1.0
IEDB_46824,Leishmania donovani Antigen,Leishmania donovani,100,11.0,90.04,1,1.0
IEDB_47097,Leishmania donovani Antigen,Leishmania donovani,100,11.0,51.89,1,1.0
IEDB_47572,Leishmania donovani Antigen,Leishmania donovani,100,11.0,41.69,1,1.0
IEDB_47705,Bacillus thuringiensis serovar kurstaki Antigen,Bacillus thuringiensis serovar kurstaki,100,11.0,17.11,1,1.0
IEDB_47825,Leptospira interrogans serovar Copenhageni str. Fiocruz L1-130 Antigen,Leptospira interrogans serovar Copenhageni str. Fiocruz L1-130,100,11.0,7.5,1,1.0
IEDB_48744,Leishmania donovani Antigen,Leishmania donovani,100,11.0,41.59,1,1.0
IEDB_48756,Leishmania donovani Antigen,Leishmania donovani,100,11.0,53.71,1,1.0
IEDB_49071,Salmonella enterica subsp. enterica serovar Typhi Antigen,Salmonella enterica subsp. enterica serovar Typhi,100,11.0,115.89,1,1.0
IEDB_49337,Leptospira interrogans serovar Lai str. 56601 Antigen,Leptospira interrogans serovar Lai str. 56601,100,11.0,32.68,1,1.0
IEDB_49375,Chlamydia trachomatis Serovar B Antigen,Chlamydia trachomatis Serovar B,100,11.0,1.75,1,1.0
IEDB_49376,Chlamydia trachomatis Serovar L1 Antigen,Chlamydia trachomatis Serovar L1,100,11.0,-9.91,1,1.0
IEDB_49826,Chlamydia trachomatis Serovar L1 Antigen,Chlamydia trachomatis Serovar L1,100,11.0,25.38,1,1.0
IEDB_50394,Leishmania donovani Antigen,Leishmania donovani,100,11.0,51.69,1,1.0
IEDB_50818,Chlamydia trachomatis Serovar L2 Antigen,Chlamydia trachomatis Serovar L2,100,11.0,19.46,1,1.0
IEDB_50863,Chlamydia trachomatis Serovar B Antigen,Chlamydia trachomatis Serovar B,100,11.0,48.52,1,1.0
IEDB_50874,Leishmania donovani Antigen,Leishmania donovani,100,11.0,35.62,1,1.0
IEDB_50895,Leishmania donovani Antigen,Leishmania donovani,100,11.0,30.29,1,1.0
IEDB_51005,Salmonella enterica subsp. enterica serovar Typhimurium Antigen,Salmonella enterica subsp. enterica serovar Typhimurium,100,11.0,73.09,1,1.0
IEDB_51063,Chlamydia trachomatis Serovar L1 Antigen,Chlamydia trachomatis Serovar L1,100,11.0,-22.06,1,1.0
IEDB_51161,Chlamydia trachomatis Serovar B Antigen,Chlamydia trachomatis Serovar B,100,11.0,102.13,1,1.0
IEDB_51372,Leishmania donovani Antigen,Leishmania donovani,100,11.0,-9.98,1,1.0
IEDB_51565,Chlamydia trachomatis Serovar L1 Antigen,Chlamydia trachomatis Serovar L1,100,11.0,32.11,1,1.0
IEDB_51744,Leishmania donovani Antigen,Leishmania donovani,100,11.0,57.02,1,1.0
IEDB_52050,Salmonella enterica subsp. enterica serovar Typhi Antigen,Salmonella enterica subsp. enterica serovar Typhi,100,11.0,8.02,1,1.0
IEDB_52192,Salmonella enterica subsp. enterica serovar Typhi Antigen,Salmonella enterica subsp. enterica serovar Typhi,100,11.0,8.89,1,1.0
IEDB_52569,Salmonella enterica subsp. enterica serovar Muenchen Antigen,Salmonella enterica subsp. enterica serovar Muenchen,100,11.0,-32.7,1,1.0
IEDB_52905,Chlamydia trachomatis Serovar B Antigen,Chlamydia trachomatis Serovar B,100,11.0,28.9,1,1.0
IEDB_53199,Salmonella enterica subsp. enterica serovar Typhi Antigen,Salmonella enterica subsp. enterica serovar Typhi,100,11.0,57.08,1,1.0
IEDB_53225,Leishmania donovani Antigen,Leishmania donovani,100,11.0,40.96,1,1.0
IEDB_53232,Salmonella enterica subsp. enterica serovar Typhi Antigen,Salmonella enterica subsp. enterica serovar Typhi,100,11.0,68.57,1,1.0
IEDB_53766,Chlamydia trachomatis Serovar L1 Antigen,Chlamydia trachomatis Serovar L1,100,11.0,39.98,1,1.0
IEDB_53819,Salmonella enterica subsp. enterica serovar Typhi Antigen,Salmonella enterica subsp. enterica serovar Typhi,100,11.0,45.11,1,1.0
IEDB_53820,Chlamydia trachomatis Serovar B Antigen,Chlamydia trachomatis Serovar B,100,11.0,40.43,1,1.0
IEDB_53985,Chlamydia trachomatis Serovar L2 Antigen,Chlamydia trachomatis Serovar L2,100,11.0,0.83,1,1.0
IEDB_54016,Salmonella enterica subsp. enterica serovar Typhimurium Antigen,Salmonella enterica subsp. enterica serovar Typhimurium,100,11.0,0.51,1,1.0
IEDB_54090,Leishmania donovani Antigen,Leishmania donovani,100,11.0,79.53,1,1.0
IEDB_54118,Chlamydia trachomatis Serovar B Antigen,Chlamydia trachomatis Serovar B,100,11.0,48.52,1,1.0
IEDB_54197,Leishmania donovani Antigen,Leishmania donovani,100,11.0,45.11,1,1.0
IEDB_54597,Leishmania donovani Antigen,Leishmania donovani,100,11.0,4.1,1,1.0
IEDB_54755,Salmonella enterica subsp. enterica serovar Typhimurium Antigen,Salmonella enterica subsp. enterica serovar Typhimurium,100,11.0,4.14,1,1.0
IEDB_55069,Salmonella enterica subsp. enterica serovar Typhi str. CT18 Antigen,Salmonella enterica subsp. enterica serovar Typhi str. CT18,100,11.0,43.97,1,1.0
IEDB_55250,Chlamydia trachomatis Serovar L2 Antigen,Chlamydia trachomatis Serovar L2,100,11.0,54.5,1,1.0
IEDB_55303,Chlamydia trachomatis Serovar L2 Antigen,Chlamydia trachomatis Serovar L2,100,11.0,66.28,1,1.0
IEDB_55304,Chlamydia trachomatis Serovar L2 Antigen,Chlamydia trachomatis Serovar L2,100,11.0,61.16,1,1.0
IEDB_55415,Salmonella enterica subsp. enterica serovar Typhi Antigen,Salmonella enterica subsp. enterica serovar Typhi,100,11.0,213.32,1,1.0
IEDB_55565,Leptospira interrogans serovar Copenhageni str. Fiocruz L1-130 Antigen,Leptospira interrogans serovar Copenhageni str. Fiocruz L1-130,100,11.0,135.9,1,1.0
IEDB_56059,Salmonella enterica subsp. enterica serovar Typhimurium Antigen,Salmonella enterica subsp. enterica serovar Typhimurium,100,11.0,25.02,1,1.0
IEDB_56436,Chlamydia trachomatis Serovar B Antigen,Chlamydia trachomatis Serovar B,100,11.0,8.33,1,1.0
IEDB_56448,Chlamydia trachomatis Serovar B Antigen,Chlamydia trachomatis Serovar B,100,11.0,26.2,1,1.0
IEDB_56449,Chlamydia trachomatis Serovar B Antigen,Chlamydia trachomatis Serovar B,100,11.0,12.59,1,1.0
IEDB_56525,Leishmania donovani Antigen,Leishmania donovani,100,11.0,-8.92,1,1.0
IEDB_56660,Leishmania donovani Antigen,Leishmania donovani,100,11.0,20.84,1,1.0
IEDB_56661,Leishmania donovani Antigen,Leishmania donovani,100,11.0,23.9,1,1.0
IEDB_56692,Chlamydia trachomatis Serovar E Antigen,Chlamydia trachomatis Serovar E,100,11.0,6.14,1,1.0
IEDB_56693,Chlamydia trachomatis Serovar E Antigen,Chlamydia trachomatis Serovar E,100,11.0,4.02,1,1.0
IEDB_56707,Chlamydia trachomatis Serovar L2 Antigen,Chlamydia trachomatis Serovar L2,100,11.0,6.2,1,1.0
IEDB_56776,Chlamydia trachomatis Serovar L1 Antigen,Chlamydia trachomatis Serovar L1,100,11.0,16.13,1,1.0
IEDB_56987,Chlamydia trachomatis serovar K Antigen,Chlamydia trachomatis serovar K,100,11.0,41.6,1,1.0
IEDB_57121,Salmonella enterica subsp. enterica serovar Enteritidis Antigen,Salmonella enterica subsp. enterica serovar Enteritidis,100,11.0,51.69,1,1.0
IEDB_57135,Leishmania donovani Antigen,Leishmania donovani,100,11.0,19.96,1,1.0
IEDB_57416,Chlamydia trachomatis Serovar B Antigen,Chlamydia trachomatis Serovar B,100,11.0,-10.3,1,1.0
IEDB_57417,Chlamydia trachomatis Serovar L1 Antigen,Chlamydia trachomatis Serovar L1,100,11.0,-2.18,1,1.0
IEDB_58037,Bacillus thuringiensis serovar san diego Antigen,Bacillus thuringiensis serovar san diego,100,11.0,47.12,1,1.0
IEDB_58502,Chlamydia trachomatis serovar K Antigen,Chlamydia trachomatis serovar K,100,11.0,19.77,1,1.0
IEDB_58616,Leptospira interrogans serovar Copenhageni str. Fiocruz L1-130 Antigen,Leptospira interrogans serovar Copenhageni str. Fiocruz L1-130,100,11.0,72.53,1,1.0
IEDB_58972,Actinobacillus pleuropneumoniae serovar 1 str. 4074 Antigen,Actinobacillus pleuropneumoniae serovar 1 str. 4074,100,11.0,152.24,1,1.0
IEDB_59087,Chlamydia trachomatis Serovar B Antigen,Chlamydia trachomatis Serovar B,100,11.0,102.13,1,1.0
IEDB_59706,Leishmania donovani Antigen,Leishmania donovani,100,11.0,100.71,1,1.0
IEDB_60383,Chlamydia trachomatis Serovar B Antigen,Chlamydia trachomatis Serovar B,100,11.0,94.77,1,1.0
IEDB_60796,Leptospira interrogans serovar Copenhageni str. Fiocruz L1-130 Antigen,Leptospira interrogans serovar Copenhageni str. Fiocruz L1-130,100,11.0,12.25,1,1.0
IEDB_61410,Leishmania donovani Antigen,Leishmania donovani,100,11.0,68.64,1,1.0
IEDB_61625,Chlamydia trachomatis Serovar L1 Antigen,Chlamydia trachomatis Serovar L1,100,11.0,25.38,1,1.0
IEDB_62021,Chlamydia trachomatis Serovar L1 Antigen,Chlamydia trachomatis Serovar L1,100,11.0,-14.52,1,1.0
IEDB_62527,Chlamydia trachomatis Serovar L1 Antigen,Chlamydia trachomatis Serovar L1,100,11.0,6.31,1,1.0
IEDB_62838,Salmonella enterica subsp. enterica serovar Typhi Antigen,Salmonella enterica subsp. enterica serovar Typhi,100,11.0,9.97,1,1.0
IEDB_63060,Leishmania donovani Antigen,Leishmania donovani,100,11.0,156.47,1,1.0
IEDB_63508,Chlamydia trachomatis serovar K Antigen,Chlamydia trachomatis serovar K,100,11.0,-5.7,1,1.0
IEDB_63607,Chlamydia trachomatis Serovar Da Antigen,Chlamydia trachomatis Serovar Da,100,11.0,-49.93,1,1.0
IEDB_63750,Chlamydia trachomatis Serovar B Antigen,Chlamydia trachomatis Serovar B,100,11.0,-5.82,1,1.0
IEDB_63937,Chlamydia trachomatis Serovar L2 Antigen,Chlamydia trachomatis Serovar L2,100,11.0,7.41,1,1.0
IEDB_64033,Chlamydia trachomatis Serovar B Antigen,Chlamydia trachomatis Serovar B,100,11.0,-5.68,1,1.0
IEDB_64083,Chlamydia trachomatis Serovar B Antigen,Chlamydia trachomatis Serovar B,100,11.0,8.33,1,1.0
IEDB_64084,Chlamydia trachomatis Serovar L1 Antigen,Chlamydia trachomatis Serovar L1,100,11.0,19.77,1,1.0
IEDB_64171,Chlamydia trachomatis Serovar L1 Antigen,Chlamydia trachomatis Serovar L1,100,11.0,21.34,1,1.0
IEDB_64322,Chlamydia trachomatis serovar K Antigen,Chlamydia trachomatis serovar K,100,11.0,-14.57,1,1.0
IEDB_64622,Chlamydia trachomatis serovar K Antigen,Chlamydia trachomatis serovar K,100,11.0,3.53,1,1.0
IEDB_64704,Leishmania donovani Antigen,Leishmania donovani,100,11.0,60.27,1,1.0
IEDB_64885,Chlamydia trachomatis Serovar B Antigen,Chlamydia trachomatis Serovar B,100,11.0,-18.38,1,1.0
IEDB_65063,Leptospira interrogans serovar Copenhageni str. Fiocruz L1-130 Antigen,Leptospira interrogans serovar Copenhageni str. Fiocruz L1-130,100,11.0,37.62,1,1.0
IEDB_65154,Leptospira interrogans serovar Copenhageni str. Fiocruz L1-130 Antigen,Leptospira interrogans serovar Copenhageni str. Fiocruz L1-130,100,11.0,-7.08,1,1.0
IEDB_65747,Salmonella enterica subsp. enterica serovar Typhimurium Antigen,Salmonella enterica subsp. enterica serovar Typhimurium,100,11.0,8.75,1,1.0
IEDB_65778,Chlamydia trachomatis Serovar B Antigen,Chlamydia trachomatis Serovar B,100,11.0,8.33,1,1.0
IEDB_66045,Chlamydia trachomatis Serovar L2 Antigen,Chlamydia trachomatis Serovar L2,100,11.0,23.69,1,1.0
IEDB_66378,Chlamydia trachomatis serovar K Antigen,Chlamydia trachomatis serovar K,100,11.0,14.61,1,1.0
IEDB_66481,Chlamydia trachomatis Serovar B Antigen,Chlamydia trachomatis Serovar B,100,11.0,30.54,1,1.0
IEDB_66496,Chlamydia trachomatis Serovar L1 Antigen,Chlamydia trachomatis Serovar L1,100,11.0,6.12,1,1.0
IEDB_66548,Leishmania donovani Antigen,Leishmania donovani,100,11.0,36.73,1,1.0
IEDB_66942,Bacillus thuringiensis serovar san diego Antigen,Bacillus thuringiensis serovar san diego,100,11.0,13.8,1,1.0
IEDB_66956,Leishmania donovani Antigen,Leishmania donovani,100,11.0,27.3,1,1.0
IEDB_67235,Chlamydia trachomatis Serovar C Antigen,Chlamydia trachomatis Serovar C,100,11.0,45.11,1,1.0
IEDB_67525,Chlamydia trachomatis Serovar L1 Antigen,Chlamydia trachomatis Serovar L1,100,11.0,-7.82,1,1.0
IEDB_67809,Chlamydia trachomatis serovar K Antigen,Chlamydia trachomatis serovar K,100,11.0,28.26,1,1.0
IEDB_68334,Chlamydia trachomatis Serovar L1 Antigen,Chlamydia trachomatis Serovar L1,100,11.0,-7.03,1,1.0
IEDB_68389,Leishmania donovani Antigen,Leishmania donovani,100,11.0,60.24,1,1.0
IEDB_68390,Leishmania donovani Antigen,Leishmania donovani,100,11.0,55.72,1,1.0
IEDB_68436,Chlamydia trachomatis Serovar L1 Antigen,Chlamydia trachomatis Serovar L1,100,11.0,-48.48,1,1.0
IEDB_68950,Chlamydia trachomatis Serovar B Antigen,Chlamydia trachomatis Serovar B,100,11.0,3.53,1,1.0
IEDB_69671,Chlamydia trachomatis Serovar F Antigen,Chlamydia trachomatis Serovar F,100,11.0,-4.23,1,1.0
IEDB_69771,Chlamydia trachomatis Serovar L2 Antigen,Chlamydia trachomatis Serovar L2,100,11.0,1.99,1,1.0
IEDB_70076,Salmonella enterica subsp. enterica serovar Typhi Antigen,Salmonella enterica subsp. enterica serovar Typhi,100,11.0,42.26,1,1.0
IEDB_70239,Salmonella enterica subsp. enterica serovar Typhimurium str. SL1344 Antigen,Salmonella enterica subsp. enterica serovar Typhimurium str. SL1344,100,11.0,-12.01,1,1.0
IEDB_70657,Chlamydia trachomatis Serovar B Antigen,Chlamydia trachomatis Serovar B,100,11.0,62.67,1,1.0
IEDB_71051,Leptospira interrogans serovar Copenhageni str. Fiocruz L1-130 Antigen,Leptospira interrogans serovar Copenhageni str. Fiocruz L1-130,100,11.0,-45.02,1,1.0
IEDB_71316,Chlamydia trachomatis Serovar L2 Antigen,Chlamydia trachomatis Serovar L2,100,11.0,17.56,1,1.0
IEDB_71455,Chlamydia trachomatis serovar K Antigen,Chlamydia trachomatis serovar K,100,11.0,26.6,1,1.0
IEDB_72356,Salmonella enterica subsp. enterica serovar Typhimurium Antigen,Salmonella enterica subsp. enterica serovar Typhimurium,100,11.0,113.34,1,1.0
IEDB_72597,Chlamydia trachomatis Serovar L1 Antigen,Chlamydia trachomatis Serovar L1,100,11.0,-7.91,1,1.0
IEDB_73083,Chlamydia trachomatis Serovar L1 Antigen,Chlamydia trachomatis Serovar L1,100,11.0,24.19,1,1.0
IEDB_73254,Leishmania donovani Antigen,Leishmania donovani,100,11.0,27.3,1,1.0
IEDB_73299,Leishmania donovani Antigen,Leishmania donovani,100,11.0,-8.92,1,1.0
IEDB_74276,Salmonella enterica subsp. enterica serovar Typhimurium Antigen,Salmonella enterica subsp. enterica serovar Typhimurium,100,11.0,8.89,1,1.0
IEDB_74685,Salmonella enterica subsp. enterica serovar Typhimurium Antigen,Salmonella enterica subsp. enterica serovar Typhimurium,100,11.0,111.44,1,1.0
IEDB_75101,Salmonella enterica subsp. enterica serovar Typhimurium Antigen,Salmonella enterica subsp. enterica serovar Typhimurium,100,11.0,0.51,1,1.0
IEDB_75140,Salmonella enterica subsp. enterica serovar Typhimurium Antigen,Salmonella enterica subsp. enterica serovar Typhimurium,100,11.0,114.22,1,1.0
IEDB_75369,Chlamydia trachomatis serovar K Antigen,Chlamydia trachomatis serovar K,100,11.0,8.0,1,1.0
IEDB_75527,Salmonella enterica subsp. enterica serovar Typhi Antigen,Salmonella enterica subsp. enterica serovar Typhi,100,11.0,17.39,1,1.0
IEDB_75596,Chlamydia trachomatis Serovar L1 Antigen,Chlamydia trachomatis Serovar L1,100,11.0,-2.18,1,1.0
IEDB_77452,Chlamydia trachomatis Serovar B Antigen,Chlamydia trachomatis Serovar B,100,11.0,17.16,1,1.0
IEDB_77472,Chlamydia trachomatis Serovar B Antigen,Chlamydia trachomatis Serovar B,100,11.0,39.18,1,1.0
IEDB_77485,Chlamydia trachomatis Serovar B Antigen,Chlamydia trachomatis Serovar B,100,11.0,20.84,1,1.0
IEDB_77564,Chlamydia trachomatis Serovar B Antigen,Chlamydia trachomatis Serovar B,100,11.0,11.77,1,1.0
IEDB_77587,Chlamydia trachomatis Serovar B Antigen,Chlamydia trachomatis Serovar B,100,11.0,5.87,1,1.0
IEDB_78161,Chlamydia trachomatis Serovar C Antigen,Chlamydia trachomatis Serovar C,100,11.0,36.28,1,1.0
IEDB_78189,Chlamydia trachomatis Serovar L1 Antigen,Chlamydia trachomatis Serovar L1,100,11.0,40.43,1,1.0
IEDB_78234,Chlamydia trachomatis Serovar B Antigen,Chlamydia trachomatis Serovar B,100,11.0,26.52,1,1.0
IEDB_78235,Chlamydia trachomatis Serovar C Antigen,Chlamydia trachomatis Serovar C,100,11.0,32.03,1,1.0
IEDB_78279,Chlamydia trachomatis Serovar L1 Antigen,Chlamydia trachomatis Serovar L1,100,11.0,40.43,1,1.0
IEDB_78281,Chlamydia trachomatis Serovar B Antigen,Chlamydia trachomatis Serovar B,100,11.0,11.97,1,1.0
IEDB_78505,Chlamydia trachomatis Serovar A Antigen,Chlamydia trachomatis Serovar A,100,11.0,19.76,1,1.0
IEDB_78516,Chlamydia trachomatis Serovar A Antigen,Chlamydia trachomatis Serovar A,100,11.0,63.91,1,1.0
IEDB_78517,Chlamydia trachomatis Serovar A Antigen,Chlamydia trachomatis Serovar A,100,11.0,20.6,1,1.0
IEDB_78520,Chlamydia trachomatis Serovar A Antigen,Chlamydia trachomatis Serovar A,100,11.0,1.24,1,1.0
IEDB_78522,Chlamydia trachomatis Serovar A Antigen,Chlamydia trachomatis Serovar A,100,11.0,0.39,1,1.0
IEDB_78550,Chlamydia trachomatis Serovar A Antigen,Chlamydia trachomatis Serovar A,100,11.0,21.9,1,1.0
IEDB_78563,Chlamydia trachomatis Serovar A Antigen,Chlamydia trachomatis Serovar A,100,11.0,-1.64,1,1.0
IEDB_78569,Chlamydia trachomatis Serovar A Antigen,Chlamydia trachomatis Serovar A,100,11.0,-2.16,1,1.0
IEDB_78573,Chlamydia trachomatis Serovar A Antigen,Chlamydia trachomatis Serovar A,100,11.0,45.1,1,1.0
IEDB_78581,Chlamydia trachomatis Serovar A Antigen,Chlamydia trachomatis Serovar A,100,11.0,29.46,1,1.0
IEDB_78585,Chlamydia trachomatis Serovar A Antigen,Chlamydia trachomatis Serovar A,100,11.0,50.28,1,1.0
IEDB_78587,Chlamydia trachomatis Serovar A Antigen,Chlamydia trachomatis Serovar A,100,11.0,26.47,1,1.0
IEDB_78593,Chlamydia trachomatis Serovar A Antigen,Chlamydia trachomatis Serovar A,100,11.0,14.32,1,1.0
IEDB_78614,Chlamydia trachomatis Serovar A Antigen,Chlamydia trachomatis Serovar A,100,11.0,25.38,1,1.0
IEDB_78615,Chlamydia trachomatis Serovar A Antigen,Chlamydia trachomatis Serovar A,100,11.0,17.88,1,1.0
IEDB_78617,Chlamydia trachomatis Serovar A Antigen,Chlamydia trachomatis Serovar A,100,11.0,46.68,1,1.0
IEDB_78620,Chlamydia trachomatis Serovar A Antigen,Chlamydia trachomatis Serovar A,100,11.0,-9.86,1,1.0
IEDB_78633,Chlamydia trachomatis Serovar A Antigen,Chlamydia trachomatis Serovar A,100,11.0,29.32,1,1.0
IEDB_78663,Chlamydia trachomatis Serovar A Antigen,Chlamydia trachomatis Serovar A,100,11.0,1.93,1,1.0
IEDB_78667,Chlamydia trachomatis Serovar A Antigen,Chlamydia trachomatis Serovar A,100,11.0,42.48,1,1.0
IEDB_78670,Chlamydia trachomatis Serovar A Antigen,Chlamydia trachomatis Serovar A,100,11.0,20.68,1,1.0
IEDB_78678,Chlamydia trachomatis Serovar A Antigen,Chlamydia trachomatis Serovar A,100,11.0,17.05,1,1.0
IEDB_78680,Chlamydia trachomatis Serovar A Antigen,Chlamydia trachomatis Serovar A,100,11.0,57.44,1,1.0
IEDB_79006,Chlamydia trachomatis Serovar L2 Antigen,Chlamydia trachomatis Serovar L2,100,11.0,45.11,1,1.0
IEDB_79435,Chlamydia trachomatis Serovar L2 Antigen,Chlamydia trachomatis Serovar L2,100,11.0,8.33,1,1.0
IEDB_79487,Chlamydia trachomatis Serovar E Antigen,Chlamydia trachomatis Serovar E,100,11.0,28.9,1,1.0
IEDB_81573,Chlamydia trachomatis Serovar E Antigen,Chlamydia trachomatis Serovar E,100,11.0,3.53,1,1.0
IEDB_84615,Chlamydia trachomatis Serovar B Antigen,Chlamydia trachomatis Serovar B,100,11.0,4.46,1,1.0
IEDB_88307,Chlamydia trachomatis Serovar E Antigen,Chlamydia trachomatis Serovar E,100,11.0,3.85,1,1.0
IEDB_88746,Chlamydia trachomatis Serovar E Antigen,Chlamydia trachomatis Serovar E,100,11.0,3.53,1,1.0
IEDB_89047,Chlamydia trachomatis Serovar E Antigen,Chlamydia trachomatis Serovar E,100,11.0,3.53,1,1.0
IEDB_91274,Salmonella enterica subsp. enterica serovar Typhimurium str. LT2 Antigen,Salmonella enterica subsp. enterica serovar Typhimurium str. LT2,100,11.0,5.69,1,1.0
IEDB_91294,Salmonella enterica subsp. enterica serovar Paratyphi A str. AKU 12601 Antigen,Salmonella enterica subsp. enterica serovar Paratyphi A str. AKU 12601,100,11.0,8.89,1,1.0
IEDB_91301,Salmonella enterica subsp. enterica serovar Typhimurium str. LT2 Antigen,Salmonella enterica subsp. enterica serovar Typhimurium str. LT2,100,11.0,120.24,1,1.0
IEDB_91370,Salmonella enterica subsp. enterica serovar Virchow Antigen,Salmonella enterica subsp. enterica serovar Virchow,100,11.0,60.74,1,1.0
IEDB_91418,Salmonella enterica subsp. enterica serovar Paratyphi A str. ATCC 9150 Antigen,Salmonella enterica subsp. enterica serovar Paratyphi A str. ATCC 9150,100,11.0,27.09,1,1.0
IEDB_91501,Salmonella enterica subsp. enterica serovar Typhimurium str. LT2 Antigen,Salmonella enterica subsp. enterica serovar Typhimurium str. LT2,100,11.0,90.73,1,1.0
IEDB_91599,Vibrio cholerae O1 biovar El Tor Antigen,Vibrio cholerae O1 biovar El Tor,100,11.0,30.29,1,1.0
IEDB_91633,Salmonella enterica subsp. enterica serovar Typhi Antigen,Salmonella enterica subsp. enterica serovar Typhi,100,11.0,102.7,1,1.0
IEDB_91636,Salmonella enterica subsp. enterica serovar Typhimurium str. LT2 Antigen,Salmonella enterica subsp. enterica serovar Typhimurium str. LT2,100,11.0,31.52,1,1.0
IEDB_91700,Salmonella enterica subsp. enterica serovar Typhimurium str. LT2 Antigen,Salmonella enterica subsp. enterica serovar Typhimurium str. LT2,100,11.0,12.48,1,1.0
IEDB_91764,Chlamydia trachomatis Serovar L1 Antigen,Chlamydia trachomatis Serovar L1,100,11.0,39.5,1,1.0
IEDB_91826,Salmonella enterica subsp. enterica serovar Typhimurium str. LT2 Antigen,Salmonella enterica subsp. enterica serovar Typhimurium str. LT2,100,11.0,63.22,1,1.0
IEDB_91853,Salmonella enterica subsp. enterica serovar Typhimurium str. LT2 Antigen,Salmonella enterica subsp. enterica serovar Typhimurium str. LT2,100,11.0,39.9,1,1.0
IEDB_91856,Listeria welshimeri serovar 6b str. SLCC5334 Antigen,Listeria welshimeri serovar 6b str. SLCC5334,100,11.0,120.72,1,1.0
IEDB_91858,Salmonella enterica subsp. enterica serovar Typhimurium str. LT2 Antigen,Salmonella enterica subsp. enterica serovar Typhimurium str. LT2,100,11.0,-17.24,1,1.0
IEDB_91864,Salmonella enterica subsp. enterica serovar Berta Antigen,Salmonella enterica subsp. enterica serovar Berta,100,11.0,43.31,1,1.0
IEDB_91992,Salmonella enterica subsp. enterica serovar Choleraesuis str. SC-B67 Antigen,Salmonella enterica subsp. enterica serovar Choleraesuis str. SC-B67,100,11.0,-24.51,1,1.0
IEDB_92003,Salmonella enterica subsp. enterica serovar Typhi str. CT18 Antigen,Salmonella enterica subsp. enterica serovar Typhi str. CT18,100,11.0,8.89,1,1.0
IEDB_92098,Salmonella enterica subsp. enterica serovar Typhimurium Antigen,Salmonella enterica subsp. enterica serovar Typhimurium,100,11.0,17.87,1,1.0
IEDB_92145,Salmonella enterica subsp. enterica serovar Typhimurium Antigen,Salmonella enterica subsp. enterica serovar Typhimurium,100,11.0,-28.77,1,1.0
IEDB_92148,Salmonella enterica subsp. enterica serovar Typhimurium Antigen,Salmonella enterica subsp. enterica serovar Typhimurium,100,11.0,0.51,1,1.0
IEDB_92232,Chlamydia trachomatis Serovar L1 Antigen,Chlamydia trachomatis Serovar L1,100,11.0,-8.1,1,1.0
IEDB_92305,Salmonella enterica subsp. enterica serovar Typhimurium str. LT2 Antigen,Salmonella enterica subsp. enterica serovar Typhimurium str. LT2,100,11.0,16.83,1,1.0
IEDB_92347,Salmonella enterica subsp. enterica serovar Typhi str. CT18 Antigen,Salmonella enterica subsp. enterica serovar Typhi str. CT18,100,11.0,89.89,1,1.0
IEDB_92355,Salmonella enterica subsp. enterica serovar Typhi Antigen,Salmonella enterica subsp. enterica serovar Typhi,100,11.0,-0.56,1,1.0
IEDB_92378,"Salmonella enterica subsp. arizonae serovar 62:z4,z23:- Antigen","Salmonella enterica subsp. arizonae serovar 62:z4,z23:-",100,11.0,63.04,1,1.0
IEDB_92595,Salmonella enterica subsp. enterica serovar Typhimurium Antigen,Salmonella enterica subsp. enterica serovar Typhimurium,100,11.0,0.51,1,1.0
IEDB_92644,Salmonella enterica subsp. enterica serovar Typhimurium str. LT2 Antigen,Salmonella enterica subsp. enterica serovar Typhimurium str. LT2,100,11.0,-0.54,1,1.0
IEDB_92648,Salmonella enterica subsp. enterica serovar Typhimurium str. LT2 Antigen,Salmonella enterica subsp. enterica serovar Typhimurium str. LT2,100,11.0,49.33,1,1.0
IEDB_92659,"Salmonella enterica subsp. arizonae serovar 62:z4,z23:- Antigen","Salmonella enterica subsp. arizonae serovar 62:z4,z23:-",100,11.0,79.11,1,1.0
IEDB_92726,Salmonella enterica subsp. enterica serovar Choleraesuis str. SC-B67 Antigen,Salmonella enterica subsp. enterica serovar Choleraesuis str. SC-B67,100,11.0,-0.54,1,1.0
IEDB_92743,Salmonella enterica subsp. enterica serovar Typhimurium Antigen,Salmonella enterica subsp. enterica serovar Typhimurium,100,11.0,-13.18,1,1.0
IEDB_92759,Salmonella enterica subsp. enterica serovar Typhimurium str. LT2 Antigen,Salmonella enterica subsp. enterica serovar Typhimurium str. LT2,100,11.0,86.24,1,1.0
IEDB_92820,Chlamydia trachomatis Serovar B Antigen,Chlamydia trachomatis Serovar B,100,11.0,15.9,1,1.0
IEDB_92853,Salmonella enterica subsp. enterica serovar Typhimurium str. LT2 Antigen,Salmonella enterica subsp. enterica serovar Typhimurium str. LT2,100,11.0,12.48,1,1.0
IEDB_92888,Salmonella enterica subsp. enterica serovar Typhimurium str. LT2 Antigen,Salmonella enterica subsp. enterica serovar Typhimurium str. LT2,100,11.0,20.86,1,1.0
IEDB_92911,Salmonella enterica subsp. enterica serovar Typhimurium str. LT2 Antigen,Salmonella enterica subsp. enterica serovar Typhimurium str. LT2,100,11.0,22.6,1,1.0
IEDB_92918,Salmonella enterica subsp. enterica serovar Typhimurium str. LT2 Antigen,Salmonella enterica subsp. enterica serovar Typhimurium str. LT2,100,11.0,110.33,1,1.0
IEDB_92933,Salmonella enterica subsp. enterica serovar Typhi Antigen,Salmonella enterica subsp. enterica serovar Typhi,100,11.0,0.51,1,1.0
IEDB_92990,Chlamydia trachomatis Serovar L1 Antigen,Chlamydia trachomatis Serovar L1,100,11.0,-26.21,1,1.0
IEDB_93010,Salmonella enterica subsp. enterica serovar Typhimurium str. LT2 Antigen,Salmonella enterica subsp. enterica serovar Typhimurium str. LT2,100,11.0,92.13,1,1.0
IEDB_93034,Salmonella enterica subsp. enterica serovar Typhimurium Antigen,Salmonella enterica subsp. enterica serovar Typhimurium,100,11.0,63.1,1,1.0
IEDB_93037,Salmonella enterica subsp. enterica serovar Typhimurium Antigen,Salmonella enterica subsp. enterica serovar Typhimurium,100,11.0,-2.69,1,1.0
IEDB_93053,Bacillus thuringiensis serovar sotto str. T04001 Antigen,Bacillus thuringiensis serovar sotto str. T04001,100,11.0,35.2,1,1.0
IEDB_93175,Salmonella enterica subsp. enterica serovar Typhimurium str. LT2 Antigen,Salmonella enterica subsp. enterica serovar Typhimurium str. LT2,100,11.0,11.5,1,1.0
IEDB_93176,Salmonella enterica subsp. enterica serovar Typhimurium Antigen,Salmonella enterica subsp. enterica serovar Typhimurium,100,11.0,35.62,1,1.0
IEDB_93185,Salmonella enterica subsp. enterica serovar Typhimurium str. LT2 Antigen,Salmonella enterica subsp. enterica serovar Typhimurium str. LT2,100,11.0,9.86,1,1.0
IEDB_93188,Salmonella enterica subsp. enterica serovar Typhi Antigen,Salmonella enterica subsp. enterica serovar Typhi,100,11.0,5.21,1,1.0
IEDB_93256,Salmonella enterica subsp. enterica serovar Typhi Antigen,Salmonella enterica subsp. enterica serovar Typhi,100,11.0,34.57,1,1.0
IEDB_93303,Salmonella enterica subsp. enterica serovar Typhimurium Antigen,Salmonella enterica subsp. enterica serovar Typhimurium,100,11.0,8.89,1,1.0
IEDB_93308,Salmonella enterica subsp. enterica serovar Typhimurium Antigen,Salmonella enterica subsp. enterica serovar Typhimurium,100,11.0,37.33,1,1.0
IEDB_93312,Salmonella enterica subsp. enterica serovar Typhimurium Antigen,Salmonella enterica subsp. enterica serovar Typhimurium,100,11.0,119.61,1,1.0
IEDB_93318,Salmonella enterica subsp. enterica serovar Typhimurium Antigen,Salmonella enterica subsp. enterica serovar Typhimurium,100,11.0,-17.24,1,1.0
IEDB_93676,Chlamydia trachomatis Serovar B Antigen,Chlamydia trachomatis Serovar B,100,11.0,38.87,1,1.0
IEDB_93742,Chlamydia trachomatis Serovar B Antigen,Chlamydia trachomatis Serovar B,100,11.0,-11.27,1,1.0
IEDB_93853,Chlamydia trachomatis Serovar B Antigen,Chlamydia trachomatis Serovar B,100,11.0,-1.46,1,1.0
IEDB_93855,Chlamydia trachomatis Serovar B Antigen,Chlamydia trachomatis Serovar B,100,11.0,-10.16,1,1.0
IEDB_93866,Chlamydia trachomatis Serovar B Antigen,Chlamydia trachomatis Serovar B,100,11.0,28.67,1,1.0
IEDB_94762,Chlamydia trachomatis Serovar E Antigen,Chlamydia trachomatis Serovar E,100,11.0,4.46,1,1.0
IEDB_94881,Chlamydia trachomatis Serovar B Antigen,Chlamydia trachomatis Serovar B,100,11.0,28.9,1,1.0
IEDB_95043,Chlamydia trachomatis Serovar B Antigen,Chlamydia trachomatis Serovar B,100,11.0,8.33,1,1.0
IEDB_95145,Chlamydia trachomatis Serovar B Antigen,Chlamydia trachomatis Serovar B,100,11.0,-16.72,1,1.0
IEDB_95200,Chlamydia trachomatis Serovar B Antigen,Chlamydia trachomatis Serovar B,100,11.0,14.75,1,1.0
IEDB_95595,Chlamydia trachomatis Serovar B Antigen,Chlamydia trachomatis Serovar B,100,11.0,-16.72,1,1.0
IEDB_103698,Chlamydia trachomatis Serovar H Antigen,Chlamydia trachomatis Serovar H,100,11.0,28.9,1,1.0
IEDB_103699,Chlamydia trachomatis Serovar J Antigen,Chlamydia trachomatis Serovar J,100,11.0,39.55,1,1.0
IEDB_103700,Chlamydia trachomatis Serovar A Antigen,Chlamydia trachomatis Serovar A,100,11.0,25.79,1,1.0
IEDB_103701,Chlamydia trachomatis Serovar A Antigen,Chlamydia trachomatis Serovar A,100,11.0,8.0,1,1.0
IEDB_103703,Chlamydia trachomatis Serovar B Antigen,Chlamydia trachomatis Serovar B,100,11.0,8.0,1,1.0
IEDB_103718,Chlamydia trachomatis Serovar L2 Antigen,Chlamydia trachomatis Serovar L2,100,11.0,-5.82,1,1.0
IEDB_103767,Chlamydia trachomatis Serovar H Antigen,Chlamydia trachomatis Serovar H,100,11.0,89.0,1,1.0
IEDB_103768,Chlamydia trachomatis Serovar B Antigen,Chlamydia trachomatis Serovar B,100,11.0,7.5,1,1.0
IEDB_103770,Chlamydia trachomatis Serovar C Antigen,Chlamydia trachomatis Serovar C,100,11.0,5.0,1,1.0
IEDB_103771,Chlamydia trachomatis Serovar C Antigen,Chlamydia trachomatis Serovar C,100,11.0,6.67,1,1.0
IEDB_103778,Chlamydia trachomatis Serovar J Antigen,Chlamydia trachomatis Serovar J,100,11.0,8.0,1,1.0
IEDB_103782,Chlamydia trachomatis Serovar C Antigen,Chlamydia trachomatis Serovar C,100,11.0,-21.63,1,1.0
IEDB_103792,Chlamydia trachomatis Serovar I Antigen,Chlamydia trachomatis Serovar I,100,11.0,46.52,1,1.0
IEDB_103798,Chlamydia trachomatis Serovar L2 Antigen,Chlamydia trachomatis Serovar L2,100,11.0,7.5,1,1.0
IEDB_103810,Chlamydia trachomatis Serovar B Antigen,Chlamydia trachomatis Serovar B,100,11.0,15.7,1,1.0
IEDB_103854,Chlamydia trachomatis Serovar A Antigen,Chlamydia trachomatis Serovar A,100,11.0,8.0,1,1.0
IEDB_103867,Chlamydia trachomatis Serovar L2 Antigen,Chlamydia trachomatis Serovar L2,100,11.0,8.33,1,1.0
IEDB_103876,Chlamydia trachomatis Serovar I Antigen,Chlamydia trachomatis Serovar I,100,11.0,26.28,1,1.0
IEDB_103886,Chlamydia trachomatis Serovar C Antigen,Chlamydia trachomatis Serovar C,100,11.0,26.28,1,1.0
IEDB_103890,Chlamydia trachomatis Serovar C Antigen,Chlamydia trachomatis Serovar C,100,11.0,-7.98,1,1.0
IEDB_103909,Chlamydia trachomatis Serovar A Antigen,Chlamydia trachomatis Serovar A,100,11.0,-16.72,1,1.0
IEDB_103910,Chlamydia trachomatis Serovar J Antigen,Chlamydia trachomatis Serovar J,100,11.0,-8.98,1,1.0
IEDB_103912,Chlamydia trachomatis Serovar I Antigen,Chlamydia trachomatis Serovar I,100,11.0,8.0,1,1.0
IEDB_103943,Chlamydia trachomatis Serovar B Antigen,Chlamydia trachomatis Serovar B,100,11.0,8.0,1,1.0
IEDB_104042,Chlamydia trachomatis Serovar B Antigen,Chlamydia trachomatis Serovar B,100,11.0,-24.06,1,1.0
IEDB_104135,Chlamydia trachomatis Serovar A Antigen,Chlamydia trachomatis Serovar A,100,11.0,6.67,1,1.0
IEDB_104136,Chlamydia trachomatis Serovar I Antigen,Chlamydia trachomatis Serovar I,100,11.0,8.33,1,1.0
IEDB_104140,Chlamydia trachomatis Serovar L2 Antigen,Chlamydia trachomatis Serovar L2,100,11.0,29.54,1,1.0
IEDB_104145,Chlamydia trachomatis Serovar J Antigen,Chlamydia trachomatis Serovar J,100,11.0,70.87,1,1.0
IEDB_104170,Chlamydia trachomatis Serovar C Antigen,Chlamydia trachomatis Serovar C,100,11.0,8.33,1,1.0
IEDB_104171,Chlamydia trachomatis Serovar L2 Antigen,Chlamydia trachomatis Serovar L2,100,11.0,-49.93,1,1.0
IEDB_104175,Chlamydia trachomatis Serovar H Antigen,Chlamydia trachomatis Serovar H,100,11.0,27.87,1,1.0
IEDB_104176,Chlamydia trachomatis Serovar A Antigen,Chlamydia trachomatis Serovar A,100,11.0,12.48,1,1.0
IEDB_104177,Chlamydia trachomatis Serovar J Antigen,Chlamydia trachomatis Serovar J,100,11.0,51.2,1,1.0
IEDB_104178,Chlamydia trachomatis Serovar C Antigen,Chlamydia trachomatis Serovar C,100,11.0,30.71,1,1.0
IEDB_104183,Chlamydia trachomatis Serovar I Antigen,Chlamydia trachomatis Serovar I,100,11.0,76.05,1,1.0
IEDB_104185,Chlamydia trachomatis Serovar C Antigen,Chlamydia trachomatis Serovar C,100,11.0,2.24,1,1.0
IEDB_104195,Chlamydia trachomatis Serovar L2 Antigen,Chlamydia trachomatis Serovar L2,100,11.0,14.75,1,1.0
IEDB_104211,Chlamydia trachomatis Serovar I Antigen,Chlamydia trachomatis Serovar I,100,11.0,-37.45,1,1.0
IEDB_104213,Chlamydia trachomatis Serovar L2 Antigen,Chlamydia trachomatis Serovar L2,100,11.0,-21.63,1,1.0
IEDB_104214,Chlamydia trachomatis Serovar A Antigen,Chlamydia trachomatis Serovar A,100,11.0,40.43,1,1.0
IEDB_105796,Salmonella enterica subsp. enterica serovar Typhimurium Antigen,Salmonella enterica subsp. enterica serovar Typhimurium,100,11.0,25.35,1,1.0
IEDB_107328,Salmonella enterica subsp. enterica serovar Paratyphi A Antigen,Salmonella enterica subsp. enterica serovar Paratyphi A,100,11.0,76.12,1,1.0
IEDB_107817,Salmonella enterica subsp. enterica serovar Typhi Antigen,Salmonella enterica subsp. enterica serovar Typhi,100,11.0,20.86,1,1.0
IEDB_107852,Salmonella enterica subsp. enterica serovar Typhi Antigen,Salmonella enterica subsp. enterica serovar Typhi,100,11.0,73.96,1,1.0
IEDB_107954,Salmonella enterica subsp. enterica serovar Typhimurium Antigen,Salmonella enterica subsp. enterica serovar Typhimurium,100,11.0,111.87,1,1.0
IEDB_107961,Salmonella enterica subsp. enterica serovar Typhimurium Antigen,Salmonella enterica subsp. enterica serovar Typhimurium,100,11.0,77.96,1,1.0
IEDB_108130,Salmonella enterica subsp. enterica serovar Typhimurium Antigen,Salmonella enterica subsp. enterica serovar Typhimurium,100,11.0,26.19,1,1.0
IEDB_108158,Salmonella enterica subsp. enterica serovar Typhimurium Antigen,Salmonella enterica subsp. enterica serovar Typhimurium,100,11.0,104.31,1,1.0
IEDB_108316,Salmonella enterica subsp. enterica serovar Typhi Antigen,Salmonella enterica subsp. enterica serovar Typhi,100,11.0,30.29,1,1.0
IEDB_108431,Salmonella enterica subsp. enterica serovar Typhimurium str. LT2 Antigen,Salmonella enterica subsp. enterica serovar Typhimurium str. LT2,100,11.0,33.98,1,1.0
IEDB_108632,Salmonella enterica subsp. enterica serovar Typhimurium Antigen,Salmonella enterica subsp. enterica serovar Typhimurium,100,11.0,-16.19,1,1.0
IEDB_113405,Chlamydia trachomatis Serovar L2 Antigen,Chlamydia trachomatis Serovar L2,100,11.0,57.08,1,1.0
IEDB_116550,Salmonella enterica subsp. enterica serovar Typhi str. 404ty Antigen,Salmonella enterica subsp. enterica serovar Typhi str. 404ty,100,11.0,27.3,1,1.0
IEDB_116558,Salmonella enterica subsp. enterica serovar Indiana Antigen,Salmonella enterica subsp. enterica serovar Indiana,100,11.0,-24.51,1,1.0
IEDB_116560,Salmonella enterica subsp. enterica serovar Typhimurium Antigen,Salmonella enterica subsp. enterica serovar Typhimurium,100,11.0,-7.81,1,1.0
IEDB_121997,Salmonella enterica subsp. enterica serovar Typhi str. CT18 Antigen,Salmonella enterica subsp. enterica serovar Typhi str. CT18,100,11.0,35.68,1,1.0
IEDB_122001,Salmonella enterica subsp. enterica serovar Typhi Antigen,Salmonella enterica subsp. enterica serovar Typhi,100,11.0,97.1,1,1.0
IEDB_122005,Salmonella enterica subsp. enterica serovar Typhi str. CT18 Antigen,Salmonella enterica subsp. enterica serovar Typhi str. CT18,100,11.0,65.4,1,1.0
IEDB_122025,Salmonella enterica subsp. enterica serovar Typhi Antigen,Salmonella enterica subsp. enterica serovar Typhi,100,11.0,45.71,1,1.0
IEDB_122031,Salmonella enterica subsp. enterica serovar Typhi Antigen,Salmonella enterica subsp. enterica serovar Typhi,100,11.0,42.26,1,1.0
IEDB_122040,Salmonella enterica subsp. enterica serovar Typhi str. CT18 Antigen,Salmonella enterica subsp. enterica serovar Typhi str. CT18,100,11.0,20.86,1,1.0
IEDB_122047,Salmonella enterica subsp. enterica serovar Typhi Antigen,Salmonella enterica subsp. enterica serovar Typhi,100,11.0,22.6,1,1.0
IEDB_122100,Actinobacillus pleuropneumoniae serovar 1 str. 4074 Antigen,Actinobacillus pleuropneumoniae serovar 1 str. 4074,100,11.0,29.43,1,1.0
IEDB_122166,Salmonella enterica subsp. enterica serovar Typhi str. CT18 Antigen,Salmonella enterica subsp. enterica serovar Typhi str. CT18,100,11.0,11.42,1,1.0
IEDB_122169,Salmonella enterica subsp. enterica serovar Typhi Antigen,Salmonella enterica subsp. enterica serovar Typhi,100,11.0,-17.3,1,1.0
IEDB_122197,Salmonella enterica subsp. enterica serovar Typhi str. CT18 Antigen,Salmonella enterica subsp. enterica serovar Typhi str. CT18,100,11.0,64.71,1,1.0
IEDB_122202,Salmonella enterica subsp. enterica serovar Typhi Antigen,Salmonella enterica subsp. enterica serovar Typhi,100,11.0,42.26,1,1.0
IEDB_122215,Salmonella enterica subsp. enterica serovar Paratyphi B str. SPB7 Antigen,Salmonella enterica subsp. enterica serovar Paratyphi B str. SPB7,100,11.0,22.6,1,1.0
IEDB_122222,Salmonella enterica subsp. enterica serovar Typhi str. CT18 Antigen,Salmonella enterica subsp. enterica serovar Typhi str. CT18,100,11.0,0.51,1,1.0
IEDB_122226,Salmonella enterica subsp. enterica serovar Typhi Antigen,Salmonella enterica subsp. enterica serovar Typhi,100,11.0,-6.73,1,1.0
IEDB_122241,Salmonella enterica subsp. enterica serovar Typhi str. CT18 Antigen,Salmonella enterica subsp. enterica serovar Typhi str. CT18,100,11.0,-3.11,1,1.0
IEDB_122318,Salmonella enterica subsp. enterica serovar Typhi Antigen,Salmonella enterica subsp. enterica serovar Typhi,100,11.0,4.16,1,1.0
IEDB_122339,Salmonella enterica subsp. enterica serovar Typhi Antigen,Salmonella enterica subsp. enterica serovar Typhi,100,11.0,8.89,1,1.0
IEDB_122371,Salmonella enterica subsp. enterica serovar Typhi Antigen,Salmonella enterica subsp. enterica serovar Typhi,100,11.0,30.29,1,1.0
IEDB_122372,Salmonella enterica subsp. enterica serovar Typhi Antigen,Salmonella enterica subsp. enterica serovar Typhi,100,11.0,5.69,1,1.0
IEDB_122377,Salmonella enterica subsp. enterica serovar Typhi str. CT18 Antigen,Salmonella enterica subsp. enterica serovar Typhi str. CT18,100,11.0,39.9,1,1.0
IEDB_122378,Salmonella enterica subsp. enterica serovar Typhi str. CT18 Antigen,Salmonella enterica subsp. enterica serovar Typhi str. CT18,100,11.0,79.11,1,1.0
IEDB_122399,Salmonella enterica subsp. enterica serovar Typhi Antigen,Salmonella enterica subsp. enterica serovar Typhi,100,11.0,-7.81,1,1.0
IEDB_122407,Salmonella enterica subsp. enterica serovar Typhi Antigen,Salmonella enterica subsp. enterica serovar Typhi,100,11.0,5.9,1,1.0
IEDB_122409,Salmonella enterica subsp. enterica serovar Typhi str. CT18 Antigen,Salmonella enterica subsp. enterica serovar Typhi str. CT18,100,11.0,-19.41,1,1.0
IEDB_122411,Salmonella enterica subsp. enterica serovar Typhi Antigen,Salmonella enterica subsp. enterica serovar Typhi,100,11.0,8.89,1,1.0
IEDB_122453,Salmonella enterica subsp. enterica serovar Typhi str. CT18 Antigen,Salmonella enterica subsp. enterica serovar Typhi str. CT18,100,11.0,69.58,1,1.0
IEDB_122454,Salmonella enterica subsp. enterica serovar Typhi Antigen,Salmonella enterica subsp. enterica serovar Typhi,100,11.0,25.72,1,1.0
IEDB_122455,Salmonella enterica subsp. enterica serovar Paratyphi B str. SPB7 Antigen,Salmonella enterica subsp. enterica serovar Paratyphi B str. SPB7,100,11.0,77.96,1,1.0
IEDB_122456,Salmonella enterica subsp. enterica serovar Typhi Antigen,Salmonella enterica subsp. enterica serovar Typhi,100,11.0,126.78,1,1.0
IEDB_122473,Listeria welshimeri serovar 6b str. SLCC5334 Antigen,Listeria welshimeri serovar 6b str. SLCC5334,100,11.0,-38.2,1,1.0
IEDB_122504,Salmonella enterica subsp. enterica serovar Typhi Antigen,Salmonella enterica subsp. enterica serovar Typhi,100,11.0,8.89,1,1.0
IEDB_122541,Salmonella enterica subsp. enterica serovar Paratyphi B str. SPB7 Antigen,Salmonella enterica subsp. enterica serovar Paratyphi B str. SPB7,100,11.0,13.53,1,1.0
IEDB_122543,Salmonella enterica subsp. enterica serovar Typhi str. CT18 Antigen,Salmonella enterica subsp. enterica serovar Typhi str. CT18,100,11.0,75.91,1,1.0
IEDB_122547,Salmonella enterica subsp. enterica serovar Typhi Antigen,Salmonella enterica subsp. enterica serovar Typhi,100,11.0,108.2,1,1.0
IEDB_122575,Salmonella enterica subsp. enterica serovar Typhi str. CT18 Antigen,Salmonella enterica subsp. enterica serovar Typhi str. CT18,100,11.0,13.17,1,1.0
IEDB_122577,Salmonella enterica subsp. enterica serovar Typhi str. CT18 Antigen,Salmonella enterica subsp. enterica serovar Typhi str. CT18,100,11.0,13.59,1,1.0
IEDB_122590,Salmonella enterica subsp. enterica serovar Typhi Antigen,Salmonella enterica subsp. enterica serovar Typhi,100,11.0,54.51,1,1.0
IEDB_122593,Salmonella enterica subsp. enterica serovar Typhi str. CT18 Antigen,Salmonella enterica subsp. enterica serovar Typhi str. CT18,100,11.0,-30.99,1,1.0
IEDB_122597,Salmonella enterica subsp. enterica serovar Typhi str. CT18 Antigen,Salmonella enterica subsp. enterica serovar Typhi str. CT18,100,11.0,121.91,1,1.0
IEDB_122603,Salmonella enterica subsp. enterica serovar Typhi Antigen,Salmonella enterica subsp. enterica serovar Typhi,100,11.0,50.41,1,1.0
IEDB_122604,Salmonella enterica subsp. enterica serovar Typhi str. CT18 Antigen,Salmonella enterica subsp. enterica serovar Typhi str. CT18,100,11.0,39.9,1,1.0
IEDB_122613,Salmonella enterica subsp. enterica serovar Typhi Antigen,Salmonella enterica subsp. enterica serovar Typhi,100,11.0,60.96,1,1.0
IEDB_122614,Salmonella enterica subsp. enterica serovar Typhi Antigen,Salmonella enterica subsp. enterica serovar Typhi,100,11.0,-3.74,1,1.0
IEDB_122618,Salmonella enterica subsp. enterica serovar Typhi Antigen,Salmonella enterica subsp. enterica serovar Typhi,100,11.0,59.9,1,1.0
IEDB_122627,Salmonella enterica subsp. enterica serovar Typhi Antigen,Salmonella enterica subsp. enterica serovar Typhi,100,11.0,14.22,1,1.0
IEDB_122628,Salmonella enterica subsp. enterica serovar Typhimurium str. LT2 Antigen,Salmonella enterica subsp. enterica serovar Typhimurium str. LT2,100,11.0,-4.62,1,1.0
IEDB_122634,Bacillus thuringiensis serovar israelensis ATCC 35646 Antigen,Bacillus thuringiensis serovar israelensis ATCC 35646,100,11.0,8.89,1,1.0
IEDB_122647,Bacillus thuringiensis serovar israelensis ATCC 35646 Antigen,Bacillus thuringiensis serovar israelensis ATCC 35646,100,11.0,13.17,1,1.0
IEDB_122716,Salmonella enterica subsp. enterica serovar Typhi Antigen,Salmonella enterica subsp. enterica serovar Typhi,100,11.0,-7.81,1,1.0
IEDB_122783,Salmonella enterica subsp. enterica serovar Typhi str. CT18 Antigen,Salmonella enterica subsp. enterica serovar Typhi str. CT18,100,11.0,100.51,1,1.0
IEDB_122813,Salmonella enterica subsp. enterica serovar Typhi str. CT18 Antigen,Salmonella enterica subsp. enterica serovar Typhi str. CT18,100,11.0,54.03,1,1.0
IEDB_122827,Salmonella enterica subsp. enterica serovar Typhi Antigen,Salmonella enterica subsp. enterica serovar Typhi,100,11.0,9.14,1,1.0
IEDB_122849,Salmonella enterica subsp. enterica serovar Typhi Antigen,Salmonella enterica subsp. enterica serovar Typhi,100,11.0,8.89,1,1.0
IEDB_122860,Salmonella enterica subsp. enterica serovar Typhi str. CT18 Antigen,Salmonella enterica subsp. enterica serovar Typhi str. CT18,100,11.0,-17.3,1,1.0
IEDB_122871,Salmonella enterica subsp. enterica serovar Typhi Antigen,Salmonella enterica subsp. enterica serovar Typhi,100,11.0,20.86,1,1.0
IEDB_122912,Bacillus thuringiensis serovar israelensis ATCC 35646 Antigen,Bacillus thuringiensis serovar israelensis ATCC 35646,100,11.0,8.89,1,1.0
IEDB_122921,Salmonella enterica subsp. enterica serovar Typhi Antigen,Salmonella enterica subsp. enterica serovar Typhi,100,11.0,-9.98,1,1.0
IEDB_122931,Salmonella enterica subsp. enterica serovar Typhi Antigen,Salmonella enterica subsp. enterica serovar Typhi,100,11.0,30.29,1,1.0
IEDB_122934,Salmonella enterica subsp. enterica serovar Typhi Antigen,Salmonella enterica subsp. enterica serovar Typhi,100,11.0,36.31,1,1.0
IEDB_122940,Salmonella enterica subsp. enterica serovar Typhi Antigen,Salmonella enterica subsp. enterica serovar Typhi,100,11.0,0.51,1,1.0
IEDB_122946,Salmonella enterica subsp. enterica serovar Typhi Antigen,Salmonella enterica subsp. enterica serovar Typhi,100,11.0,5.9,1,1.0
IEDB_122947,Salmonella enterica subsp. enterica serovar Typhi Antigen,Salmonella enterica subsp. enterica serovar Typhi,100,11.0,-0.54,1,1.0
IEDB_122955,Salmonella enterica subsp. enterica serovar Paratyphi B str. SPB7 Antigen,Salmonella enterica subsp. enterica serovar Paratyphi B str. SPB7,100,11.0,53.82,1,1.0
IEDB_122956,Salmonella enterica subsp. enterica serovar Typhi Antigen,Salmonella enterica subsp. enterica serovar Typhi,100,11.0,-8.92,1,1.0
IEDB_122974,Salmonella enterica subsp. enterica serovar Typhi Antigen,Salmonella enterica subsp. enterica serovar Typhi,100,11.0,22.6,1,1.0
IEDB_122979,Salmonella enterica subsp. enterica serovar Typhi Antigen,Salmonella enterica subsp. enterica serovar Typhi,100,11.0,67.53,1,1.0
IEDB_122993,Salmonella enterica subsp. enterica serovar Paratyphi B str. SPB7 Antigen,Salmonella enterica subsp. enterica serovar Paratyphi B str. SPB7,100,11.0,9.07,1,1.0
IEDB_123726,Salmonella enterica subsp. enterica serovar Paratyphi A str. AKU 12601 Antigen,Salmonella enterica subsp. enterica serovar Paratyphi A str. AKU 12601,100,11.0,-7.81,1,1.0
IEDB_123929,Salmonella enterica subsp. enterica serovar Typhi Antigen,Salmonella enterica subsp. enterica serovar Typhi,100,11.0,-12.07,1,1.0
IEDB_123939,Listeria welshimeri serovar 6b str. SLCC5334 Antigen,Listeria welshimeri serovar 6b str. SLCC5334,100,11.0,10.07,1,1.0
IEDB_123962,Salmonella enterica subsp. enterica serovar Typhi Antigen,Salmonella enterica subsp. enterica serovar Typhi,100,11.0,105.42,1,1.0
IEDB_123990,Salmonella enterica subsp. enterica serovar Choleraesuis str. SC-B67 Antigen,Salmonella enterica subsp. enterica serovar Choleraesuis str. SC-B67,100,11.0,69.68,1,1.0
IEDB_124133,Salmonella enterica subsp. enterica serovar Choleraesuis str. SC-B67 Antigen,Salmonella enterica subsp. enterica serovar Choleraesuis str. SC-B67,100,11.0,4.1,1,1.0
IEDB_124162,Salmonella enterica subsp. enterica serovar Typhi Antigen,Salmonella enterica subsp. enterica serovar Typhi,100,11.0,9.07,1,1.0
IEDB_124169,Salmonella enterica subsp. enterica serovar Typhi str. CT18 Antigen,Salmonella enterica subsp. enterica serovar Typhi str. CT18,100,11.0,30.29,1,1.0
IEDB_124253,Salmonella enterica subsp. enterica serovar Typhi Antigen,Salmonella enterica subsp. enterica serovar Typhi,100,11.0,-30.86,1,1.0
IEDB_124260,Salmonella enterica subsp. enterica serovar Typhi Antigen,Salmonella enterica subsp. enterica serovar Typhi,100,11.0,9.28,1,1.0
IEDB_124313,Salmonella enterica subsp. enterica serovar Typhi str. CT18 Antigen,Salmonella enterica subsp. enterica serovar Typhi str. CT18,100,11.0,4.16,1,1.0
IEDB_124315,Salmonella enterica subsp. enterica serovar Typhimurium str. LT2 Antigen,Salmonella enterica subsp. enterica serovar Typhimurium str. LT2,100,11.0,51.69,1,1.0
IEDB_124376,Salmonella enterica subsp. enterica serovar Typhi str. CT18 Antigen,Salmonella enterica subsp. enterica serovar Typhi str. CT18,100,11.0,1.64,1,1.0
IEDB_124377,Salmonella enterica subsp. enterica serovar Typhi Antigen,Salmonella enterica subsp. enterica serovar Typhi,100,11.0,22.6,1,1.0
IEDB_124379,Salmonella enterica subsp. enterica serovar Typhi str. CT18 Antigen,Salmonella enterica subsp. enterica serovar Typhi str. CT18,100,11.0,84.02,1,1.0
IEDB_124380,Salmonella enterica subsp. enterica serovar Typhi str. CT18 Antigen,Salmonella enterica subsp. enterica serovar Typhi str. CT18,100,11.0,69.62,1,1.0
IEDB_124443,Salmonella enterica subsp. enterica serovar Typhi Antigen,Salmonella enterica subsp. enterica serovar Typhi,100,11.0,55.97,1,1.0
IEDB_124491,Salmonella enterica subsp. enterica serovar Paratyphi A str. AKU 12601 Antigen,Salmonella enterica subsp. enterica serovar Paratyphi A str. AKU 12601,100,11.0,75.6,1,1.0
IEDB_124497,Salmonella enterica subsp. enterica serovar Typhi Antigen,Salmonella enterica subsp. enterica serovar Typhi,100,11.0,142.12,1,1.0
IEDB_124499,Salmonella enterica subsp. enterica serovar Typhi str. CT18 Antigen,Salmonella enterica subsp. enterica serovar Typhi str. CT18,100,11.0,-15.11,1,1.0
IEDB_124524,Salmonella enterica subsp. enterica serovar Typhi Antigen,Salmonella enterica subsp. enterica serovar Typhi,100,11.0,15.3,1,1.0
IEDB_124638,Salmonella enterica subsp. enterica serovar Typhi Antigen,Salmonella enterica subsp. enterica serovar Typhi,100,11.0,38.29,1,1.0
IEDB_124706,Bacillus thuringiensis serovar israelensis ATCC 35646 Antigen,Bacillus thuringiensis serovar israelensis ATCC 35646,100,11.0,-19.41,1,1.0
IEDB_124729,Salmonella enterica subsp. enterica serovar Typhi Antigen,Salmonella enterica subsp. enterica serovar Typhi,100,11.0,76.12,1,1.0
IEDB_124746,Salmonella enterica subsp. enterica serovar Typhi Antigen,Salmonella enterica subsp. enterica serovar Typhi,100,11.0,-4.22,1,1.0
IEDB_124752,Salmonella enterica subsp. enterica serovar Choleraesuis str. SC-B67 Antigen,Salmonella enterica subsp. enterica serovar Choleraesuis str. SC-B67,100,11.0,-12.07,1,1.0
IEDB_124756,Salmonella enterica subsp. enterica serovar Typhi str. CT18 Antigen,Salmonella enterica subsp. enterica serovar Typhi str. CT18,100,11.0,84.02,1,1.0
IEDB_124801,Salmonella enterica subsp. enterica serovar Typhi str. CT18 Antigen,Salmonella enterica subsp. enterica serovar Typhi str. CT18,100,11.0,53.4,1,1.0
IEDB_124809,Salmonella enterica subsp. enterica serovar Typhi Antigen,Salmonella enterica subsp. enterica serovar Typhi,100,11.0,36.97,1,1.0
IEDB_124822,Salmonella enterica subsp. enterica serovar Typhimurium str. LT2 Antigen,Salmonella enterica subsp. enterica serovar Typhimurium str. LT2,100,11.0,44.0,1,1.0
IEDB_125045,Salmonella enterica subsp. enterica serovar Typhi Antigen,Salmonella enterica subsp. enterica serovar Typhi,100,11.0,36.31,1,1.0
IEDB_125147,Salmonella enterica subsp. enterica serovar Typhi Antigen,Salmonella enterica subsp. enterica serovar Typhi,100,11.0,32.82,1,1.0
IEDB_125180,Salmonella enterica subsp. enterica serovar Typhi Antigen,Salmonella enterica subsp. enterica serovar Typhi,100,11.0,169.07,1,1.0
IEDB_125231,Salmonella enterica subsp. enterica serovar Typhi Antigen,Salmonella enterica subsp. enterica serovar Typhi,100,11.0,21.91,1,1.0
IEDB_125235,Salmonella enterica subsp. enterica serovar Typhimurium str. LT2 Antigen,Salmonella enterica subsp. enterica serovar Typhimurium str. LT2,100,11.0,53.19,1,1.0
IEDB_125415,Salmonella enterica subsp. enterica serovar Typhimurium str. LT2 Antigen,Salmonella enterica subsp. enterica serovar Typhimurium str. LT2,100,11.0,121.91,1,1.0
IEDB_125420,Salmonella enterica subsp. enterica serovar Typhi Antigen,Salmonella enterica subsp. enterica serovar Typhi,100,11.0,-33.94,1,1.0
IEDB_125462,Salmonella enterica subsp. enterica serovar Typhi Antigen,Salmonella enterica subsp. enterica serovar Typhi,100,11.0,35.68,1,1.0
IEDB_125492,"Salmonella enterica subsp. arizonae serovar 62:z4,z23:- Antigen","Salmonella enterica subsp. arizonae serovar 62:z4,z23:-",100,11.0,-0.54,1,1.0
IEDB_125506,"Salmonella enterica subsp. arizonae serovar 62:z4,z23:- Antigen","Salmonella enterica subsp. arizonae serovar 62:z4,z23:-",100,11.0,6.9,1,1.0
IEDB_125528,Salmonella enterica subsp. enterica serovar Typhimurium Antigen,Salmonella enterica subsp. enterica serovar Typhimurium,100,11.0,68.22,1,1.0
IEDB_126177,Leptospira interrogans serovar Copenhageni str. Fiocruz L1-130 Antigen,Leptospira interrogans serovar Copenhageni str. Fiocruz L1-130,100,11.0,35.79,1,1.0
IEDB_126189,Leptospira interrogans serovar Copenhageni str. Fiocruz L1-130 Antigen,Leptospira interrogans serovar Copenhageni str. Fiocruz L1-130,100,11.0,31.17,1,1.0
IEDB_126190,Leptospira interrogans serovar Copenhageni str. Fiocruz L1-130 Antigen,Leptospira interrogans serovar Copenhageni str. Fiocruz L1-130,100,11.0,11.49,1,1.0
IEDB_126198,Leptospira interrogans serovar Copenhageni str. Fiocruz L1-130 Antigen,Leptospira interrogans serovar Copenhageni str. Fiocruz L1-130,100,11.0,27.56,1,1.0
IEDB_126203,Leptospira interrogans serovar Copenhageni str. Fiocruz L1-130 Antigen,Leptospira interrogans serovar Copenhageni str. Fiocruz L1-130,100,11.0,40.63,1,1.0
IEDB_126206,Leptospira interrogans serovar Copenhageni str. Fiocruz L1-130 Antigen,Leptospira interrogans serovar Copenhageni str. Fiocruz L1-130,100,11.0,45.43,1,1.0
IEDB_126212,Leptospira interrogans serovar Copenhageni str. Fiocruz L1-130 Antigen,Leptospira interrogans serovar Copenhageni str. Fiocruz L1-130,100,11.0,40.78,1,1.0
IEDB_126219,Leptospira interrogans serovar Copenhageni str. Fiocruz L1-130 Antigen,Leptospira interrogans serovar Copenhageni str. Fiocruz L1-130,100,11.0,60.01,1,1.0
IEDB_126227,Leptospira interrogans serovar Copenhageni str. Fiocruz L1-130 Antigen,Leptospira interrogans serovar Copenhageni str. Fiocruz L1-130,100,11.0,0.58,1,1.0
IEDB_126229,Leptospira interrogans serovar Copenhageni str. Fiocruz L1-130 Antigen,Leptospira interrogans serovar Copenhageni str. Fiocruz L1-130,100,11.0,77.92,1,1.0
IEDB_126236,Leptospira interrogans serovar Copenhageni str. Fiocruz L1-130 Antigen,Leptospira interrogans serovar Copenhageni str. Fiocruz L1-130,100,11.0,0.58,1,1.0
IEDB_126242,Leptospira interrogans serovar Copenhageni str. Fiocruz L1-130 Antigen,Leptospira interrogans serovar Copenhageni str. Fiocruz L1-130,100,11.0,10.85,1,1.0
IEDB_126248,Leptospira interrogans serovar Copenhageni str. Fiocruz L1-130 Antigen,Leptospira interrogans serovar Copenhageni str. Fiocruz L1-130,100,11.0,11.27,1,1.0
IEDB_126249,Leptospira interrogans serovar Copenhageni str. Fiocruz L1-130 Antigen,Leptospira interrogans serovar Copenhageni str. Fiocruz L1-130,100,11.0,38.25,1,1.0
IEDB_126253,Leptospira interrogans serovar Copenhageni str. Fiocruz L1-130 Antigen,Leptospira interrogans serovar Copenhageni str. Fiocruz L1-130,100,11.0,-1.99,1,1.0
IEDB_126255,Leptospira interrogans serovar Copenhageni str. Fiocruz L1-130 Antigen,Leptospira interrogans serovar Copenhageni str. Fiocruz L1-130,100,11.0,6.87,1,1.0
IEDB_126262,Chlamydia trachomatis Serovar B Antigen,Chlamydia trachomatis Serovar B,100,11.0,17.65,1,1.0
IEDB_126281,Leptospira interrogans serovar Copenhageni str. Fiocruz L1-130 Antigen,Leptospira interrogans serovar Copenhageni str. Fiocruz L1-130,100,11.0,-2.29,1,1.0
IEDB_126294,Leptospira interrogans serovar Copenhageni str. Fiocruz L1-130 Antigen,Leptospira interrogans serovar Copenhageni str. Fiocruz L1-130,100,11.0,32.93,1,1.0
IEDB_126300,Leptospira interrogans serovar Copenhageni str. Fiocruz L1-130 Antigen,Leptospira interrogans serovar Copenhageni str. Fiocruz L1-130,100,11.0,38.19,1,1.0
IEDB_126320,Leptospira interrogans serovar Copenhageni str. Fiocruz L1-130 Antigen,Leptospira interrogans serovar Copenhageni str. Fiocruz L1-130,100,11.0,9.57,1,1.0
IEDB_126329,Leptospira interrogans serovar Copenhageni str. Fiocruz L1-130 Antigen,Leptospira interrogans serovar Copenhageni str. Fiocruz L1-130,100,11.0,58.06,1,1.0
IEDB_126337,Leptospira interrogans serovar Copenhageni str. Fiocruz L1-130 Antigen,Leptospira interrogans serovar Copenhageni str. Fiocruz L1-130,100,11.0,35.79,1,1.0
IEDB_126340,Leptospira interrogans serovar Copenhageni str. Fiocruz L1-130 Antigen,Leptospira interrogans serovar Copenhageni str. Fiocruz L1-130,100,11.0,1.21,1,1.0
IEDB_126349,Leptospira interrogans serovar Copenhageni str. Fiocruz L1-130 Antigen,Leptospira interrogans serovar Copenhageni str. Fiocruz L1-130,100,11.0,14.73,1,1.0
IEDB_126351,Leptospira interrogans serovar Copenhageni str. Fiocruz L1-130 Antigen,Leptospira interrogans serovar Copenhageni str. Fiocruz L1-130,100,11.0,32.57,1,1.0
IEDB_126368,Leptospira interrogans serovar Copenhageni str. Fiocruz L1-130 Antigen,Leptospira interrogans serovar Copenhageni str. Fiocruz L1-130,100,11.0,3.67,1,1.0
IEDB_126380,Leptospira interrogans serovar Copenhageni str. Fiocruz L1-130 Antigen,Leptospira interrogans serovar Copenhageni str. Fiocruz L1-130,100,11.0,25.45,1,1.0
IEDB_126392,Leptospira interrogans serovar Copenhageni str. Fiocruz L1-130 Antigen,Leptospira interrogans serovar Copenhageni str. Fiocruz L1-130,100,11.0,44.01,1,1.0
IEDB_126399,Leptospira interrogans serovar Copenhageni str. Fiocruz L1-130 Antigen,Leptospira interrogans serovar Copenhageni str. Fiocruz L1-130,100,11.0,33.89,1,1.0
IEDB_126420,Leptospira interrogans serovar Copenhageni str. Fiocruz L1-130 Antigen,Leptospira interrogans serovar Copenhageni str. Fiocruz L1-130,100,11.0,14.73,1,1.0
IEDB_126430,Leptospira interrogans serovar Copenhageni str. Fiocruz L1-130 Antigen,Leptospira interrogans serovar Copenhageni str. Fiocruz L1-130,100,11.0,32.63,1,1.0
IEDB_126438,Leptospira interrogans serovar Copenhageni str. Fiocruz L1-130 Antigen,Leptospira interrogans serovar Copenhageni str. Fiocruz L1-130,100,11.0,66.99,1,1.0
IEDB_126442,Leptospira interrogans serovar Copenhageni str. Fiocruz L1-130 Antigen,Leptospira interrogans serovar Copenhageni str. Fiocruz L1-130,100,11.0,-18.99,1,1.0
IEDB_126447,Leptospira interrogans serovar Copenhageni str. Fiocruz L1-130 Antigen,Leptospira interrogans serovar Copenhageni str. Fiocruz L1-130,100,11.0,11.49,1,1.0
IEDB_126457,Leptospira interrogans serovar Copenhageni str. Fiocruz L1-130 Antigen,Leptospira interrogans serovar Copenhageni str. Fiocruz L1-130,100,11.0,30.51,1,1.0
IEDB_126466,Leptospira interrogans serovar Copenhageni str. Fiocruz L1-130 Antigen,Leptospira interrogans serovar Copenhageni str. Fiocruz L1-130,100,11.0,15.62,1,1.0
IEDB_126477,Leptospira interrogans serovar Copenhageni str. Fiocruz L1-130 Antigen,Leptospira interrogans serovar Copenhageni str. Fiocruz L1-130,100,11.0,31.92,1,1.0
IEDB_126484,Leptospira interrogans serovar Copenhageni str. Fiocruz L1-130 Antigen,Leptospira interrogans serovar Copenhageni str. Fiocruz L1-130,100,11.0,47.96,1,1.0
IEDB_126497,Leptospira interrogans serovar Copenhageni str. Fiocruz L1-130 Antigen,Leptospira interrogans serovar Copenhageni str. Fiocruz L1-130,100,11.0,30.38,1,1.0
IEDB_126512,Leptospira interrogans serovar Copenhageni str. Fiocruz L1-130 Antigen,Leptospira interrogans serovar Copenhageni str. Fiocruz L1-130,100,11.0,33.63,1,1.0
IEDB_126535,Leptospira interrogans serovar Copenhageni str. Fiocruz L1-130 Antigen,Leptospira interrogans serovar Copenhageni str. Fiocruz L1-130,100,11.0,3.4,1,1.0
IEDB_126547,Leptospira interrogans serovar Copenhageni str. Fiocruz L1-130 Antigen,Leptospira interrogans serovar Copenhageni str. Fiocruz L1-130,100,11.0,75.74,1,1.0
IEDB_126560,Leptospira interrogans serovar Copenhageni str. Fiocruz L1-130 Antigen,Leptospira interrogans serovar Copenhageni str. Fiocruz L1-130,100,11.0,12.15,1,1.0
IEDB_126569,Leptospira interrogans serovar Copenhageni str. Fiocruz L1-130 Antigen,Leptospira interrogans serovar Copenhageni str. Fiocruz L1-130,100,11.0,-2.25,1,1.0
IEDB_126580,Leptospira interrogans serovar Copenhageni str. Fiocruz L1-130 Antigen,Leptospira interrogans serovar Copenhageni str. Fiocruz L1-130,100,11.0,18.14,1,1.0
IEDB_126584,Leptospira interrogans serovar Copenhageni str. Fiocruz L1-130 Antigen,Leptospira interrogans serovar Copenhageni str. Fiocruz L1-130,100,11.0,51.7,1,1.0
IEDB_126585,Leptospira interrogans serovar Copenhageni str. Fiocruz L1-130 Antigen,Leptospira interrogans serovar Copenhageni str. Fiocruz L1-130,100,11.0,67.36,1,1.0
IEDB_126587,Leptospira interrogans serovar Copenhageni str. Fiocruz L1-130 Antigen,Leptospira interrogans serovar Copenhageni str. Fiocruz L1-130,100,11.0,12.15,1,1.0
IEDB_126591,Leptospira interrogans serovar Copenhageni str. Fiocruz L1-130 Antigen,Leptospira interrogans serovar Copenhageni str. Fiocruz L1-130,100,11.0,54.55,1,1.0
IEDB_126592,Leptospira interrogans serovar Copenhageni str. Fiocruz L1-130 Antigen,Leptospira interrogans serovar Copenhageni str. Fiocruz L1-130,100,11.0,8.93,1,1.0
IEDB_126600,Leptospira interrogans serovar Copenhageni str. Fiocruz L1-130 Antigen,Leptospira interrogans serovar Copenhageni str. Fiocruz L1-130,100,11.0,-10.11,1,1.0
IEDB_126611,Leptospira interrogans serovar Copenhageni str. Fiocruz L1-130 Antigen,Leptospira interrogans serovar Copenhageni str. Fiocruz L1-130,100,11.0,56.11,1,1.0
IEDB_126612,Leptospira interrogans serovar Copenhageni str. Fiocruz L1-130 Antigen,Leptospira interrogans serovar Copenhageni str. Fiocruz L1-130,100,11.0,27.31,1,1.0
IEDB_126622,Leptospira interrogans serovar Copenhageni str. Fiocruz L1-130 Antigen,Leptospira interrogans serovar Copenhageni str. Fiocruz L1-130,100,11.0,53.62,1,1.0
IEDB_126637,Leptospira interrogans serovar Copenhageni str. Fiocruz L1-130 Antigen,Leptospira interrogans serovar Copenhageni str. Fiocruz L1-130,100,11.0,12.8,1,1.0
IEDB_126644,Leptospira interrogans serovar Copenhageni str. Fiocruz L1-130 Antigen,Leptospira interrogans serovar Copenhageni str. Fiocruz L1-130,100,11.0,38.25,1,1.0
IEDB_126664,Leptospira interrogans serovar Copenhageni str. Fiocruz L1-130 Antigen,Leptospira interrogans serovar Copenhageni str. Fiocruz L1-130,100,11.0,21.77,1,1.0
IEDB_126675,Leptospira interrogans serovar Copenhageni str. Fiocruz L1-130 Antigen,Leptospira interrogans serovar Copenhageni str. Fiocruz L1-130,100,11.0,44.76,1,1.0
IEDB_126676,Leptospira interrogans serovar Copenhageni str. Fiocruz L1-130 Antigen,Leptospira interrogans serovar Copenhageni str. Fiocruz L1-130,100,11.0,0.09,1,1.0
IEDB_126680,Leptospira interrogans serovar Copenhageni str. Fiocruz L1-130 Antigen,Leptospira interrogans serovar Copenhageni str. Fiocruz L1-130,100,11.0,12.8,1,1.0
IEDB_126688,Leptospira interrogans serovar Copenhageni str. Fiocruz L1-130 Antigen,Leptospira interrogans serovar Copenhageni str. Fiocruz L1-130,100,11.0,65.46,1,1.0
IEDB_126696,Leptospira interrogans serovar Copenhageni str. Fiocruz L1-130 Antigen,Leptospira interrogans serovar Copenhageni str. Fiocruz L1-130,100,11.0,12.12,1,1.0
IEDB_126697,Leptospira interrogans serovar Copenhageni str. Fiocruz L1-130 Antigen,Leptospira interrogans serovar Copenhageni str. Fiocruz L1-130,100,11.0,33.63,1,1.0
IEDB_126700,Leptospira interrogans serovar Copenhageni str. Fiocruz L1-130 Antigen,Leptospira interrogans serovar Copenhageni str. Fiocruz L1-130,100,11.0,4.79,1,1.0
IEDB_126703,Leptospira interrogans serovar Copenhageni str. Fiocruz L1-130 Antigen,Leptospira interrogans serovar Copenhageni str. Fiocruz L1-130,100,11.0,24.74,1,1.0
IEDB_126705,Leptospira interrogans serovar Copenhageni str. Fiocruz L1-130 Antigen,Leptospira interrogans serovar Copenhageni str. Fiocruz L1-130,100,11.0,24.74,1,1.0
IEDB_126720,Leptospira interrogans serovar Copenhageni str. Fiocruz L1-130 Antigen,Leptospira interrogans serovar Copenhageni str. Fiocruz L1-130,100,11.0,-13.31,1,1.0
IEDB_126731,Leptospira interrogans serovar Copenhageni str. Fiocruz L1-130 Antigen,Leptospira interrogans serovar Copenhageni str. Fiocruz L1-130,100,11.0,-15.09,1,1.0
IEDB_126732,Leptospira interrogans serovar Copenhageni str. Fiocruz L1-130 Antigen,Leptospira interrogans serovar Copenhageni str. Fiocruz L1-130,100,11.0,62.62,1,1.0
IEDB_126734,Leptospira interrogans serovar Copenhageni str. Fiocruz L1-130 Antigen,Leptospira interrogans serovar Copenhageni str. Fiocruz L1-130,100,11.0,-7.01,1,1.0
IEDB_126736,Leptospira interrogans serovar Copenhageni str. Fiocruz L1-130 Antigen,Leptospira interrogans serovar Copenhageni str. Fiocruz L1-130,100,11.0,37.96,1,1.0
IEDB_126740,Leptospira interrogans serovar Copenhageni str. Fiocruz L1-130 Antigen,Leptospira interrogans serovar Copenhageni str. Fiocruz L1-130,100,11.0,29.87,1,1.0
IEDB_126742,Leptospira interrogans serovar Copenhageni str. Fiocruz L1-130 Antigen,Leptospira interrogans serovar Copenhageni str. Fiocruz L1-130,100,11.0,56.73,1,1.0
IEDB_126746,Leptospira interrogans serovar Copenhageni str. Fiocruz L1-130 Antigen,Leptospira interrogans serovar Copenhageni str. Fiocruz L1-130,100,11.0,17.67,1,1.0
IEDB_126754,Leptospira interrogans serovar Copenhageni str. Fiocruz L1-130 Antigen,Leptospira interrogans serovar Copenhageni str. Fiocruz L1-130,100,11.0,16.75,1,1.0
IEDB_126757,Leptospira interrogans serovar Copenhageni str. Fiocruz L1-130 Antigen,Leptospira interrogans serovar Copenhageni str. Fiocruz L1-130,100,11.0,84.33,1,1.0
IEDB_126771,Leptospira interrogans serovar Copenhageni str. Fiocruz L1-130 Antigen,Leptospira interrogans serovar Copenhageni str. Fiocruz L1-130,100,11.0,17.25,1,1.0
IEDB_126773,Leptospira interrogans serovar Copenhageni str. Fiocruz L1-130 Antigen,Leptospira interrogans serovar Copenhageni str. Fiocruz L1-130,100,11.0,34.28,1,1.0
IEDB_126809,Leptospira interrogans serovar Copenhageni str. Fiocruz L1-130 Antigen,Leptospira interrogans serovar Copenhageni str. Fiocruz L1-130,100,11.0,5.83,1,1.0
IEDB_126833,Leptospira interrogans serovar Copenhageni str. Fiocruz L1-130 Antigen,Leptospira interrogans serovar Copenhageni str. Fiocruz L1-130,100,11.0,9.67,1,1.0
IEDB_126842,Leptospira interrogans serovar Copenhageni str. Fiocruz L1-130 Antigen,Leptospira interrogans serovar Copenhageni str. Fiocruz L1-130,100,11.0,-5.48,1,1.0
IEDB_126876,Leptospira interrogans serovar Copenhageni str. Fiocruz L1-130 Antigen,Leptospira interrogans serovar Copenhageni str. Fiocruz L1-130,100,11.0,78.23,1,1.0
IEDB_126885,Leptospira interrogans serovar Copenhageni str. Fiocruz L1-130 Antigen,Leptospira interrogans serovar Copenhageni str. Fiocruz L1-130,100,11.0,51.47,1,1.0
IEDB_126895,Leptospira interrogans serovar Copenhageni str. Fiocruz L1-130 Antigen,Leptospira interrogans serovar Copenhageni str. Fiocruz L1-130,100,11.0,-1.99,1,1.0
IEDB_126913,Leptospira interrogans serovar Copenhageni str. Fiocruz L1-130 Antigen,Leptospira interrogans serovar Copenhageni str. Fiocruz L1-130,100,11.0,65.83,1,1.0
IEDB_126926,Leptospira interrogans serovar Copenhageni str. Fiocruz L1-130 Antigen,Leptospira interrogans serovar Copenhageni str. Fiocruz L1-130,100,11.0,63.75,1,1.0
IEDB_126949,Leptospira interrogans serovar Copenhageni str. Fiocruz L1-130 Antigen,Leptospira interrogans serovar Copenhageni str. Fiocruz L1-130,100,11.0,28.75,1,1.0
IEDB_126950,Leptospira interrogans serovar Copenhageni str. Fiocruz L1-130 Antigen,Leptospira interrogans serovar Copenhageni str. Fiocruz L1-130,100,11.0,51.47,1,1.0
IEDB_126951,Leptospira interrogans serovar Copenhageni str. Fiocruz L1-130 Antigen,Leptospira interrogans serovar Copenhageni str. Fiocruz L1-130,100,11.0,35.01,1,1.0
IEDB_126965,Leptospira interrogans serovar Copenhageni str. Fiocruz L1-130 Antigen,Leptospira interrogans serovar Copenhageni str. Fiocruz L1-130,100,11.0,19.69,1,1.0
IEDB_126966,Leptospira interrogans serovar Copenhageni str. Fiocruz L1-130 Antigen,Leptospira interrogans serovar Copenhageni str. Fiocruz L1-130,100,11.0,49.55,1,1.0
IEDB_126967,Leptospira interrogans serovar Copenhageni str. Fiocruz L1-130 Antigen,Leptospira interrogans serovar Copenhageni str. Fiocruz L1-130,100,11.0,-14.59,1,1.0
IEDB_126968,Leptospira interrogans serovar Copenhageni str. Fiocruz L1-130 Antigen,Leptospira interrogans serovar Copenhageni str. Fiocruz L1-130,100,11.0,50.19,1,1.0
IEDB_126991,Leptospira interrogans serovar Copenhageni str. Fiocruz L1-130 Antigen,Leptospira interrogans serovar Copenhageni str. Fiocruz L1-130,100,11.0,29.87,1,1.0
IEDB_127042,Leptospira interrogans serovar Copenhageni str. Fiocruz L1-130 Antigen,Leptospira interrogans serovar Copenhageni str. Fiocruz L1-130,100,11.0,18.33,1,1.0
IEDB_127043,Leptospira interrogans serovar Copenhageni str. Fiocruz L1-130 Antigen,Leptospira interrogans serovar Copenhageni str. Fiocruz L1-130,100,11.0,70.9,1,1.0
IEDB_127052,Leptospira interrogans serovar Copenhageni str. Fiocruz L1-130 Antigen,Leptospira interrogans serovar Copenhageni str. Fiocruz L1-130,100,11.0,7.35,1,1.0
IEDB_127053,Leptospira interrogans serovar Copenhageni str. Fiocruz L1-130 Antigen,Leptospira interrogans serovar Copenhageni str. Fiocruz L1-130,100,11.0,38.37,1,1.0
IEDB_127055,Leptospira interrogans serovar Copenhageni str. Fiocruz L1-130 Antigen,Leptospira interrogans serovar Copenhageni str. Fiocruz L1-130,100,11.0,69.82,1,1.0
IEDB_127062,Leptospira interrogans serovar Copenhageni str. Fiocruz L1-130 Antigen,Leptospira interrogans serovar Copenhageni str. Fiocruz L1-130,100,11.0,40.81,1,1.0
IEDB_127066,Leptospira interrogans serovar Copenhageni str. Fiocruz L1-130 Antigen,Leptospira interrogans serovar Copenhageni str. Fiocruz L1-130,100,11.0,29.35,1,1.0
IEDB_127084,Leptospira interrogans serovar Copenhageni str. Fiocruz L1-130 Antigen,Leptospira interrogans serovar Copenhageni str. Fiocruz L1-130,100,11.0,-1.99,1,1.0
IEDB_127088,Leptospira interrogans serovar Copenhageni str. Fiocruz L1-130 Antigen,Leptospira interrogans serovar Copenhageni str. Fiocruz L1-130,100,11.0,58.65,1,1.0
IEDB_127100,Leptospira interrogans serovar Copenhageni str. Fiocruz L1-130 Antigen,Leptospira interrogans serovar Copenhageni str. Fiocruz L1-130,100,11.0,1.21,1,1.0
IEDB_127108,Leptospira interrogans serovar Copenhageni str. Fiocruz L1-130 Antigen,Leptospira interrogans serovar Copenhageni str. Fiocruz L1-130,100,11.0,19.75,1,1.0
IEDB_127149,Leptospira interrogans serovar Copenhageni str. Fiocruz L1-130 Antigen,Leptospira interrogans serovar Copenhageni str. Fiocruz L1-130,100,11.0,42.11,1,1.0
IEDB_127153,Leptospira interrogans serovar Copenhageni str. Fiocruz L1-130 Antigen,Leptospira interrogans serovar Copenhageni str. Fiocruz L1-130,100,11.0,25.51,1,1.0
IEDB_127192,Leptospira interrogans serovar Copenhageni str. Fiocruz L1-130 Antigen,Leptospira interrogans serovar Copenhageni str. Fiocruz L1-130,100,11.0,-1.99,1,1.0
IEDB_127213,Leptospira interrogans serovar Copenhageni str. Fiocruz L1-130 Antigen,Leptospira interrogans serovar Copenhageni str. Fiocruz L1-130,100,11.0,27.31,1,1.0
IEDB_127214,Leptospira interrogans serovar Copenhageni str. Fiocruz L1-130 Antigen,Leptospira interrogans serovar Copenhageni str. Fiocruz L1-130,100,11.0,11.9,1,1.0
IEDB_127230,Leptospira interrogans serovar Copenhageni str. Fiocruz L1-130 Antigen,Leptospira interrogans serovar Copenhageni str. Fiocruz L1-130,100,11.0,11.9,1,1.0
IEDB_127252,Leptospira interrogans serovar Copenhageni str. Fiocruz L1-130 Antigen,Leptospira interrogans serovar Copenhageni str. Fiocruz L1-130,100,11.0,11.63,1,1.0
IEDB_127293,Leptospira interrogans serovar Copenhageni str. Fiocruz L1-130 Antigen,Leptospira interrogans serovar Copenhageni str. Fiocruz L1-130,100,11.0,57.85,1,1.0
IEDB_127295,Leptospira interrogans serovar Copenhageni str. Fiocruz L1-130 Antigen,Leptospira interrogans serovar Copenhageni str. Fiocruz L1-130,100,11.0,6.47,1,1.0
IEDB_127298,Leptospira interrogans serovar Copenhageni str. Fiocruz L1-130 Antigen,Leptospira interrogans serovar Copenhageni str. Fiocruz L1-130,100,11.0,64.29,1,1.0
IEDB_127311,Leptospira interrogans serovar Copenhageni str. Fiocruz L1-130 Antigen,Leptospira interrogans serovar Copenhageni str. Fiocruz L1-130,100,11.0,54.95,1,1.0
IEDB_127332,Leptospira interrogans serovar Copenhageni str. Fiocruz L1-130 Antigen,Leptospira interrogans serovar Copenhageni str. Fiocruz L1-130,100,11.0,32.3,1,1.0
IEDB_127344,Leptospira interrogans serovar Copenhageni str. Fiocruz L1-130 Antigen,Leptospira interrogans serovar Copenhageni str. Fiocruz L1-130,100,11.0,15.24,1,1.0
IEDB_127346,Leptospira interrogans serovar Copenhageni str. Fiocruz L1-130 Antigen,Leptospira interrogans serovar Copenhageni str. Fiocruz L1-130,100,11.0,48.09,1,1.0
IEDB_127353,Leptospira interrogans serovar Copenhageni str. Fiocruz L1-130 Antigen,Leptospira interrogans serovar Copenhageni str. Fiocruz L1-130,100,11.0,-8.27,1,1.0
IEDB_127363,Leptospira interrogans serovar Copenhageni str. Fiocruz L1-130 Antigen,Leptospira interrogans serovar Copenhageni str. Fiocruz L1-130,100,11.0,32.93,1,1.0
IEDB_127366,Leptospira interrogans serovar Copenhageni str. Fiocruz L1-130 Antigen,Leptospira interrogans serovar Copenhageni str. Fiocruz L1-130,100,11.0,3.4,1,1.0
IEDB_127398,Leptospira interrogans serovar Copenhageni str. Fiocruz L1-130 Antigen,Leptospira interrogans serovar Copenhageni str. Fiocruz L1-130,100,11.0,9.33,1,1.0
IEDB_127400,Leptospira interrogans serovar Copenhageni str. Fiocruz L1-130 Antigen,Leptospira interrogans serovar Copenhageni str. Fiocruz L1-130,100,11.0,59.69,1,1.0
IEDB_127407,Leptospira interrogans serovar Copenhageni str. Fiocruz L1-130 Antigen,Leptospira interrogans serovar Copenhageni str. Fiocruz L1-130,100,11.0,16.51,1,1.0
IEDB_127408,Leptospira interrogans serovar Copenhageni str. Fiocruz L1-130 Antigen,Leptospira interrogans serovar Copenhageni str. Fiocruz L1-130,100,11.0,12.37,1,1.0
IEDB_127421,Leptospira interrogans serovar Copenhageni str. Fiocruz L1-130 Antigen,Leptospira interrogans serovar Copenhageni str. Fiocruz L1-130,100,11.0,69.44,1,1.0
IEDB_127429,Leptospira interrogans serovar Copenhageni str. Fiocruz L1-130 Antigen,Leptospira interrogans serovar Copenhageni str. Fiocruz L1-130,100,11.0,11.49,1,1.0
IEDB_127466,Leptospira interrogans serovar Copenhageni str. Fiocruz L1-130 Antigen,Leptospira interrogans serovar Copenhageni str. Fiocruz L1-130,100,11.0,-28.35,1,1.0
IEDB_127482,Leptospira interrogans serovar Copenhageni str. Fiocruz L1-130 Antigen,Leptospira interrogans serovar Copenhageni str. Fiocruz L1-130,100,11.0,44.27,1,1.0
IEDB_127485,Leptospira interrogans serovar Copenhageni str. Fiocruz L1-130 Antigen,Leptospira interrogans serovar Copenhageni str. Fiocruz L1-130,100,11.0,22.8,1,1.0
IEDB_127487,Leptospira interrogans serovar Copenhageni str. Fiocruz L1-130 Antigen,Leptospira interrogans serovar Copenhageni str. Fiocruz L1-130,100,11.0,0.17,1,1.0
IEDB_127488,Leptospira interrogans serovar Copenhageni str. Fiocruz L1-130 Antigen,Leptospira interrogans serovar Copenhageni str. Fiocruz L1-130,100,11.0,10.85,1,1.0
IEDB_127491,Leptospira interrogans serovar Copenhageni str. Fiocruz L1-130 Antigen,Leptospira interrogans serovar Copenhageni str. Fiocruz L1-130,100,11.0,-4.86,1,1.0
IEDB_127493,Leptospira interrogans serovar Copenhageni str. Fiocruz L1-130 Antigen,Leptospira interrogans serovar Copenhageni str. Fiocruz L1-130,100,11.0,82.28,1,1.0
IEDB_127536,Leptospira interrogans serovar Copenhageni str. Fiocruz L1-130 Antigen,Leptospira interrogans serovar Copenhageni str. Fiocruz L1-130,100,11.0,52.99,1,1.0
IEDB_127539,Leptospira interrogans serovar Copenhageni str. Fiocruz L1-130 Antigen,Leptospira interrogans serovar Copenhageni str. Fiocruz L1-130,100,11.0,28.07,1,1.0
IEDB_127553,Leptospira interrogans serovar Copenhageni str. Fiocruz L1-130 Antigen,Leptospira interrogans serovar Copenhageni str. Fiocruz L1-130,100,11.0,16.03,1,1.0
IEDB_127568,Leptospira interrogans serovar Copenhageni str. Fiocruz L1-130 Antigen,Leptospira interrogans serovar Copenhageni str. Fiocruz L1-130,100,11.0,48.94,1,1.0
IEDB_127575,Leptospira interrogans serovar Copenhageni str. Fiocruz L1-130 Antigen,Leptospira interrogans serovar Copenhageni str. Fiocruz L1-130,100,11.0,-1.09,1,1.0
IEDB_127652,Leptospira interrogans serovar Copenhageni str. Fiocruz L1-130 Antigen,Leptospira interrogans serovar Copenhageni str. Fiocruz L1-130,100,11.0,47.85,1,1.0
IEDB_127655,Leptospira interrogans serovar Copenhageni str. Fiocruz L1-130 Antigen,Leptospira interrogans serovar Copenhageni str. Fiocruz L1-130,100,11.0,0.8,1,1.0
IEDB_127665,Leptospira interrogans serovar Copenhageni str. Fiocruz L1-130 Antigen,Leptospira interrogans serovar Copenhageni str. Fiocruz L1-130,100,11.0,6.49,1,1.0
IEDB_127669,Leptospira interrogans serovar Copenhageni str. Fiocruz L1-130 Antigen,Leptospira interrogans serovar Copenhageni str. Fiocruz L1-130,100,11.0,68.77,1,1.0
IEDB_127672,Leptospira interrogans serovar Copenhageni str. Fiocruz L1-130 Antigen,Leptospira interrogans serovar Copenhageni str. Fiocruz L1-130,100,11.0,66.25,1,1.0
IEDB_127688,Leptospira interrogans serovar Copenhageni str. Fiocruz L1-130 Antigen,Leptospira interrogans serovar Copenhageni str. Fiocruz L1-130,100,11.0,6.24,1,1.0
IEDB_127694,Leptospira interrogans serovar Copenhageni str. Fiocruz L1-130 Antigen,Leptospira interrogans serovar Copenhageni str. Fiocruz L1-130,100,11.0,-19.62,1,1.0
IEDB_127710,Leptospira interrogans serovar Copenhageni str. Fiocruz L1-130 Antigen,Leptospira interrogans serovar Copenhageni str. Fiocruz L1-130,100,11.0,5.19,1,1.0
IEDB_127760,Leptospira interrogans serovar Copenhageni str. Fiocruz L1-130 Antigen,Leptospira interrogans serovar Copenhageni str. Fiocruz L1-130,100,11.0,-8.3,1,1.0
IEDB_127781,Leptospira interrogans serovar Copenhageni str. Fiocruz L1-130 Antigen,Leptospira interrogans serovar Copenhageni str. Fiocruz L1-130,100,11.0,32.57,1,1.0
IEDB_127785,Leptospira interrogans serovar Copenhageni str. Fiocruz L1-130 Antigen,Leptospira interrogans serovar Copenhageni str. Fiocruz L1-130,100,11.0,48.59,1,1.0
IEDB_127838,Leptospira interrogans serovar Copenhageni str. Fiocruz L1-130 Antigen,Leptospira interrogans serovar Copenhageni str. Fiocruz L1-130,100,11.0,18.55,1,1.0
IEDB_127846,Leptospira interrogans serovar Copenhageni str. Fiocruz L1-130 Antigen,Leptospira interrogans serovar Copenhageni str. Fiocruz L1-130,100,11.0,62.89,1,1.0
IEDB_127861,Leptospira interrogans serovar Copenhageni str. Fiocruz L1-130 Antigen,Leptospira interrogans serovar Copenhageni str. Fiocruz L1-130,100,11.0,33.6,1,1.0
IEDB_127864,Leptospira interrogans serovar Copenhageni str. Fiocruz L1-130 Antigen,Leptospira interrogans serovar Copenhageni str. Fiocruz L1-130,100,11.0,4.31,1,1.0
IEDB_127869,Leptospira interrogans serovar Copenhageni str. Fiocruz L1-130 Antigen,Leptospira interrogans serovar Copenhageni str. Fiocruz L1-130,100,11.0,53.62,1,1.0
IEDB_127874,Leptospira interrogans serovar Copenhageni str. Fiocruz L1-130 Antigen,Leptospira interrogans serovar Copenhageni str. Fiocruz L1-130,100,11.0,5.47,1,1.0
IEDB_127881,Leptospira interrogans serovar Copenhageni str. Fiocruz L1-130 Antigen,Leptospira interrogans serovar Copenhageni str. Fiocruz L1-130,100,11.0,-1.99,1,1.0
IEDB_127882,Leptospira interrogans serovar Copenhageni str. Fiocruz L1-130 Antigen,Leptospira interrogans serovar Copenhageni str. Fiocruz L1-130,100,11.0,54.03,1,1.0
IEDB_127892,Leptospira interrogans serovar Copenhageni str. Fiocruz L1-130 Antigen,Leptospira interrogans serovar Copenhageni str. Fiocruz L1-130,100,11.0,-4.19,1,1.0
IEDB_127899,Leptospira interrogans serovar Copenhageni str. Fiocruz L1-130 Antigen,Leptospira interrogans serovar Copenhageni str. Fiocruz L1-130,100,11.0,24.15,1,1.0
IEDB_127916,Leptospira interrogans serovar Copenhageni str. Fiocruz L1-130 Antigen,Leptospira interrogans serovar Copenhageni str. Fiocruz L1-130,100,11.0,61.21,1,1.0
IEDB_127921,Leptospira interrogans serovar Copenhageni str. Fiocruz L1-130 Antigen,Leptospira interrogans serovar Copenhageni str. Fiocruz L1-130,100,11.0,35.01,1,1.0
IEDB_127930,Leptospira interrogans serovar Copenhageni str. Fiocruz L1-130 Antigen,Leptospira interrogans serovar Copenhageni str. Fiocruz L1-130,100,11.0,-5.19,1,1.0
IEDB_127932,Leptospira interrogans serovar Copenhageni str. Fiocruz L1-130 Antigen,Leptospira interrogans serovar Copenhageni str. Fiocruz L1-130,100,11.0,25.41,1,1.0
IEDB_127938,Leptospira interrogans serovar Copenhageni str. Fiocruz L1-130 Antigen,Leptospira interrogans serovar Copenhageni str. Fiocruz L1-130,100,11.0,1.75,1,1.0
IEDB_127945,Leptospira interrogans serovar Copenhageni str. Fiocruz L1-130 Antigen,Leptospira interrogans serovar Copenhageni str. Fiocruz L1-130,100,11.0,35.53,1,1.0
IEDB_127946,Leptospira interrogans serovar Copenhageni str. Fiocruz L1-130 Antigen,Leptospira interrogans serovar Copenhageni str. Fiocruz L1-130,100,11.0,-7.65,1,1.0
IEDB_127953,Leptospira interrogans serovar Copenhageni str. Fiocruz L1-130 Antigen,Leptospira interrogans serovar Copenhageni str. Fiocruz L1-130,100,11.0,14.94,1,1.0
IEDB_127957,Leptospira interrogans serovar Copenhageni str. Fiocruz L1-130 Antigen,Leptospira interrogans serovar Copenhageni str. Fiocruz L1-130,100,11.0,24.89,1,1.0
IEDB_127961,Leptospira interrogans serovar Copenhageni str. Fiocruz L1-130 Antigen,Leptospira interrogans serovar Copenhageni str. Fiocruz L1-130,100,11.0,19.08,1,1.0
IEDB_127997,Leptospira interrogans serovar Copenhageni str. Fiocruz L1-130 Antigen,Leptospira interrogans serovar Copenhageni str. Fiocruz L1-130,100,11.0,20.23,1,1.0
IEDB_128001,Leptospira interrogans serovar Copenhageni str. Fiocruz L1-130 Antigen,Leptospira interrogans serovar Copenhageni str. Fiocruz L1-130,100,11.0,76.62,1,1.0
IEDB_128012,Leptospira interrogans serovar Copenhageni str. Fiocruz L1-130 Antigen,Leptospira interrogans serovar Copenhageni str. Fiocruz L1-130,100,11.0,38.25,1,1.0
IEDB_128013,Leptospira interrogans serovar Copenhageni str. Fiocruz L1-130 Antigen,Leptospira interrogans serovar Copenhageni str. Fiocruz L1-130,100,11.0,10.36,1,1.0
IEDB_128015,Leptospira interrogans serovar Copenhageni str. Fiocruz L1-130 Antigen,Leptospira interrogans serovar Copenhageni str. Fiocruz L1-130,100,11.0,20.98,1,1.0
IEDB_128016,Leptospira interrogans serovar Copenhageni str. Fiocruz L1-130 Antigen,Leptospira interrogans serovar Copenhageni str. Fiocruz L1-130,100,11.0,4.03,1,1.0
IEDB_128040,Leptospira interrogans serovar Copenhageni str. Fiocruz L1-130 Antigen,Leptospira interrogans serovar Copenhageni str. Fiocruz L1-130,100,11.0,51.07,1,1.0
IEDB_128049,Leptospira interrogans serovar Copenhageni str. Fiocruz L1-130 Antigen,Leptospira interrogans serovar Copenhageni str. Fiocruz L1-130,100,11.0,27.31,1,1.0
IEDB_128054,Leptospira interrogans serovar Copenhageni str. Fiocruz L1-130 Antigen,Leptospira interrogans serovar Copenhageni str. Fiocruz L1-130,100,11.0,-3.78,1,1.0
IEDB_128067,Leptospira interrogans serovar Copenhageni str. Fiocruz L1-130 Antigen,Leptospira interrogans serovar Copenhageni str. Fiocruz L1-130,100,11.0,19.3,1,1.0
IEDB_128083,Leptospira interrogans serovar Copenhageni str. Fiocruz L1-130 Antigen,Leptospira interrogans serovar Copenhageni str. Fiocruz L1-130,100,11.0,24.74,1,1.0
IEDB_128085,Leptospira interrogans serovar Copenhageni str. Fiocruz L1-130 Antigen,Leptospira interrogans serovar Copenhageni str. Fiocruz L1-130,100,11.0,-0.31,1,1.0
IEDB_128086,Leptospira interrogans serovar Copenhageni str. Fiocruz L1-130 Antigen,Leptospira interrogans serovar Copenhageni str. Fiocruz L1-130,100,11.0,24.74,1,1.0
IEDB_128090,Leptospira interrogans serovar Copenhageni str. Fiocruz L1-130 Antigen,Leptospira interrogans serovar Copenhageni str. Fiocruz L1-130,100,11.0,-13.26,1,1.0
IEDB_128099,Leptospira interrogans serovar Copenhageni str. Fiocruz L1-130 Antigen,Leptospira interrogans serovar Copenhageni str. Fiocruz L1-130,100,11.0,-14.59,1,1.0
IEDB_128114,Leptospira interrogans serovar Copenhageni str. Fiocruz L1-130 Antigen,Leptospira interrogans serovar Copenhageni str. Fiocruz L1-130,100,11.0,58.21,1,1.0
IEDB_128126,Leptospira interrogans serovar Copenhageni str. Fiocruz L1-130 Antigen,Leptospira interrogans serovar Copenhageni str. Fiocruz L1-130,100,11.0,-12.67,1,1.0
IEDB_128153,Leptospira interrogans serovar Copenhageni str. Fiocruz L1-130 Antigen,Leptospira interrogans serovar Copenhageni str. Fiocruz L1-130,100,11.0,11.49,1,1.0
IEDB_128160,Leptospira interrogans serovar Copenhageni str. Fiocruz L1-130 Antigen,Leptospira interrogans serovar Copenhageni str. Fiocruz L1-130,100,11.0,-8.93,1,1.0
IEDB_128162,Leptospira interrogans serovar Copenhageni str. Fiocruz L1-130 Antigen,Leptospira interrogans serovar Copenhageni str. Fiocruz L1-130,100,11.0,22.82,1,1.0
IEDB_128168,Leptospira interrogans serovar Copenhageni str. Fiocruz L1-130 Antigen,Leptospira interrogans serovar Copenhageni str. Fiocruz L1-130,100,11.0,35.53,1,1.0
IEDB_128170,Leptospira interrogans serovar Copenhageni str. Fiocruz L1-130 Antigen,Leptospira interrogans serovar Copenhageni str. Fiocruz L1-130,100,11.0,-8.3,1,1.0
IEDB_128179,Leptospira interrogans serovar Copenhageni str. Fiocruz L1-130 Antigen,Leptospira interrogans serovar Copenhageni str. Fiocruz L1-130,100,11.0,44.52,1,1.0
IEDB_128181,Leptospira interrogans serovar Copenhageni str. Fiocruz L1-130 Antigen,Leptospira interrogans serovar Copenhageni str. Fiocruz L1-130,100,11.0,41.19,1,1.0
IEDB_128194,Leptospira interrogans serovar Copenhageni str. Fiocruz L1-130 Antigen,Leptospira interrogans serovar Copenhageni str. Fiocruz L1-130,100,11.0,-1.44,1,1.0
IEDB_128202,Leptospira interrogans serovar Copenhageni str. Fiocruz L1-130 Antigen,Leptospira interrogans serovar Copenhageni str. Fiocruz L1-130,100,11.0,37.58,1,1.0
IEDB_128207,Leptospira interrogans serovar Copenhageni str. Fiocruz L1-130 Antigen,Leptospira interrogans serovar Copenhageni str. Fiocruz L1-130,100,11.0,54.41,1,1.0
IEDB_128211,Leptospira interrogans serovar Copenhageni str. Fiocruz L1-130 Antigen,Leptospira interrogans serovar Copenhageni str. Fiocruz L1-130,100,11.0,40.71,1,1.0
IEDB_128214,Leptospira interrogans serovar Copenhageni str. Fiocruz L1-130 Antigen,Leptospira interrogans serovar Copenhageni str. Fiocruz L1-130,100,11.0,36.01,1,1.0
IEDB_128220,Leptospira interrogans serovar Copenhageni str. Fiocruz L1-130 Antigen,Leptospira interrogans serovar Copenhageni str. Fiocruz L1-130,100,11.0,17.25,1,1.0
IEDB_128227,Leptospira interrogans serovar Copenhageni str. Fiocruz L1-130 Antigen,Leptospira interrogans serovar Copenhageni str. Fiocruz L1-130,100,11.0,7.11,1,1.0
IEDB_128228,Leptospira interrogans serovar Copenhageni str. Fiocruz L1-130 Antigen,Leptospira interrogans serovar Copenhageni str. Fiocruz L1-130,100,11.0,17.63,1,1.0
IEDB_128238,Leptospira interrogans serovar Copenhageni str. Fiocruz L1-130 Antigen,Leptospira interrogans serovar Copenhageni str. Fiocruz L1-130,100,11.0,31.3,1,1.0
IEDB_128243,Leptospira interrogans serovar Copenhageni str. Fiocruz L1-130 Antigen,Leptospira interrogans serovar Copenhageni str. Fiocruz L1-130,100,11.0,19.85,1,1.0
IEDB_128279,Leptospira interrogans serovar Copenhageni str. Fiocruz L1-130 Antigen,Leptospira interrogans serovar Copenhageni str. Fiocruz L1-130,100,11.0,6.49,1,1.0
IEDB_128280,Leptospira interrogans serovar Copenhageni str. Fiocruz L1-130 Antigen,Leptospira interrogans serovar Copenhageni str. Fiocruz L1-130,100,11.0,-12.63,1,1.0
IEDB_128283,Leptospira interrogans serovar Lai Antigen,Leptospira interrogans serovar Lai,100,11.0,-5.83,1,1.0
IEDB_128297,Leptospira interrogans serovar Copenhageni str. Fiocruz L1-130 Antigen,Leptospira interrogans serovar Copenhageni str. Fiocruz L1-130,100,11.0,115.75,1,1.0
IEDB_128298,Leptospira interrogans serovar Copenhageni str. Fiocruz L1-130 Antigen,Leptospira interrogans serovar Copenhageni str. Fiocruz L1-130,100,11.0,41.01,1,1.0
IEDB_128311,Leptospira interrogans serovar Copenhageni str. Fiocruz L1-130 Antigen,Leptospira interrogans serovar Copenhageni str. Fiocruz L1-130,100,11.0,-5.03,1,1.0
IEDB_128324,Leptospira interrogans serovar Copenhageni str. Fiocruz L1-130 Antigen,Leptospira interrogans serovar Copenhageni str. Fiocruz L1-130,100,11.0,45.45,1,1.0
IEDB_128339,Leptospira interrogans serovar Copenhageni str. Fiocruz L1-130 Antigen,Leptospira interrogans serovar Copenhageni str. Fiocruz L1-130,100,11.0,-4.45,1,1.0
IEDB_128342,Leptospira interrogans serovar Copenhageni str. Fiocruz L1-130 Antigen,Leptospira interrogans serovar Copenhageni str. Fiocruz L1-130,100,11.0,-3.78,1,1.0
IEDB_128344,Leptospira interrogans serovar Copenhageni str. Fiocruz L1-130 Antigen,Leptospira interrogans serovar Copenhageni str. Fiocruz L1-130,100,11.0,62.57,1,1.0
IEDB_128353,Leptospira interrogans serovar Copenhageni str. Fiocruz L1-130 Antigen,Leptospira interrogans serovar Copenhageni str. Fiocruz L1-130,100,11.0,40.53,1,1.0
IEDB_128358,Leptospira interrogans serovar Copenhageni str. Fiocruz L1-130 Antigen,Leptospira interrogans serovar Copenhageni str. Fiocruz L1-130,100,11.0,6.46,1,1.0
IEDB_128361,Leptospira interrogans serovar Copenhageni str. Fiocruz L1-130 Antigen,Leptospira interrogans serovar Copenhageni str. Fiocruz L1-130,100,11.0,0.09,1,1.0
IEDB_128364,Leptospira interrogans serovar Copenhageni str. Fiocruz L1-130 Antigen,Leptospira interrogans serovar Copenhageni str. Fiocruz L1-130,100,11.0,51.86,1,1.0
IEDB_128381,Leptospira interrogans serovar Copenhageni str. Fiocruz L1-130 Antigen,Leptospira interrogans serovar Copenhageni str. Fiocruz L1-130,100,11.0,20.25,1,1.0
IEDB_128422,Leptospira interrogans serovar Copenhageni Antigen,Leptospira interrogans serovar Copenhageni,100,11.0,38.81,1,1.0
IEDB_128632,Leptospira interrogans serovar Copenhageni Antigen,Leptospira interrogans serovar Copenhageni,100,11.0,13.65,1,1.0
IEDB_129970,Monkey B-lymphotropic papovavirus Antigen,Monkey B-lymphotropic papovavirus,100,11.0,47.48,1,1.0
IEDB_131415,Leptospira interrogans serovar Pomona Antigen,Leptospira interrogans serovar Pomona,100,11.0,21.91,1,1.0
IEDB_131429,Leptospira interrogans serovar Lai Antigen,Leptospira interrogans serovar Lai,100,11.0,29.97,1,1.0
IEDB_131451,Leptospira interrogans serovar Lai Antigen,Leptospira interrogans serovar Lai,100,11.0,26.6,1,1.0
IEDB_131483,Leptospira interrogans serovar Pomona Antigen,Leptospira interrogans serovar Pomona,100,11.0,93.93,1,1.0
IEDB_131487,Leptospira interrogans serovar Pomona Antigen,Leptospira interrogans serovar Pomona,100,11.0,178.98,1,1.0
IEDB_131496,Leptospira interrogans serovar Pomona Antigen,Leptospira interrogans serovar Pomona,100,11.0,33.11,1,1.0
IEDB_131497,Leptospira interrogans serovar Pomona Antigen,Leptospira interrogans serovar Pomona,100,11.0,30.29,1,1.0
IEDB_131498,Leptospira interrogans serovar Pomona Antigen,Leptospira interrogans serovar Pomona,100,11.0,-3.11,1,1.0
IEDB_131499,Leptospira interrogans serovar Pomona Antigen,Leptospira interrogans serovar Pomona,100,11.0,13.59,1,1.0
IEDB_131520,Leptospira interrogans serovar Pomona Antigen,Leptospira interrogans serovar Pomona,100,11.0,0.51,1,1.0
IEDB_131527,Leptospira interrogans serovar Pomona Antigen,Leptospira interrogans serovar Pomona,100,11.0,-0.54,1,1.0
IEDB_131530,Leptospira interrogans serovar Pomona Antigen,Leptospira interrogans serovar Pomona,100,11.0,1.99,1,1.0
IEDB_131531,Leptospira interrogans serovar Pomona Antigen,Leptospira interrogans serovar Pomona,100,11.0,-26.68,1,1.0
IEDB_131536,Leptospira interrogans serovar Pomona Antigen,Leptospira interrogans serovar Pomona,100,11.0,58.74,1,1.0
IEDB_131537,Leptospira interrogans serovar Pomona Antigen,Leptospira interrogans serovar Pomona,100,11.0,-0.54,1,1.0
IEDB_131609,Leptospira interrogans serovar Pomona Antigen,Leptospira interrogans serovar Pomona,100,11.0,104.79,1,1.0
IEDB_131623,Leptospira interrogans serovar Pomona Antigen,Leptospira interrogans serovar Pomona,100,11.0,33.88,1,1.0
IEDB_131624,Leptospira interrogans serovar Pomona Antigen,Leptospira interrogans serovar Pomona,100,11.0,-21.56,1,1.0
IEDB_131645,Leptospira interrogans serovar Pomona Antigen,Leptospira interrogans serovar Pomona,100,11.0,20.86,1,1.0
IEDB_131646,Leptospira interrogans serovar Pomona Antigen,Leptospira interrogans serovar Pomona,100,11.0,42.26,1,1.0
IEDB_131651,Leptospira interrogans serovar Pomona Antigen,Leptospira interrogans serovar Pomona,100,11.0,65.4,1,1.0
IEDB_131656,Leptospira interrogans serovar Pomona Antigen,Leptospira interrogans serovar Pomona,100,11.0,56.6,1,1.0
IEDB_133829,Salmonella enterica subsp. enterica serovar Typhimurium Antigen,Salmonella enterica subsp. enterica serovar Typhimurium,100,11.0,26.53,1,1.0
IEDB_133883,Chlamydia trachomatis Serovar L3 Antigen,Chlamydia trachomatis Serovar L3,100,11.0,32.83,1,1.0
IEDB_136633,Chlamydia trachomatis Serovar D Antigen,Chlamydia trachomatis Serovar D,100,11.0,33.33,1,1.0
IEDB_136871,Chlamydia trachomatis Serovar D Antigen,Chlamydia trachomatis Serovar D,100,11.0,55.36,1,1.0
IEDB_137262,Leishmania donovani Antigen,Leishmania donovani,100,11.0,23.03,1,1.0
IEDB_137319,Leishmania donovani Antigen,Leishmania donovani,100,11.0,28.21,1,1.0
IEDB_137401,Leishmania donovani Antigen,Leishmania donovani,100,11.0,72.66,1,1.0
IEDB_137405,Leishmania donovani Antigen,Leishmania donovani,100,11.0,-1.41,1,1.0
IEDB_137409,Leishmania donovani Antigen,Leishmania donovani,100,11.0,18.08,1,1.0
IEDB_137515,Leishmania donovani Antigen,Leishmania donovani,100,11.0,19.54,1,1.0
IEDB_138994,Leptospira interrogans serovar Lai Antigen,Leptospira interrogans serovar Lai,100,11.0,15.83,1,1.0
IEDB_139003,Leptospira interrogans serovar Lai Antigen,Leptospira interrogans serovar Lai,100,11.0,43.2,1,1.0
IEDB_139007,Leptospira interrogans serovar Lai Antigen,Leptospira interrogans serovar Lai,100,11.0,44.59,1,1.0
IEDB_139025,Leptospira interrogans serovar Lai Antigen,Leptospira interrogans serovar Lai,100,11.0,21.69,1,1.0
IEDB_139027,Leptospira interrogans serovar Lai Antigen,Leptospira interrogans serovar Lai,100,11.0,27.83,1,1.0
IEDB_139028,Leptospira interrogans serovar Lai Antigen,Leptospira interrogans serovar Lai,100,11.0,88.7,1,1.0
IEDB_139039,Leptospira interrogans serovar Lai Antigen,Leptospira interrogans serovar Lai,100,11.0,32.58,1,1.0
IEDB_148786,Leishmania donovani BPK282A1 Antigen,Leishmania donovani BPK282A1,100,11.0,-0.54,1,1.0
IEDB_148804,Leishmania donovani BPK282A1 Antigen,Leishmania donovani BPK282A1,100,11.0,-9.98,1,1.0
IEDB_148828,Leishmania donovani BPK282A1 Antigen,Leishmania donovani BPK282A1,100,11.0,0.51,1,1.0
IEDB_148861,Leishmania donovani BPK282A1 Antigen,Leishmania donovani BPK282A1,100,11.0,30.29,1,1.0
IEDB_150743,Salmonella enterica subsp. enterica serovar Typhimurium Antigen,Salmonella enterica subsp. enterica serovar Typhimurium,100,11.0,16.91,1,1.0
IEDB_150785,Salmonella enterica subsp. enterica serovar Typhimurium Antigen,Salmonella enterica subsp. enterica serovar Typhimurium,100,11.0,50.08,1,1.0
IEDB_154024,Chlamydia trachomatis Serovar B Antigen,Chlamydia trachomatis Serovar B,100,11.0,-7.4,1,1.0
IEDB_154242,Leishmania donovani Antigen,Leishmania donovani,100,11.0,66.71,1,1.0
IEDB_154489,Leishmania donovani Antigen,Leishmania donovani,100,11.0,19.06,1,1.0
IEDB_155712,Vibrio cholerae O1 biovar El Tor str. N16961 Antigen,Vibrio cholerae O1 biovar El Tor str. N16961,100,11.0,-3.91,1,1.0
IEDB_171478,Salmonella enterica subsp. enterica serovar Typhimurium str. LT2 Antigen,Salmonella enterica subsp. enterica serovar Typhimurium str. LT2,100,11.0,17.38,1,1.0
IEDB_171506,Salmonella enterica subsp. enterica serovar Typhimurium str. LT2 Antigen,Salmonella enterica subsp. enterica serovar Typhimurium str. LT2,100,11.0,44.36,1,1.0
IEDB_171581,Salmonella enterica subsp. enterica serovar Typhimurium str. LT2 Antigen,Salmonella enterica subsp. enterica serovar Typhimurium str. LT2,100,11.0,42.68,1,1.0
IEDB_185712,Salmonella enterica subsp. enterica serovar Typhi str. Ty2 Antigen,Salmonella enterica subsp. enterica serovar Typhi str. Ty2,100,11.0,11.38,1,1.0
IEDB_185777,Salmonella enterica subsp. enterica serovar Typhi str. Ty2 Antigen,Salmonella enterica subsp. enterica serovar Typhi str. Ty2,100,11.0,-10.08,1,1.0
IEDB_186772,Chlamydia trachomatis Serovar L2 Antigen,Chlamydia trachomatis Serovar L2,100,11.0,51.41,1,1.0
IEDB_186777,Chlamydia trachomatis Serovar L2 Antigen,Chlamydia trachomatis Serovar L2,100,11.0,69.24,1,1.0
IEDB_186778,Chlamydia trachomatis Serovar L2 Antigen,Chlamydia trachomatis Serovar L2,100,11.0,-5.08,1,1.0
IEDB_186780,Chlamydia trachomatis Serovar L2 Antigen,Chlamydia trachomatis Serovar L2,100,11.0,11.67,1,1.0
IEDB_186784,Chlamydia trachomatis Serovar L2 Antigen,Chlamydia trachomatis Serovar L2,100,11.0,31.36,1,1.0
IEDB_215279,Leptospira interrogans serovar Australis Antigen,Leptospira interrogans serovar Australis,100,11.0,20.86,1,1.0
IEDB_216807,Leptospira interrogans serovar Australis Antigen,Leptospira interrogans serovar Australis,100,11.0,38.84,1,1.0
IEDB_222074,Salmonella enterica subsp. enterica serovar Typhimurium str. SL1344 Antigen,Salmonella enterica subsp. enterica serovar Typhimurium str. SL1344,100,11.0,21.21,1,1.0
IEDB_224185,Salmonella enterica subsp. enterica serovar Typhimurium str. LT2 Antigen,Salmonella enterica subsp. enterica serovar Typhimurium str. LT2,100,11.0,50.91,1,1.0
IEDB_224210,Salmonella enterica subsp. enterica serovar Typhimurium str. LT2 Antigen,Salmonella enterica subsp. enterica serovar Typhimurium str. LT2,100,11.0,67.34,1,1.0
IEDB_224229,Salmonella enterica subsp. enterica serovar Typhimurium str. LT2 Antigen,Salmonella enterica subsp. enterica serovar Typhimurium str. LT2,100,11.0,12.17,1,1.0
IEDB_224240,Salmonella enterica subsp. enterica serovar Typhimurium str. LT2 Antigen,Salmonella enterica subsp. enterica serovar Typhimurium str. LT2,100,11.0,3.43,1,1.0
IEDB_224241,Salmonella enterica subsp. enterica serovar Typhimurium str. LT2 Antigen,Salmonella enterica subsp. enterica serovar Typhimurium str. LT2,100,11.0,8.49,1,1.0
IEDB_224246,Salmonella enterica subsp. enterica serovar Typhimurium str. LT2 Antigen,Salmonella enterica subsp. enterica serovar Typhimurium str. LT2,100,11.0,41.82,1,1.0
IEDB_224250,Salmonella enterica subsp. enterica serovar Typhimurium str. LT2 Antigen,Salmonella enterica subsp. enterica serovar Typhimurium str. LT2,100,11.0,17.52,1,1.0
IEDB_224255,Salmonella enterica subsp. enterica serovar Typhimurium str. LT2 Antigen,Salmonella enterica subsp. enterica serovar Typhimurium str. LT2,100,11.0,30.12,1,1.0
IEDB_224263,Salmonella enterica subsp. enterica serovar Typhimurium str. LT2 Antigen,Salmonella enterica subsp. enterica serovar Typhimurium str. LT2,100,11.0,65.23,1,1.0
IEDB_224265,Salmonella enterica subsp. enterica serovar Typhimurium str. LT2 Antigen,Salmonella enterica subsp. enterica serovar Typhimurium str. LT2,100,11.0,-11.7,1,1.0
IEDB_224271,Salmonella enterica subsp. enterica serovar Typhimurium str. LT2 Antigen,Salmonella enterica subsp. enterica serovar Typhimurium str. LT2,100,11.0,38.86,1,1.0
IEDB_224319,Salmonella enterica subsp. enterica serovar Typhimurium str. LT2 Antigen,Salmonella enterica subsp. enterica serovar Typhimurium str. LT2,100,11.0,10.98,1,1.0
IEDB_224324,Salmonella enterica subsp. enterica serovar Typhimurium str. LT2 Antigen,Salmonella enterica subsp. enterica serovar Typhimurium str. LT2,100,11.0,32.33,1,1.0
IEDB_224359,Salmonella enterica subsp. enterica serovar Typhimurium str. LT2 Antigen,Salmonella enterica subsp. enterica serovar Typhimurium str. LT2,100,11.0,-20.46,1,1.0
IEDB_224376,Salmonella enterica subsp. enterica serovar Typhimurium str. LT2 Antigen,Salmonella enterica subsp. enterica serovar Typhimurium str. LT2,100,11.0,31.47,1,1.0
IEDB_224377,Salmonella enterica subsp. enterica serovar Typhimurium str. LT2 Antigen,Salmonella enterica subsp. enterica serovar Typhimurium str. LT2,100,11.0,69.09,1,1.0
IEDB_224380,Salmonella enterica subsp. enterica serovar Typhimurium str. LT2 Antigen,Salmonella enterica subsp. enterica serovar Typhimurium str. LT2,100,11.0,14.68,1,1.0
IEDB_224387,Salmonella enterica subsp. enterica serovar Typhimurium str. LT2 Antigen,Salmonella enterica subsp. enterica serovar Typhimurium str. LT2,100,11.0,-10.36,1,1.0
IEDB_224390,Salmonella enterica subsp. enterica serovar Typhimurium str. LT2 Antigen,Salmonella enterica subsp. enterica serovar Typhimurium str. LT2,100,11.0,5.92,1,1.0
IEDB_224391,Salmonella enterica subsp. enterica serovar Typhimurium str. LT2 Antigen,Salmonella enterica subsp. enterica serovar Typhimurium str. LT2,100,11.0,10.08,1,1.0
IEDB_224393,Salmonella enterica subsp. enterica serovar Typhimurium str. LT2 Antigen,Salmonella enterica subsp. enterica serovar Typhimurium str. LT2,100,11.0,16.62,1,1.0
IEDB_224397,Salmonella enterica subsp. enterica serovar Typhimurium str. LT2 Antigen,Salmonella enterica subsp. enterica serovar Typhimurium str. LT2,100,11.0,-31.35,1,1.0
IEDB_224403,Salmonella enterica subsp. enterica serovar Typhimurium str. LT2 Antigen,Salmonella enterica subsp. enterica serovar Typhimurium str. LT2,100,11.0,60.33,1,1.0
IEDB_224413,Salmonella enterica subsp. enterica serovar Typhimurium str. LT2 Antigen,Salmonella enterica subsp. enterica serovar Typhimurium str. LT2,100,11.0,70.78,1,1.0
IEDB_224414,Salmonella enterica subsp. enterica serovar Typhimurium str. LT2 Antigen,Salmonella enterica subsp. enterica serovar Typhimurium str. LT2,100,11.0,122.75,1,1.0
IEDB_224438,Salmonella enterica subsp. enterica serovar Typhimurium str. LT2 Antigen,Salmonella enterica subsp. enterica serovar Typhimurium str. LT2,100,11.0,75.11,1,1.0
IEDB_224446,Salmonella enterica subsp. enterica serovar Typhimurium str. LT2 Antigen,Salmonella enterica subsp. enterica serovar Typhimurium str. LT2,100,11.0,78.69,1,1.0
IEDB_224495,Salmonella enterica subsp. enterica serovar Typhimurium str. LT2 Antigen,Salmonella enterica subsp. enterica serovar Typhimurium str. LT2,100,11.0,27.74,1,1.0
IEDB_224496,Salmonella enterica subsp. enterica serovar Typhimurium str. LT2 Antigen,Salmonella enterica subsp. enterica serovar Typhimurium str. LT2,100,11.0,68.49,1,1.0
IEDB_224519,Salmonella enterica subsp. enterica serovar Typhimurium str. LT2 Antigen,Salmonella enterica subsp. enterica serovar Typhimurium str. LT2,100,11.0,38.4,1,1.0
IEDB_224521,Salmonella enterica subsp. enterica serovar Typhimurium str. LT2 Antigen,Salmonella enterica subsp. enterica serovar Typhimurium str. LT2,100,11.0,24.61,1,1.0
IEDB_224528,Salmonella enterica subsp. enterica serovar Typhimurium str. LT2 Antigen,Salmonella enterica subsp. enterica serovar Typhimurium str. LT2,100,11.0,77.98,1,1.0
IEDB_224531,Salmonella enterica subsp. enterica serovar Typhimurium str. LT2 Antigen,Salmonella enterica subsp. enterica serovar Typhimurium str. LT2,100,11.0,63.73,1,1.0
IEDB_224533,Salmonella enterica subsp. enterica serovar Typhimurium str. LT2 Antigen,Salmonella enterica subsp. enterica serovar Typhimurium str. LT2,100,11.0,29.55,1,1.0
IEDB_224537,Salmonella enterica subsp. enterica serovar Typhimurium str. LT2 Antigen,Salmonella enterica subsp. enterica serovar Typhimurium str. LT2,100,11.0,52.5,1,1.0
IEDB_224553,Salmonella enterica subsp. enterica serovar Typhimurium str. LT2 Antigen,Salmonella enterica subsp. enterica serovar Typhimurium str. LT2,100,11.0,20.05,1,1.0
IEDB_224558,Salmonella enterica subsp. enterica serovar Typhimurium str. LT2 Antigen,Salmonella enterica subsp. enterica serovar Typhimurium str. LT2,100,11.0,40.82,1,1.0
IEDB_224563,Salmonella enterica subsp. enterica serovar Typhimurium str. LT2 Antigen,Salmonella enterica subsp. enterica serovar Typhimurium str. LT2,100,11.0,62.69,1,1.0
IEDB_224579,Salmonella enterica subsp. enterica serovar Typhimurium str. LT2 Antigen,Salmonella enterica subsp. enterica serovar Typhimurium str. LT2,100,11.0,74.14,1,1.0
IEDB_224583,Salmonella enterica subsp. enterica serovar Typhimurium str. LT2 Antigen,Salmonella enterica subsp. enterica serovar Typhimurium str. LT2,100,11.0,60.81,1,1.0
IEDB_224584,Salmonella enterica subsp. enterica serovar Typhimurium str. LT2 Antigen,Salmonella enterica subsp. enterica serovar Typhimurium str. LT2,100,11.0,62.69,1,1.0
IEDB_224585,Salmonella enterica subsp. enterica serovar Typhimurium str. LT2 Antigen,Salmonella enterica subsp. enterica serovar Typhimurium str. LT2,100,11.0,87.48,1,1.0
IEDB_224586,Salmonella enterica subsp. enterica serovar Typhimurium str. LT2 Antigen,Salmonella enterica subsp. enterica serovar Typhimurium str. LT2,100,11.0,131.92,1,1.0
IEDB_224591,Salmonella enterica subsp. enterica serovar Typhimurium str. LT2 Antigen,Salmonella enterica subsp. enterica serovar Typhimurium str. LT2,100,11.0,66.86,1,1.0
IEDB_224596,Salmonella enterica subsp. enterica serovar Typhimurium str. LT2 Antigen,Salmonella enterica subsp. enterica serovar Typhimurium str. LT2,100,11.0,64.04,1,1.0
IEDB_224598,Salmonella enterica subsp. enterica serovar Typhimurium str. LT2 Antigen,Salmonella enterica subsp. enterica serovar Typhimurium str. LT2,100,11.0,105.6,1,1.0
IEDB_224599,Salmonella enterica subsp. enterica serovar Typhimurium str. LT2 Antigen,Salmonella enterica subsp. enterica serovar Typhimurium str. LT2,100,11.0,-5.61,1,1.0
IEDB_224600,Salmonella enterica subsp. enterica serovar Typhimurium str. LT2 Antigen,Salmonella enterica subsp. enterica serovar Typhimurium str. LT2,100,11.0,47.15,1,1.0
IEDB_224601,Salmonella enterica subsp. enterica serovar Typhimurium str. LT2 Antigen,Salmonella enterica subsp. enterica serovar Typhimurium str. LT2,100,11.0,47.18,1,1.0
IEDB_224609,Salmonella enterica subsp. enterica serovar Typhimurium str. LT2 Antigen,Salmonella enterica subsp. enterica serovar Typhimurium str. LT2,100,11.0,25.8,1,1.0
IEDB_224629,Salmonella enterica subsp. enterica serovar Typhimurium str. LT2 Antigen,Salmonella enterica subsp. enterica serovar Typhimurium str. LT2,100,11.0,-33.52,1,1.0
IEDB_224631,Salmonella enterica subsp. enterica serovar Typhimurium str. LT2 Antigen,Salmonella enterica subsp. enterica serovar Typhimurium str. LT2,100,11.0,34.1,1,1.0
IEDB_224638,Salmonella enterica subsp. enterica serovar Typhimurium str. LT2 Antigen,Salmonella enterica subsp. enterica serovar Typhimurium str. LT2,100,11.0,0.92,1,1.0
IEDB_224639,Salmonella enterica subsp. enterica serovar Typhimurium str. LT2 Antigen,Salmonella enterica subsp. enterica serovar Typhimurium str. LT2,100,11.0,42.55,1,1.0
IEDB_224652,Salmonella enterica subsp. enterica serovar Typhimurium str. LT2 Antigen,Salmonella enterica subsp. enterica serovar Typhimurium str. LT2,100,11.0,2.7,1,1.0
IEDB_224656,Salmonella enterica subsp. enterica serovar Typhimurium str. LT2 Antigen,Salmonella enterica subsp. enterica serovar Typhimurium str. LT2,100,11.0,5.95,1,1.0
IEDB_224658,Salmonella enterica subsp. enterica serovar Typhimurium str. LT2 Antigen,Salmonella enterica subsp. enterica serovar Typhimurium str. LT2,100,11.0,74.42,1,1.0
IEDB_224663,Salmonella enterica subsp. enterica serovar Typhimurium str. LT2 Antigen,Salmonella enterica subsp. enterica serovar Typhimurium str. LT2,100,11.0,44.93,1,1.0
IEDB_224671,Salmonella enterica subsp. enterica serovar Typhimurium str. LT2 Antigen,Salmonella enterica subsp. enterica serovar Typhimurium str. LT2,100,11.0,-15.39,1,1.0
IEDB_224688,Salmonella enterica subsp. enterica serovar Typhimurium str. LT2 Antigen,Salmonella enterica subsp. enterica serovar Typhimurium str. LT2,100,11.0,23.42,1,1.0
IEDB_224695,Salmonella enterica subsp. enterica serovar Typhimurium str. LT2 Antigen,Salmonella enterica subsp. enterica serovar Typhimurium str. LT2,100,11.0,84.64,1,1.0
IEDB_224697,Salmonella enterica subsp. enterica serovar Typhimurium str. LT2 Antigen,Salmonella enterica subsp. enterica serovar Typhimurium str. LT2,100,11.0,-3.83,1,1.0
IEDB_224714,Salmonella enterica subsp. enterica serovar Typhimurium str. LT2 Antigen,Salmonella enterica subsp. enterica serovar Typhimurium str. LT2,100,11.0,58.45,1,1.0
IEDB_224719,Salmonella enterica subsp. enterica serovar Typhimurium str. LT2 Antigen,Salmonella enterica subsp. enterica serovar Typhimurium str. LT2,100,11.0,39.17,1,1.0
IEDB_224720,Salmonella enterica subsp. enterica serovar Typhimurium str. LT2 Antigen,Salmonella enterica subsp. enterica serovar Typhimurium str. LT2,100,11.0,32.45,1,1.0
IEDB_224724,Salmonella enterica subsp. enterica serovar Typhimurium str. LT2 Antigen,Salmonella enterica subsp. enterica serovar Typhimurium str. LT2,100,11.0,44.1,1,1.0
IEDB_224740,Salmonella enterica subsp. enterica serovar Typhimurium str. LT2 Antigen,Salmonella enterica subsp. enterica serovar Typhimurium str. LT2,100,11.0,42.55,1,1.0
IEDB_224741,Salmonella enterica subsp. enterica serovar Typhimurium str. LT2 Antigen,Salmonella enterica subsp. enterica serovar Typhimurium str. LT2,100,11.0,42.55,1,1.0
IEDB_224744,Salmonella enterica subsp. enterica serovar Typhimurium str. LT2 Antigen,Salmonella enterica subsp. enterica serovar Typhimurium str. LT2,100,11.0,68.32,1,1.0
IEDB_224747,Salmonella enterica subsp. enterica serovar Typhimurium str. LT2 Antigen,Salmonella enterica subsp. enterica serovar Typhimurium str. LT2,100,11.0,62.87,1,1.0
IEDB_225733,Leishmania donovani Antigen,Leishmania donovani,100,11.0,5.69,1,1.0
IEDB_226173,Salmonella enterica subsp. enterica serovar Typhimurium str. LT2 Antigen,Salmonella enterica subsp. enterica serovar Typhimurium str. LT2,100,11.0,23.89,1,1.0
IEDB_226539,Salmonella enterica subsp. enterica serovar Paratyphi B str. SPB7 Antigen,Salmonella enterica subsp. enterica serovar Paratyphi B str. SPB7,100,11.0,42.26,1,1.0
IEDB_226817,Leishmania donovani Antigen,Leishmania donovani,100,11.0,31.37,1,1.0
IEDB_227640,Salmonella enterica subsp. enterica serovar Typhi str. Ty2 Antigen,Salmonella enterica subsp. enterica serovar Typhi str. Ty2,100,11.0,39.26,1,1.0
IEDB_227647,Salmonella enterica subsp. enterica serovar Typhi str. Ty2 Antigen,Salmonella enterica subsp. enterica serovar Typhi str. Ty2,100,11.0,32.16,1,1.0
IEDB_238478,Salmonella enterica subsp. enterica serovar Typhimurium Antigen,Salmonella enterica subsp. enterica serovar Typhimurium,100,11.0,62.28,1,1.0
IEDB_238506,Salmonella enterica subsp. enterica serovar Typhimurium Antigen,Salmonella enterica subsp. enterica serovar Typhimurium,100,11.0,57.92,1,1.0
IEDB_412776,Salmonella enterica subsp. enterica serovar Typhimurium Antigen,Salmonella enterica subsp. enterica serovar Typhimurium,100,11.0,20.86,1,1.0
IEDB_413114,Salmonella enterica subsp. enterica serovar Typhimurium Antigen,Salmonella enterica subsp. enterica serovar Typhimurium,100,11.0,-3.74,1,1.0
IEDB_413252,Salmonella enterica subsp. enterica serovar Typhimurium Antigen,Salmonella enterica subsp. enterica serovar Typhimurium,100,11.0,-0.54,1,1.0
REF_SIINFEKL,Ovalbumin (OVA),Gallus gallus,385,42.88,37.11,5,1.3
IEDB_483668,Chlamydia trachomatis Serovar E Antigen,Chlamydia trachomatis Serovar E,100,11.0,13.17,1,1.0
IEDB_599205,Leishmania donovani Antigen,Leishmania donovani,100,11.0,39.77,1,1.0
IEDB_599210,Leishmania donovani Antigen,Leishmania donovani,100,11.0,-11.27,1,1.0
IEDB_599218,Leishmania donovani Antigen,Leishmania donovani,100,11.0,41.33,1,1.0
IEDB_599219,Leishmania donovani Antigen,Leishmania donovani,100,11.0,37.53,1,1.0
IEDB_599256,Leishmania donovani Antigen,Leishmania donovani,100,11.0,40.26,1,1.0
IEDB_599342,Leishmania donovani Antigen,Leishmania donovani,100,11.0,37.18,1,1.0
IEDB_599823,Leishmania donovani Antigen,Leishmania donovani,100,11.0,35.68,1,1.0
IEDB_599824,Leishmania donovani Antigen,Leishmania donovani,100,11.0,44.0,1,1.0
IEDB_599828,Salmonella enterica subsp. enterica serovar Typhi Antigen,Salmonella enterica subsp. enterica serovar Typhi,100,11.0,-19.41,1,1.0
IEDB_599845,Leishmania donovani Antigen,Leishmania donovani,100,11.0,35.2,1,1.0
IEDB_599855,Leishmania donovani Antigen,Leishmania donovani,100,11.0,51.69,1,1.0
IEDB_599883,Leishmania donovani Antigen,Leishmania donovani,100,11.0,57.71,1,1.0
IEDB_605964,Leptospira interrogans serovar Pomona Antigen,Leptospira interrogans serovar Pomona,100,11.0,48.63,1,1.0
IEDB_605976,Leptospira interrogans serovar Pomona Antigen,Leptospira interrogans serovar Pomona,100,11.0,-7.03,1,1.0
IEDB_683532,Leishmania donovani Antigen,Leishmania donovani,100,11.0,8.89,1,1.0
IEDB_683538,Leishmania donovani Antigen,Leishmania donovani,100,11.0,9.97,1,1.0
IEDB_683545,Leishmania donovani Antigen,Leishmania donovani,100,11.0,-27.71,1,1.0
IEDB_730305,Leishmania donovani Antigen,Leishmania donovani,100,11.0,1.99,1,1.0
IEDB_730306,Leishmania donovani Antigen,Leishmania donovani,100,11.0,57.45,1,1.0
IEDB_730307,Leishmania donovani Antigen,Leishmania donovani,100,11.0,55.35,1,1.0
IEDB_730310,Leishmania donovani Antigen,Leishmania donovani,100,11.0,66.55,1,1.0
IEDB_730311,Leishmania donovani Antigen,Leishmania donovani,100,11.0,50.62,1,1.0
IEDB_733313,Leishmania donovani Antigen,Leishmania donovani,100,11.0,-5.03,1,1.0
IEDB_733472,Leishmania donovani Antigen,Leishmania donovani,100,11.0,15.07,1,1.0
IEDB_733547,Leishmania donovani Antigen,Leishmania donovani,100,11.0,15.07,1,1.0
IEDB_733573,Leishmania donovani Antigen,Leishmania donovani,100,11.0,15.07,1,1.0
IEDB_734094,Leishmania donovani Antigen,Leishmania donovani,100,11.0,25.37,1,1.0
IEDB_734143,Leishmania donovani Antigen,Leishmania donovani,100,11.0,46.44,1,1.0
IEDB_746118,Leishmania donovani Antigen,Leishmania donovani,100,11.0,8.89,1,1.0
IEDB_746435,Leishmania donovani Antigen,Leishmania donovani,100,11.0,49.38,1,1.0
IEDB_746773,Leishmania donovani Antigen,Leishmania donovani,100,11.0,104.8,1,1.0
IEDB_746836,Leishmania donovani Antigen,Leishmania donovani,100,11.0,14.37,1,1.0
IEDB_746857,Leishmania donovani Antigen,Leishmania donovani,100,11.0,-0.14,1,1.0
IEDB_746858,Leishmania donovani Antigen,Leishmania donovani,100,11.0,41.68,1,1.0
IEDB_746886,Leishmania donovani Antigen,Leishmania donovani,100,11.0,32.8,1,1.0
IEDB_746896,Leishmania donovani Antigen,Leishmania donovani,100,11.0,26.25,1,1.0
IEDB_746916,Leishmania donovani Antigen,Leishmania donovani,100,11.0,-1.86,1,1.0
IEDB_747287,Leishmania donovani Antigen,Leishmania donovani,100,11.0,7.21,1,1.0
IEDB_747723,Leishmania donovani Antigen,Leishmania donovani,100,11.0,81.33,1,1.0
IEDB_747763,Leishmania donovani Antigen,Leishmania donovani,100,11.0,40.11,1,1.0
IEDB_747772,Leishmania donovani Antigen,Leishmania donovani,100,11.0,89.33,1,1.0
IEDB_747801,Leishmania donovani Antigen,Leishmania donovani,100,11.0,101.78,1,1.0
IEDB_747866,Leishmania donovani Antigen,Leishmania donovani,100,11.0,5.73,1,1.0
IEDB_748390,Leishmania donovani Antigen,Leishmania donovani,100,11.0,43.72,1,1.0
IEDB_748436,Leishmania donovani Antigen,Leishmania donovani,100,11.0,87.75,1,1.0
IEDB_748748,Leishmania donovani Antigen,Leishmania donovani,100,11.0,25.6,1,1.0
IEDB_748749,Leishmania donovani Antigen,Leishmania donovani,100,11.0,18.71,1,1.0
IEDB_748764,Leishmania donovani Antigen,Leishmania donovani,100,11.0,70.07,1,1.0
IEDB_748765,Leishmania donovani Antigen,Leishmania donovani,100,11.0,59.79,1,1.0
IEDB_748793,Leishmania donovani Antigen,Leishmania donovani,100,11.0,113.6,1,1.0
IEDB_761222,Salmonella enterica subsp. enterica serovar Heidelberg Antigen,Salmonella enterica subsp. enterica serovar Heidelberg,100,11.0,-24.57,1,1.0
IEDB_761225,Salmonella enterica subsp. enterica serovar Heidelberg Antigen,Salmonella enterica subsp. enterica serovar Heidelberg,100,11.0,56.6,1,1.0
IEDB_761226,Salmonella enterica subsp. enterica serovar Heidelberg Antigen,Salmonella enterica subsp. enterica serovar Heidelberg,100,11.0,48.48,1,1.0
IEDB_761227,Salmonella enterica subsp. enterica serovar Heidelberg Antigen,Salmonella enterica subsp. enterica serovar Heidelberg,100,11.0,23.96,1,1.0
IEDB_761232,Salmonella enterica subsp. enterica serovar Heidelberg Antigen,Salmonella enterica subsp. enterica serovar Heidelberg,100,11.0,47.15,1,1.0
IEDB_761233,Salmonella enterica subsp. enterica serovar Heidelberg Antigen,Salmonella enterica subsp. enterica serovar Heidelberg,100,11.0,78.25,1,1.0
IEDB_761236,Salmonella enterica subsp. enterica serovar Heidelberg Antigen,Salmonella enterica subsp. enterica serovar Heidelberg,100,11.0,4.87,1,1.0
IEDB_761237,Salmonella enterica subsp. enterica serovar Heidelberg Antigen,Salmonella enterica subsp. enterica serovar Heidelberg,100,11.0,17.13,1,1.0
IEDB_761238,Salmonella enterica subsp. enterica serovar Heidelberg Antigen,Salmonella enterica subsp. enterica serovar Heidelberg,100,11.0,8.57,1,1.0
IEDB_831944,Leishmania donovani BPK282A1 Antigen,Leishmania donovani BPK282A1,100,11.0,-7.81,1,1.0
IEDB_831998,Leishmania donovani BPK282A1 Antigen,Leishmania donovani BPK282A1,100,11.0,94.49,1,1.0
IEDB_832044,Leishmania donovani BPK282A1 Antigen,Leishmania donovani BPK282A1,100,11.0,63.1,1,1.0
IEDB_832046,Leishmania donovani BPK282A1 Antigen,Leishmania donovani BPK282A1,100,11.0,68.57,1,1.0
IEDB_832059,Leishmania donovani BPK282A1 Antigen,Leishmania donovani BPK282A1,100,11.0,8.89,1,1.0
IEDB_877289,Leishmania donovani Antigen,Leishmania donovani,100,11.0,37.58,1,1.0
IEDB_877290,Leishmania donovani Antigen,Leishmania donovani,100,11.0,16.62,1,1.0
IEDB_877291,Leishmania donovani Antigen,Leishmania donovani,100,11.0,8.65,1,1.0
IEDB_877292,Leishmania donovani Antigen,Leishmania donovani,100,11.0,31.92,1,1.0
IEDB_877293,Leishmania donovani Antigen,Leishmania donovani,100,11.0,41.99,1,1.0
IEDB_877294,Leishmania donovani Antigen,Leishmania donovani,100,11.0,40.91,1,1.0
IEDB_877295,Leishmania donovani Antigen,Leishmania donovani,100,11.0,64.95,1,1.0
IEDB_877296,Leishmania donovani Antigen,Leishmania donovani,100,11.0,17.56,1,1.0
IEDB_877297,Leishmania donovani Antigen,Leishmania donovani,100,11.0,-23.95,1,1.0
IEDB_877299,Leishmania donovani Antigen,Leishmania donovani,100,11.0,-14.47,1,1.0
IEDB_877301,Leishmania donovani Antigen,Leishmania donovani,100,11.0,-0.47,1,1.0
IEDB_877302,Leishmania donovani Antigen,Leishmania donovani,100,11.0,23.69,1,1.0
IEDB_877304,Leishmania donovani Antigen,Leishmania donovani,100,11.0,28.21,1,1.0
IEDB_877305,Leishmania donovani Antigen,Leishmania donovani,100,11.0,67.99,1,1.0
IEDB_877306,Leishmania donovani Antigen,Leishmania donovani,100,11.0,47.85,1,1.0
IEDB_877307,Leishmania donovani Antigen,Leishmania donovani,100,11.0,-18.95,1,1.0
IEDB_877308,Leishmania donovani Antigen,Leishmania donovani,100,11.0,9.73,1,1.0
IEDB_877309,Leishmania donovani Antigen,Leishmania donovani,100,11.0,33.09,1,1.0
IEDB_877311,Leishmania donovani Antigen,Leishmania donovani,100,11.0,19.08,1,1.0
IEDB_877313,Leishmania donovani Antigen,Leishmania donovani,100,11.0,58.61,1,1.0
IEDB_877314,Leishmania donovani Antigen,Leishmania donovani,100,11.0,26.05,1,1.0
IEDB_877315,Leishmania donovani Antigen,Leishmania donovani,100,11.0,26.48,1,1.0
IEDB_877316,Leishmania donovani Antigen,Leishmania donovani,100,11.0,-12.63,1,1.0
IEDB_877317,Leishmania donovani Antigen,Leishmania donovani,100,11.0,69.41,1,1.0
IEDB_877319,Leishmania donovani Antigen,Leishmania donovani,100,11.0,142.91,1,1.0
IEDB_877320,Leishmania donovani Antigen,Leishmania donovani,100,11.0,22.95,1,1.0
IEDB_877321,Leishmania donovani Antigen,Leishmania donovani,100,11.0,58.09,1,1.0
IEDB_877322,Leishmania donovani Antigen,Leishmania donovani,100,11.0,11.49,1,1.0
IEDB_877323,Leishmania donovani Antigen,Leishmania donovani,100,11.0,57.77,1,1.0
IEDB_877324,Leishmania donovani Antigen,Leishmania donovani,100,11.0,-7.65,1,1.0
IEDB_877325,Leishmania donovani Antigen,Leishmania donovani,100,11.0,8.39,1,1.0
IEDB_877327,Leishmania donovani Antigen,Leishmania donovani,100,11.0,58.42,1,1.0
IEDB_877328,Leishmania donovani Antigen,Leishmania donovani,100,11.0,45.77,1,1.0
IEDB_877329,Leishmania donovani Antigen,Leishmania donovani,100,11.0,60.69,1,1.0
IEDB_877330,Leishmania donovani Antigen,Leishmania donovani,100,11.0,62.39,1,1.0
IEDB_877333,Leishmania donovani Antigen,Leishmania donovani,100,11.0,56.73,1,1.0
IEDB_913038,Salmonella enterica subsp. enterica serovar Typhi str. Quailes Antigen,Salmonella enterica subsp. enterica serovar Typhi str. Quailes,100,11.0,10.3,1,1.0
IEDB_913039,Salmonella enterica subsp. enterica serovar Paratyphi A Antigen,Salmonella enterica subsp. enterica serovar Paratyphi A,100,11.0,35.52,1,1.0
IEDB_913040,Salmonella enterica subsp. enterica serovar Enteritidis str. LK5 Antigen,Salmonella enterica subsp. enterica serovar Enteritidis str. LK5,100,11.0,58.81,1,1.0
IEDB_913041,Salmonella enterica subsp. enterica serovar Typhimurium str. LT2 Antigen,Salmonella enterica subsp. enterica serovar Typhimurium str. LT2,100,11.0,40.95,1,1.0
IEDB_913044,Salmonella enterica subsp. enterica serovar Enteritidis Antigen,Salmonella enterica subsp. enterica serovar Enteritidis,100,11.0,30.36,1,1.0
IEDB_913046,Salmonella enterica subsp. enterica serovar Typhi Antigen,Salmonella enterica subsp. enterica serovar Typhi,100,11.0,27.8,1,1.0
IEDB_913047,Salmonella enterica subsp. enterica serovar Paratyphi A Antigen,Salmonella enterica subsp. enterica serovar Paratyphi A,100,11.0,27.8,1,1.0
IEDB_913048,Salmonella enterica subsp. enterica serovar Paratyphi A Antigen,Salmonella enterica subsp. enterica serovar Paratyphi A,100,11.0,60.68,1,1.0
IEDB_1323979,Leishmania donovani Antigen,Leishmania donovani,100,11.0,8.89,1,1.0
IEDB_1324343,Leishmania donovani Antigen,Leishmania donovani,100,11.0,19.4,1,1.0
IEDB_1324728,Leishmania donovani Antigen,Leishmania donovani,100,11.0,14.22,1,1.0
IEDB_1325204,Leishmania donovani Antigen,Leishmania donovani,100,11.0,69.68,1,1.0
IEDB_1325208,Leishmania donovani Antigen,Leishmania donovani,100,11.0,121.91,1,1.0
IEDB_1379841,Salmonella enterica subsp. enterica serovar Typhi Antigen,Salmonella enterica subsp. enterica serovar Typhi,100,11.0,61.8,1,1.0
IEDB_1379974,Salmonella enterica subsp. enterica serovar Typhi Antigen,Salmonella enterica subsp. enterica serovar Typhi,100,11.0,40.29,1,1.0
IEDB_1380130,Salmonella enterica subsp. enterica serovar Typhi Antigen,Salmonella enterica subsp. enterica serovar Typhi,100,11.0,20.68,1,1.0
IEDB_1380162,Salmonella enterica subsp. enterica serovar Typhi Antigen,Salmonella enterica subsp. enterica serovar Typhi,100,11.0,1.28,1,1.0
IEDB_1380768,Salmonella enterica subsp. enterica serovar Typhi Antigen,Salmonella enterica subsp. enterica serovar Typhi,100,11.0,33.47,1,1.0
IEDB_1384322,Salmonella enterica subsp. enterica serovar Typhi Antigen,Salmonella enterica subsp. enterica serovar Typhi,100,11.0,42.0,1,1.0
IEDB_1384375,Salmonella enterica subsp. enterica serovar Typhi Antigen,Salmonella enterica subsp. enterica serovar Typhi,100,11.0,20.9,1,1.0
IEDB_1844110,Bacteroides ovatus Antigen,Bacteroides ovatus,100,11.0,-9.98,1,1.0
IEDB_1845074,Bacteroides ovatus Antigen,Bacteroides ovatus,100,11.0,18.98,1,1.0
IEDB_1845079,Bacteroides ovatus Antigen,Bacteroides ovatus,100,11.0,-13.18,1,1.0
IEDB_1845192,Bacteroides ovatus Antigen,Bacteroides ovatus,100,11.0,17.66,1,1.0
IEDB_1845639,Bacteroides ovatus Antigen,Bacteroides ovatus,100,11.0,8.89,1,1.0
IEDB_1845801,Bacteroides ovatus Antigen,Bacteroides ovatus,100,11.0,45.45,1,1.0
IEDB_2120368,Leptospira borgpetersenii serovar Sejroe Antigen,Leptospira borgpetersenii serovar Sejroe,100,11.0,33.68,1,1.0
IEDB_2120378,Leptospira borgpetersenii serovar Sejroe Antigen,Leptospira borgpetersenii serovar Sejroe,100,11.0,0.51,1,1.0
IEDB_2120385,Leptospira borgpetersenii serovar Sejroe Antigen,Leptospira borgpetersenii serovar Sejroe,100,11.0,102.29,1,1.0
IEDB_2120389,Leptospira borgpetersenii serovar Sejroe Antigen,Leptospira borgpetersenii serovar Sejroe,100,11.0,13.96,1,1.0
IEDB_2120390,Leptospira borgpetersenii serovar Sejroe Antigen,Leptospira borgpetersenii serovar Sejroe,100,11.0,32.82,1,1.0
IEDB_2120398,Leptospira borgpetersenii serovar Sejroe Antigen,Leptospira borgpetersenii serovar Sejroe,100,11.0,61.62,1,1.0
IEDB_2120401,Leptospira borgpetersenii serovar Javanica Antigen,Leptospira borgpetersenii serovar Javanica,100,11.0,5.74,1,1.0
IEDB_2120419,Leptospira borgpetersenii serovar Sejroe Antigen,Leptospira borgpetersenii serovar Sejroe,100,11.0,53.64,1,1.0
IEDB_2120436,Leptospira borgpetersenii serovar Sejroe Antigen,Leptospira borgpetersenii serovar Sejroe,100,11.0,8.89,1,1.0
IEDB_2123432,Salmonella enterica subsp. enterica serovar Typhi Antigen,Salmonella enterica subsp. enterica serovar Typhi,100,11.0,69.89,1,1.0
IEDB_2156743,Leptospira interrogans serovar Lai Antigen,Leptospira interrogans serovar Lai,100,11.0,27.95,1,1.0
IEDB_2156924,Leptospira interrogans serovar Lai Antigen,Leptospira interrogans serovar Lai,100,11.0,37.73,1,1.0
IEDB_2156962,Leptospira interrogans serovar Hardjo str. Norma Antigen,Leptospira interrogans serovar Hardjo str. Norma,100,11.0,43.17,1,1.0
IEDB_2226947,Leishmania donovani Antigen,Leishmania donovani,100,11.0,35.96,1,1.0
IEDB_2227484,Bacteroides ovatus Antigen,Bacteroides ovatus,100,11.0,-10.64,1,1.0
IEDB_2234139,Brucella melitensis biovar Melitensis Antigen,Brucella melitensis biovar Melitensis,100,11.0,18.63,1,1.0
IEDB_2234223,Brucella melitensis biovar Melitensis Antigen,Brucella melitensis biovar Melitensis,100,11.0,10.39,1,1.0
IEDB_2677068,Chlamydia trachomatis Serovar D Antigen,Chlamydia trachomatis Serovar D,100,11.0,90.36,1,1.0
IEDB_2677069,Chlamydia trachomatis Serovar E Antigen,Chlamydia trachomatis Serovar E,100,11.0,38.41,1,1.0
IEDB_2677070,Chlamydia trachomatis Serovar D Antigen,Chlamydia trachomatis Serovar D,100,11.0,-4.58,1,1.0
IEDB_2677076,Chlamydia trachomatis Serovar D Antigen,Chlamydia trachomatis Serovar D,100,11.0,21.42,1,1.0
IEDB_2677077,Chlamydia trachomatis Serovar D Antigen,Chlamydia trachomatis Serovar D,100,11.0,-0.4,1,1.0
IEDB_2677079,Chlamydia trachomatis Serovar D Antigen,Chlamydia trachomatis Serovar D,100,11.0,-0.3,1,1.0
IEDB_2677080,Chlamydia trachomatis Serovar D Antigen,Chlamydia trachomatis Serovar D,100,11.0,49.25,1,1.0
IEDB_2677081,Chlamydia trachomatis Serovar D Antigen,Chlamydia trachomatis Serovar D,100,11.0,25.38,1,1.0
IEDB_2677082,Chlamydia trachomatis Serovar D Antigen,Chlamydia trachomatis Serovar D,100,11.0,10.22,1,1.0
IEDB_2677083,Chlamydia trachomatis Serovar D Antigen,Chlamydia trachomatis Serovar D,100,11.0,73.66,1,1.0
IEDB_2677084,Chlamydia trachomatis Serovar D Antigen,Chlamydia trachomatis Serovar D,100,11.0,10.74,1,1.0
IEDB_2677086,Chlamydia trachomatis Serovar D Antigen,Chlamydia trachomatis Serovar D,100,11.0,9.68,1,1.0
IEDB_2677088,Chlamydia trachomatis Serovar D Antigen,Chlamydia trachomatis Serovar D,100,11.0,47.83,1,1.0
IEDB_2677091,Chlamydia trachomatis Serovar D Antigen,Chlamydia trachomatis Serovar D,100,11.0,38.09,1,1.0
IEDB_2677092,Chlamydia trachomatis Serovar D Antigen,Chlamydia trachomatis Serovar D,100,11.0,13.4,1,1.0
IEDB_2677100,Chlamydia trachomatis Serovar E Antigen,Chlamydia trachomatis Serovar E,100,11.0,-7.47,1,1.0
IEDB_2677101,Chlamydia trachomatis Serovar D Antigen,Chlamydia trachomatis Serovar D,100,11.0,-15.96,1,1.0
IEDB_2677102,Chlamydia trachomatis Serovar F Antigen,Chlamydia trachomatis Serovar F,100,11.0,-0.14,1,1.0
IEDB_2677103,Chlamydia trachomatis Serovar G Antigen,Chlamydia trachomatis Serovar G,100,11.0,7.95,1,1.0
IEDB_2677104,Chlamydia trachomatis Serovar E Antigen,Chlamydia trachomatis Serovar E,100,11.0,1.03,1,1.0
IEDB_2677105,Chlamydia trachomatis Serovar D Antigen,Chlamydia trachomatis Serovar D,100,11.0,-3.21,1,1.0
IEDB_2677127,Chlamydia trachomatis Serovar E Antigen,Chlamydia trachomatis Serovar E,100,11.0,12.1,1,1.0
IEDB_2677128,Chlamydia trachomatis Serovar F Antigen,Chlamydia trachomatis Serovar F,100,11.0,25.98,1,1.0
IEDB_2677129,Chlamydia trachomatis Serovar G Antigen,Chlamydia trachomatis Serovar G,100,11.0,29.25,1,1.0
IEDB_2677132,Chlamydia trachomatis Serovar D Antigen,Chlamydia trachomatis Serovar D,100,11.0,70.48,1,1.0
IEDB_2677134,Chlamydia trachomatis Serovar D Antigen,Chlamydia trachomatis Serovar D,100,11.0,4.74,1,1.0
IEDB_2677137,Chlamydia trachomatis Serovar G Antigen,Chlamydia trachomatis Serovar G,100,11.0,11.79,1,1.0
IEDB_2677138,Chlamydia trachomatis Serovar E Antigen,Chlamydia trachomatis Serovar E,100,11.0,16.34,1,1.0
IEDB_2677139,Chlamydia trachomatis Serovar F Antigen,Chlamydia trachomatis Serovar F,100,11.0,11.79,1,1.0
IEDB_2677160,Chlamydia trachomatis Serovar G Antigen,Chlamydia trachomatis Serovar G,100,11.0,48.04,1,1.0
IEDB_2677161,Chlamydia trachomatis Serovar D Antigen,Chlamydia trachomatis Serovar D,100,11.0,-11.73,1,1.0
IEDB_2677162,Chlamydia trachomatis Serovar D Antigen,Chlamydia trachomatis Serovar D,100,11.0,23.17,1,1.0
IEDB_2677163,Chlamydia trachomatis Serovar F Antigen,Chlamydia trachomatis Serovar F,100,11.0,29.03,1,1.0
IEDB_2677164,Chlamydia trachomatis Serovar G Antigen,Chlamydia trachomatis Serovar G,100,11.0,32.3,1,1.0
IEDB_2677166,Chlamydia trachomatis Serovar F Antigen,Chlamydia trachomatis Serovar F,100,11.0,48.04,1,1.0
IEDB_2677168,Chlamydia trachomatis Serovar D Antigen,Chlamydia trachomatis Serovar D,100,11.0,-0.09,1,1.0
IEDB_2677169,Chlamydia trachomatis Serovar D Antigen,Chlamydia trachomatis Serovar D,100,11.0,7.26,1,1.0
IEDB_2677171,Chlamydia trachomatis Serovar D Antigen,Chlamydia trachomatis Serovar D,100,11.0,-2.09,1,1.0
IEDB_2677172,Chlamydia trachomatis Serovar D Antigen,Chlamydia trachomatis Serovar D,100,11.0,1.56,1,1.0
IEDB_2677173,Chlamydia trachomatis Serovar D Antigen,Chlamydia trachomatis Serovar D,100,11.0,63.65,1,1.0
IEDB_2677174,Chlamydia trachomatis Serovar F Antigen,Chlamydia trachomatis Serovar F,100,11.0,-3.7,1,1.0
IEDB_2677175,Chlamydia trachomatis Serovar G Antigen,Chlamydia trachomatis Serovar G,100,11.0,0.54,1,1.0
IEDB_2677176,Chlamydia trachomatis Serovar D Antigen,Chlamydia trachomatis Serovar D,100,11.0,30.57,1,1.0
IEDB_2677233,Chlamydia trachomatis Serovar D Antigen,Chlamydia trachomatis Serovar D,100,11.0,-7.03,1,1.0
IEDB_2677235,Chlamydia trachomatis Serovar D Antigen,Chlamydia trachomatis Serovar D,100,11.0,57.98,1,1.0
IEDB_2677236,Chlamydia trachomatis Serovar D Antigen,Chlamydia trachomatis Serovar D,100,11.0,51.69,1,1.0
IEDB_2677239,Chlamydia trachomatis Serovar D Antigen,Chlamydia trachomatis Serovar D,100,11.0,71.11,1,1.0
IEDB_2677242,Chlamydia trachomatis Serovar D Antigen,Chlamydia trachomatis Serovar D,100,11.0,83.85,1,1.0
IEDB_2677243,Chlamydia trachomatis Serovar D Antigen,Chlamydia trachomatis Serovar D,100,11.0,8.89,1,1.0
IEDB_2677245,Chlamydia trachomatis Serovar D Antigen,Chlamydia trachomatis Serovar D,100,11.0,82.03,1,1.0
IEDB_2677250,Chlamydia trachomatis Serovar D Antigen,Chlamydia trachomatis Serovar D,100,11.0,-3.56,1,1.0
IEDB_2677254,Chlamydia trachomatis Serovar D Antigen,Chlamydia trachomatis Serovar D,100,11.0,57.08,1,1.0
IEDB_2677255,Chlamydia trachomatis Serovar D Antigen,Chlamydia trachomatis Serovar D,100,11.0,10.33,1,1.0
IEDB_2677256,Chlamydia trachomatis Serovar D Antigen,Chlamydia trachomatis Serovar D,100,11.0,77.23,1,1.0
IEDB_2677261,Chlamydia trachomatis Serovar D Antigen,Chlamydia trachomatis Serovar D,100,11.0,14.94,1,1.0
IEDB_2677262,Chlamydia trachomatis Serovar D Antigen,Chlamydia trachomatis Serovar D,100,11.0,43.31,1,1.0
IEDB_2677265,Chlamydia trachomatis Serovar D Antigen,Chlamydia trachomatis Serovar D,100,11.0,-16.19,1,1.0
IEDB_2677266,Chlamydia trachomatis Serovar D Antigen,Chlamydia trachomatis Serovar D,100,11.0,30.29,1,1.0
IEDB_2677267,Chlamydia trachomatis Serovar D Antigen,Chlamydia trachomatis Serovar D,100,11.0,-0.54,1,1.0
IEDB_2677268,Chlamydia trachomatis Serovar D Antigen,Chlamydia trachomatis Serovar D,100,11.0,-7.81,1,1.0
IEDB_2677269,Chlamydia trachomatis Serovar D Antigen,Chlamydia trachomatis Serovar D,100,11.0,42.26,1,1.0
IEDB_2677272,Chlamydia trachomatis Serovar D Antigen,Chlamydia trachomatis Serovar D,100,11.0,30.29,1,1.0
IEDB_2677273,Chlamydia trachomatis Serovar D Antigen,Chlamydia trachomatis Serovar D,100,11.0,0.51,1,1.0
IEDB_2677278,Chlamydia trachomatis Serovar D Antigen,Chlamydia trachomatis Serovar D,100,11.0,8.89,1,1.0
IEDB_2677279,Chlamydia trachomatis Serovar D Antigen,Chlamydia trachomatis Serovar D,100,11.0,-9.9,1,1.0
IEDB_2677281,Chlamydia trachomatis Serovar D Antigen,Chlamydia trachomatis Serovar D,100,11.0,29.35,1,1.0
IEDB_2677282,Chlamydia trachomatis Serovar D Antigen,Chlamydia trachomatis Serovar D,100,11.0,40.53,1,1.0
IEDB_2677284,Chlamydia trachomatis Serovar D Antigen,Chlamydia trachomatis Serovar D,100,11.0,56.75,1,1.0
IEDB_2677287,Chlamydia trachomatis Serovar D Antigen,Chlamydia trachomatis Serovar D,100,11.0,-1.99,1,1.0
IEDB_2677288,Chlamydia trachomatis Serovar D Antigen,Chlamydia trachomatis Serovar D,100,11.0,79.11,1,1.0
IEDB_2677292,Chlamydia trachomatis Serovar D Antigen,Chlamydia trachomatis Serovar D,100,11.0,8.89,1,1.0
IEDB_2677294,Chlamydia trachomatis Serovar D Antigen,Chlamydia trachomatis Serovar D,100,11.0,60.29,1,1.0
IEDB_2677307,Chlamydia trachomatis Serovar D Antigen,Chlamydia trachomatis Serovar D,100,11.0,64.92,1,1.0
IEDB_2677309,Chlamydia trachomatis Serovar D Antigen,Chlamydia trachomatis Serovar D,100,11.0,44.0,1,1.0
IEDB_2677310,Chlamydia trachomatis Serovar D Antigen,Chlamydia trachomatis Serovar D,100,11.0,25.77,1,1.0
IEDB_2677311,Chlamydia trachomatis Serovar D Antigen,Chlamydia trachomatis Serovar D,100,11.0,-0.54,1,1.0
IEDB_2677315,Chlamydia trachomatis Serovar D Antigen,Chlamydia trachomatis Serovar D,100,11.0,99.4,1,1.0
IEDB_2677317,Chlamydia trachomatis Serovar D Antigen,Chlamydia trachomatis Serovar D,100,11.0,20.86,1,1.0
IEDB_2677318,Chlamydia trachomatis Serovar D Antigen,Chlamydia trachomatis Serovar D,100,11.0,8.75,1,1.0
IEDB_2677319,Chlamydia trachomatis Serovar D Antigen,Chlamydia trachomatis Serovar D,100,11.0,5.9,1,1.0
IEDB_2677320,Chlamydia trachomatis Serovar D Antigen,Chlamydia trachomatis Serovar D,100,11.0,5.9,1,1.0
IEDB_2677328,Chlamydia trachomatis Serovar D Antigen,Chlamydia trachomatis Serovar D,100,11.0,-1.63,1,1.0
IEDB_2677329,Chlamydia trachomatis Serovar D Antigen,Chlamydia trachomatis Serovar D,100,11.0,41.79,1,1.0
IEDB_2677331,Chlamydia trachomatis Serovar D Antigen,Chlamydia trachomatis Serovar D,100,11.0,21.03,1,1.0
IEDB_2677332,Chlamydia trachomatis Serovar D Antigen,Chlamydia trachomatis Serovar D,100,11.0,137.16,1,1.0
IEDB_2677333,Chlamydia trachomatis Serovar D Antigen,Chlamydia trachomatis Serovar D,100,11.0,57.02,1,1.0
IEDB_2677334,Chlamydia trachomatis Serovar D Antigen,Chlamydia trachomatis Serovar D,100,11.0,33.88,1,1.0
IEDB_2677338,Chlamydia trachomatis Serovar D Antigen,Chlamydia trachomatis Serovar D,100,11.0,70.73,1,1.0
IEDB_2744050,Bordetella pertussis Antigen,Bordetella pertussis,100,11.0,69.11,1,1.0
IEDB_2,nan Antigen,,100,11.0,9.23,1,1.0
IEDB_3,nan Antigen,,100,11.0,31.47,1,1.0
IEDB_4,nan Antigen,,100,11.0,27.22,1,1.0
IEDB_5,nan Antigen,,100,11.0,9.23,1,1.0
IEDB_6,nan Antigen,,100,11.0,9.23,1,1.0
IEDB_7,nan Antigen,,100,11.0,27.22,1,1.0
IEDB_8,nan Antigen,,100,11.0,27.22,1,1.0
IEDB_9,nan Antigen,,100,11.0,65.5,1,1.0
IEDB_10,Homo sapiens Antigen,Homo sapiens,100,11.0,8.89,1,1.0
IEDB_11,Homo sapiens Antigen,Homo sapiens,100,11.0,24.49,1,1.0
IEDB_2744032,human papillomavirus 11 Antigen,human papillomavirus 11,100,11.0,91.43,1,1.0
IEDB_2744031,Bordetella pertussis Antigen,Bordetella pertussis,100,11.0,25.77,1,1.0
IEDB_2744030,human papillomavirus 11 Antigen,human papillomavirus 11,100,11.0,56.85,1,1.0
IEDB_2744029,Bordetella pertussis Antigen,Bordetella pertussis,100,11.0,24.28,1,1.0
IEDB_2744028,Hepatitis C virus subtype 3a Antigen,Hepatitis C virus subtype 3a,100,11.0,11.49,1,1.0
IEDB_2744027,Bordetella pertussis Antigen,Bordetella pertussis,100,11.0,84.55,1,1.0
IEDB_2744026,Bordetella pertussis Antigen,Bordetella pertussis,100,11.0,6.89,1,1.0
IEDB_2744025,Bordetella pertussis Antigen,Bordetella pertussis,100,11.0,15.14,1,1.0
IEDB_2744024,human papillomavirus 11 Antigen,human papillomavirus 11,100,11.0,83.58,1,1.0
IEDB_2744023,Cryptococcus neoformans H99 Antigen,Cryptococcus neoformans H99,100,11.0,42.19,1,1.0
IEDB_2744022,Bordetella pertussis Antigen,Bordetella pertussis,100,11.0,85.66,1,1.0
IEDB_2744021,Bordetella pertussis Antigen,Bordetella pertussis,100,11.0,26.62,1,1.0
IEDB_2744020,Bordetella pertussis Antigen,Bordetella pertussis,100,11.0,66.67,1,1.0
IEDB_2744019,Bordetella pertussis Antigen,Bordetella pertussis,100,11.0,148.18,1,1.0
IEDB_2744018,Bordetella pertussis Antigen,Bordetella pertussis,100,11.0,116.79,1,1.0
IEDB_2744017,human papillomavirus 11 Antigen,human papillomavirus 11,100,11.0,73.2,1,1.0
IEDB_44,Human herpesvirus 5 strain AD169 Antigen,Human herpesvirus 5 strain AD169,100,11.0,-2.63,1,1.0
IEDB_43,Orthohepacivirus hominis Antigen,Orthohepacivirus hominis,100,11.0,44.67,1,1.0
IEDB_42,Vaccinia virus WR Antigen,Vaccinia virus WR,100,11.0,19.77,1,1.0
IEDB_41,Vaccinia virus WR Antigen,Vaccinia virus WR,100,11.0,20.86,1,1.0
IEDB_40,nan Antigen,,100,11.0,8.89,1,1.0
IEDB_39,dengue virus type 3 Antigen,dengue virus type 3,100,11.0,8.93,1,1.0
IEDB_38,Hepatitis C virus genotype 3 Antigen,Hepatitis C virus genotype 3,100,11.0,12.32,1,1.0
IEDB_37,Bacillus amyloliquefaciens Antigen,Bacillus amyloliquefaciens,100,11.0,23.69,1,1.0
IEDB_36,Lelystad virus Antigen,Lelystad virus,100,11.0,28.29,1,1.0
IEDB_35,Mycobacterium tuberculosis Antigen,Mycobacterium tuberculosis,100,11.0,15.36,1,1.0
IEDB_34,Trypanosoma cruzi Antigen,Trypanosoma cruzi,100,11.0,-5.82,1,1.0
IEDB_33,Mus musculus Antigen,Mus musculus,100,11.0,36.34,1,1.0
IEDB_32,Vibrio cholerae O1 Antigen,Vibrio cholerae O1,100,11.0,5.19,1,1.0
IEDB_31,Listeria monocytogenes EGD-e Antigen,Listeria monocytogenes EGD-e,100,11.0,25.22,1,1.0
IEDB_30,Penicillium chrysogenum Antigen,Penicillium chrysogenum,100,11.0,-4.98,1,1.0
IEDB_29,Vaccinia virus Copenhagen Antigen,Vaccinia virus Copenhagen,100,11.0,4.84,1,1.0
IEDB_61,hepatitis C virus genotype 1a Antigen,hepatitis C virus genotype 1a,100,11.0,23.49,1,1.0
IEDB_60,Mycobacterium tuberculosis Antigen,Mycobacterium tuberculosis,100,11.0,6.47,1,1.0
IEDB_59,Mycobacterium tuberculosis Antigen,Mycobacterium tuberculosis,100,11.0,8.75,1,1.0
IEDB_58,Orthohepacivirus hominis Antigen,Orthohepacivirus hominis,100,11.0,29.03,1,1.0
IEDB_57,Orthohepacivirus hominis Antigen,Orthohepacivirus hominis,100,11.0,48.91,1,1.0
IEDB_56,Orthohepacivirus hominis Antigen,Orthohepacivirus hominis,100,11.0,8.57,1,1.0
IEDB_54,nan Antigen,,100,11.0,42.31,1,1.0
IEDB_53,Human parvovirus B19 Antigen,Human parvovirus B19,100,11.0,56.91,1,1.0
IEDB_52,nan Antigen,,100,11.0,36.39,1,1.0
IEDB_51,Mycobacterium bovis T/91/1378 Antigen,Mycobacterium bovis T/91/1378,100,11.0,53.81,1,1.0
IEDB_50,Mycobacterium tuberculosis variant bovis Antigen,Mycobacterium tuberculosis variant bovis,100,11.0,-5.46,1,1.0
IEDB_49,Prunus persica Antigen,Prunus persica,100,11.0,19.77,1,1.0
IEDB_48,Bacillus licheniformis Antigen,Bacillus licheniformis,100,11.0,20.25,1,1.0
IEDB_47,Escherichia coli Antigen,Escherichia coli,100,11.0,-5.82,1,1.0
IEDB_46,Mycobacterium leprae Antigen,Mycobacterium leprae,100,11.0,16.51,1,1.0
IEDB_45,Human herpesvirus 4 strain B95-8 Antigen,Human herpesvirus 4 strain B95-8,100,11.0,16.98,1,1.0
IEDB_78,hepatitis C virus genotype 1a Antigen,hepatitis C virus genotype 1a,100,11.0,94.93,1,1.0
IEDB_77,Hepatitis C virus (isolate 1) Antigen,Hepatitis C virus (isolate 1),100,11.0,63.67,1,1.0
IEDB_76,Hepatitis C virus subtype 1b Antigen,Hepatitis C virus subtype 1b,100,11.0,81.57,1,1.0
IEDB_75,Hepatitis C virus (isolate H) Antigen,Hepatitis C virus (isolate H),100,11.0,27.31,1,1.0
IEDB_74,Human alphaherpesvirus 2 Antigen,Human alphaherpesvirus 2,100,11.0,58.65,1,1.0
IEDB_73,Trypanosoma cruzi Antigen,Trypanosoma cruzi,100,11.0,35.96,1,1.0
IEDB_72,hepatitis C virus genotype 1a Antigen,hepatitis C virus genotype 1a,100,11.0,77.24,1,1.0
IEDB_71,SARS coronavirus Tor2 Antigen,SARS coronavirus Tor2,100,11.0,54.51,1,1.0
IEDB_70,Corynebacterium diphtheriae Antigen,Corynebacterium diphtheriae,100,11.0,86.64,1,1.0
IEDB_69,SARS coronavirus Tor2 Antigen,SARS coronavirus Tor2,100,11.0,-4.45,1,1.0
IEDB_68,SARS coronavirus Tor2 Antigen,SARS coronavirus Tor2,100,11.0,-16.47,1,1.0
IEDB_67,nan Antigen,,100,11.0,25.12,1,1.0
IEDB_66,Mycobacterium tuberculosis Antigen,Mycobacterium tuberculosis,100,11.0,27.17,1,1.0
IEDB_65,Chlamydia psittaci Antigen,Chlamydia psittaci,100,11.0,8.75,1,1.0
IEDB_63,Lolium perenne Antigen,Lolium perenne,100,11.0,53.68,1,1.0
IEDB_62,nan Antigen,,100,11.0,43.52,1,1.0
IEDB_94,Plasmodium falciparum CAMP/Malaysia Antigen,Plasmodium falciparum CAMP/Malaysia,100,11.0,-12.48,1,1.0
IEDB_93,Mycobacterium tuberculosis variant bovis BCG Antigen,Mycobacterium tuberculosis variant bovis BCG,100,11.0,35.28,1,1.0
IEDB_92,Hepatitis C virus subtype 1b Antigen,Hepatitis C virus subtype 1b,100,11.0,41.74,1,1.0
IEDB_91,Vaccinia virus WR Antigen,Vaccinia virus WR,100,11.0,-7.03,1,1.0
IEDB_90,Murray valley encephalitis virus (strain MVE-1-51) Antigen,Murray valley encephalitis virus (strain MVE-1-51),100,11.0,31.17,1,1.0
IEDB_89,Murray Valley encephalitis virus Antigen,Murray Valley encephalitis virus,100,11.0,47.17,1,1.0
IEDB_88,nan Antigen,,100,11.0,-9.98,1,1.0
IEDB_87,nan Antigen,,100,11.0,-7.98,1,1.0
IEDB_86,Measles virus strain Edmonston Antigen,Measles virus strain Edmonston,100,11.0,13.67,1,1.0
IEDB_85,Human betaherpesvirus 5 Antigen,Human betaherpesvirus 5,100,11.0,67.86,1,1.0
IEDB_84,Mycobacterium tuberculosis Antigen,Mycobacterium tuberculosis,100,11.0,28.27,1,1.0
IEDB_83,Hepatitis C virus (isolate H77) Antigen,Hepatitis C virus (isolate H77),100,11.0,9.25,1,1.0
IEDB_82,hepatitis C virus genotype 1a Antigen,hepatitis C virus genotype 1a,100,11.0,14.58,1,1.0
IEDB_81,Hepatitis C virus (isolate H) Antigen,Hepatitis C virus (isolate H),100,11.0,5.58,1,1.0
IEDB_80,hepatitis C virus genotype 1a Antigen,hepatitis C virus genotype 1a,100,11.0,73.7,1,1.0
IEDB_79,Hepatitis C virus (isolate 1) Antigen,Hepatitis C virus (isolate 1),100,11.0,89.62,1,1.0
IEDB_112,Helicobacter pylori Antigen,Helicobacter pylori,100,11.0,21.91,1,1.0
IEDB_111,Neisseria meningitidis Antigen,Neisseria meningitidis,100,11.0,27.42,1,1.0
IEDB_110,Staphylococcus aureus subsp. aureus MRSA252 Antigen,Staphylococcus aureus subsp. aureus MRSA252,100,11.0,0.51,1,1.0
IEDB_109,Mycobacterium tuberculosis Antigen,Mycobacterium tuberculosis,100,11.0,44.25,1,1.0
IEDB_108,Listeria monocytogenes EGD-e Antigen,Listeria monocytogenes EGD-e,100,11.0,58.57,1,1.0
IEDB_107,Trypanosoma cruzi Antigen,Trypanosoma cruzi,100,11.0,58.41,1,1.0
IEDB_106,Lolium perenne Antigen,Lolium perenne,100,11.0,36.31,1,1.0
IEDB_104,Helicobacter pylori 26695 Antigen,Helicobacter pylori 26695,100,11.0,45.11,1,1.0
IEDB_103,Orthohepacivirus hominis Antigen,Orthohepacivirus hominis,100,11.0,61.19,1,1.0
IEDB_102,Helicobacter pylori 26695 Antigen,Helicobacter pylori 26695,100,11.0,13.59,1,1.0
IEDB_101,Andes virus CHI-7913 Antigen,Andes virus CHI-7913,100,11.0,75.15,1,1.0
IEDB_100,Gadus morhua callarias Antigen,Gadus morhua callarias,100,11.0,44.89,1,1.0
IEDB_99,nan Antigen,,100,11.0,8.89,1,1.0
IEDB_98,Plasmodium falciparum FC27/Papua New Guinea Antigen,Plasmodium falciparum FC27/Papua New Guinea,100,11.0,25.77,1,1.0
IEDB_97,Roseobacter sp. MED193 Antigen,Roseobacter sp. MED193,100,11.0,20.86,1,1.0
IEDB_96,Chlamydia psittaci Antigen,Chlamydia psittaci,100,11.0,22.21,1,1.0
IEDB_129,nan Antigen,,100,11.0,13.8,1,1.0
IEDB_128,Homo sapiens Antigen,Homo sapiens,100,11.0,24.45,1,1.0
IEDB_127,nan Antigen,,100,11.0,9.33,1,1.0
IEDB_125,nan Antigen,,100,11.0,25.12,1,1.0
IEDB_124,SARS coronavirus Tor2 Antigen,SARS coronavirus Tor2,100,11.0,22.95,1,1.0
IEDB_123,Listeria monocytogenes EGD-e Antigen,Listeria monocytogenes EGD-e,100,11.0,42.52,1,1.0
IEDB_122,Campylobacter jejuni subsp. jejuni NCTC 11168 = ATCC 700819 Antigen,Campylobacter jejuni subsp. jejuni NCTC 11168 = ATCC 700819,100,11.0,57.12,1,1.0
IEDB_121,Pseudomonas aeruginosa Antigen,Pseudomonas aeruginosa,100,11.0,21.41,1,1.0
IEDB_120,Mycobacterium leprae Antigen,Mycobacterium leprae,100,11.0,16.98,1,1.0
IEDB_119,Vaccinia virus WR Antigen,Vaccinia virus WR,100,11.0,142.76,1,1.0
IEDB_118,Human immunodeficiency virus 1 Antigen,Human immunodeficiency virus 1,100,11.0,39.89,1,1.0
IEDB_117,Mycobacterium tuberculosis variant bovis AF2122/97 Antigen,Mycobacterium tuberculosis variant bovis AF2122/97,100,11.0,89.04,1,1.0
IEDB_116,nan Antigen,,100,11.0,51.69,1,1.0
IEDB_115,nan Antigen,,100,11.0,51.69,1,1.0
IEDB_114,Shigella flexneri 2a Antigen,Shigella flexneri 2a,100,11.0,77.14,1,1.0
IEDB_113,dengue virus type 3 Antigen,dengue virus type 3,100,11.0,33.22,1,1.0
IEDB_146,Mycobacterium tuberculosis H37Rv Antigen,Mycobacterium tuberculosis H37Rv,100,11.0,39.98,1,1.0
IEDB_145,Mus musculus Antigen,Mus musculus,100,11.0,38.1,1,1.0
IEDB_144,Mycobacterium leprae Antigen,Mycobacterium leprae,100,11.0,32.76,1,1.0
IEDB_143,Mycobacterium tuberculosis variant bovis Antigen,Mycobacterium tuberculosis variant bovis,100,11.0,-10.86,1,1.0
IEDB_141,Influenza A virus Antigen,Influenza A virus,100,11.0,-13.18,1,1.0
IEDB_140,Suid alphaherpesvirus 1 Antigen,Suid alphaherpesvirus 1,100,11.0,-12.01,1,1.0
IEDB_139,Human T-cell leukemia virus type I Antigen,Human T-cell leukemia virus type I,100,11.0,30.29,1,1.0
IEDB_138,Mycobacterium tuberculosis variant bovis Antigen,Mycobacterium tuberculosis variant bovis,100,11.0,46.29,1,1.0
IEDB_137,Dengue virus 2 Jamaica/1409/1983 Antigen,Dengue virus 2 Jamaica/1409/1983,100,11.0,8.33,1,1.0
IEDB_136,nan Antigen,,100,11.0,75.91,1,1.0
IEDB_135,Giardia lamblia ATCC 50803 Antigen,Giardia lamblia ATCC 50803,100,11.0,8.89,1,1.0
IEDB_134,Vaccinia virus WR Antigen,Vaccinia virus WR,100,11.0,8.89,1,1.0
IEDB_133,Influenza A virus Antigen,Influenza A virus,100,11.0,34.22,1,1.0
IEDB_132,Influenza A virus Antigen,Influenza A virus,100,11.0,30.74,1,1.0
IEDB_131,Influenza A virus (A/X-31(H3N2)) Antigen,Influenza A virus (A/X-31(H3N2)),100,11.0,18.03,1,1.0
IEDB_130,Enterobacteria phage fd Antigen,Enterobacteria phage fd,100,11.0,64.97,1,1.0
IEDB_162,Borreliella burgdorferi Antigen,Borreliella burgdorferi,100,11.0,4.36,1,1.0
IEDB_161,Yersinia pestis CO92 Antigen,Yersinia pestis CO92,100,11.0,-14.97,1,1.0
IEDB_160,West Nile virus Antigen,West Nile virus,100,11.0,-9.98,1,1.0
IEDB_159,Phleum pratense Antigen,Phleum pratense,100,11.0,49.8,1,1.0
IEDB_158,Phleum pratense Antigen,Phleum pratense,100,11.0,44.38,1,1.0
IEDB_157,Vaccinia virus WR Antigen,Vaccinia virus WR,100,11.0,19.77,1,1.0
IEDB_156,Homo sapiens Antigen,Homo sapiens,100,11.0,24.67,1,1.0
IEDB_155,Homo sapiens Antigen,Homo sapiens,100,11.0,11.28,1,1.0
IEDB_154,Homo sapiens Antigen,Homo sapiens,100,11.0,11.42,1,1.0
IEDB_153,Renibacterium salmoninarum Antigen,Renibacterium salmoninarum,100,11.0,19.08,1,1.0
IEDB_152,Mycobacterium tuberculosis H37Rv Antigen,Mycobacterium tuberculosis H37Rv,100,11.0,38.99,1,1.0
IEDB_151,Mycobacterium tuberculosis Antigen,Mycobacterium tuberculosis,100,11.0,24.28,1,1.0
IEDB_150,Mycobacterium tuberculosis Antigen,Mycobacterium tuberculosis,100,11.0,15.36,1,1.0
IEDB_149,Mycobacterium tuberculosis H37Rv Antigen,Mycobacterium tuberculosis H37Rv,100,11.0,28.26,1,1.0
IEDB_148,Human respiratory syncytial virus A2 Antigen,Human respiratory syncytial virus A2,100,11.0,76.2,1,1.0
IEDB_147,Trypanosoma cruzi Antigen,Trypanosoma cruzi,100,11.0,11.72,1,1.0
IEDB_179,Orthohepacivirus hominis Antigen,Orthohepacivirus hominis,100,11.0,11.9,1,1.0
IEDB_178,Renibacterium salmoninarum Antigen,Renibacterium salmoninarum,100,11.0,4.57,1,1.0
IEDB_177,"Ebola virus - Mayinga, Zaire, 1976 Antigen","Ebola virus - Mayinga, Zaire, 1976",100,11.0,0.83,1,1.0
IEDB_176,Mycobacterium tuberculosis Antigen,Mycobacterium tuberculosis,100,11.0,59.21,1,1.0
IEDB_175,Bacillus licheniformis Antigen,Bacillus licheniformis,100,11.0,-10.49,1,1.0
IEDB_174,Mycobacterium tuberculosis Antigen,Mycobacterium tuberculosis,100,11.0,-2.47,1,1.0
IEDB_173,Borreliella burgdorferi B31 Antigen,Borreliella burgdorferi B31,100,11.0,-7.98,1,1.0
IEDB_172,SARS coronavirus Tor2 Antigen,SARS coronavirus Tor2,100,11.0,20.09,1,1.0
IEDB_171,hepatitis C virus genotype 1a Antigen,hepatitis C virus genotype 1a,100,11.0,65.64,1,1.0
IEDB_170,Hepatitis C virus (isolate 1) Antigen,Hepatitis C virus (isolate 1),100,11.0,85.87,1,1.0
IEDB_169,Hepatitis C virus (isolate 1) Antigen,Hepatitis C virus (isolate 1),100,11.0,93.46,1,1.0
IEDB_168,Hepatitis C virus (isolate 1) Antigen,Hepatitis C virus (isolate 1),100,11.0,102.73,1,1.0
IEDB_167,Hepatitis C virus (isolate 1) Antigen,Hepatitis C virus (isolate 1),100,11.0,114.33,1,1.0
IEDB_166,Malus domestica Antigen,Malus domestica,100,11.0,29.35,1,1.0
IEDB_164,Porphyromonas gingivalis Antigen,Porphyromonas gingivalis,100,11.0,5.2,1,1.0
IEDB_163,Human respiratory syncytial virus A2 Antigen,Human respiratory syncytial virus A2,100,11.0,-26.37,1,1.0
IEDB_197,Shigella flexneri 2a Antigen,Shigella flexneri 2a,100,11.0,49.46,1,1.0
IEDB_196,Human herpesvirus 4 strain B95-8 Antigen,Human herpesvirus 4 strain B95-8,100,11.0,15.89,1,1.0
IEDB_195,nan Antigen,,100,11.0,1.21,1,1.0
IEDB_194,Mus musculus Antigen,Mus musculus,100,11.0,17.31,1,1.0
IEDB_193,Arachis hypogaea Antigen,Arachis hypogaea,100,11.0,51.09,1,1.0
IEDB_192,Mycobacterium tuberculosis Antigen,Mycobacterium tuberculosis,100,11.0,-0.54,1,1.0
IEDB_189,Mycobacterium tuberculosis Antigen,Mycobacterium tuberculosis,100,11.0,14.54,1,1.0
IEDB_188,Mycobacterium tuberculosis Antigen,Mycobacterium tuberculosis,100,11.0,51.53,1,1.0
IEDB_187,Mycobacterium tuberculosis H37Rv Antigen,Mycobacterium tuberculosis H37Rv,100,11.0,50.0,1,1.0
IEDB_186,Mycobacterium tuberculosis Antigen,Mycobacterium tuberculosis,100,11.0,15.75,1,1.0
IEDB_185,Mycobacterium tuberculosis Antigen,Mycobacterium tuberculosis,100,11.0,16.51,1,1.0
IEDB_184,Mycobacterium tuberculosis Antigen,Mycobacterium tuberculosis,100,11.0,2.7,1,1.0
IEDB_183,nan Antigen,,100,11.0,43.52,1,1.0
IEDB_182,Mycobacterium tuberculosis Antigen,Mycobacterium tuberculosis,100,11.0,34.85,1,1.0
IEDB_181,hepatitis C virus genotype 1a Antigen,hepatitis C virus genotype 1a,100,11.0,96.83,1,1.0
IEDB_180,hepatitis C virus genotype 1a Antigen,hepatitis C virus genotype 1a,100,11.0,17.59,1,1.0
IEDB_222,Mycobacterium tuberculosis variant bovis AN5 Antigen,Mycobacterium tuberculosis variant bovis AN5,100,11.0,47.42,1,1.0
IEDB_221,Mycobacterium tuberculosis Antigen,Mycobacterium tuberculosis,100,11.0,39.66,1,1.0
IEDB_220,Mycobacterium tuberculosis H37Rv Antigen,Mycobacterium tuberculosis H37Rv,100,11.0,43.24,1,1.0
IEDB_219,Trypanosoma cruzi Antigen,Trypanosoma cruzi,100,11.0,100.51,1,1.0
IEDB_218,Vaccinia virus WR Antigen,Vaccinia virus WR,100,11.0,57.71,1,1.0
IEDB_217,Vaccinia virus WR Antigen,Vaccinia virus WR,100,11.0,10.3,1,1.0
IEDB_216,Vaccinia virus WR Antigen,Vaccinia virus WR,100,11.0,13.53,1,1.0
IEDB_215,nan Antigen,,100,11.0,35.2,1,1.0
IEDB_214,Influenza A virus (A/X-31(H3N2)) Antigen,Influenza A virus (A/X-31(H3N2)),100,11.0,46.85,1,1.0
IEDB_213,Helicobacter pylori 26695 Antigen,Helicobacter pylori 26695,100,11.0,72.53,1,1.0
IEDB_212,nan Antigen,,100,11.0,36.11,1,1.0
IEDB_202,nan Antigen,,100,11.0,8.89,1,1.0
IEDB_201,Mycobacterium tuberculosis H37Rv Antigen,Mycobacterium tuberculosis H37Rv,100,11.0,10.07,1,1.0
IEDB_200,Human herpesvirus 4 strain B95-8 Antigen,Human herpesvirus 4 strain B95-8,100,11.0,32.57,1,1.0
IEDB_199,Measles virus strain Edmonston Antigen,Measles virus strain Edmonston,100,11.0,4.45,1,1.0
IEDB_198,Hepatitis C virus subtype 1b Antigen,Hepatitis C virus subtype 1b,100,11.0,74.22,1,1.0
IEDB_239,nan Antigen,,100,11.0,8.75,1,1.0
IEDB_238,nan Antigen,,100,11.0,8.75,1,1.0
IEDB_236,Vaccinia virus WR Antigen,Vaccinia virus WR,100,11.0,9.0,1,1.0
IEDB_235,nan Antigen,,100,11.0,61.62,1,1.0
IEDB_234,Vibrio cholerae 569B Antigen,Vibrio cholerae 569B,100,11.0,28.9,1,1.0
IEDB_233,Vaccinia virus WR Antigen,Vaccinia virus WR,100,11.0,-7.98,1,1.0
IEDB_232,SARS coronavirus Tor2 Antigen,SARS coronavirus Tor2,100,11.0,48.91,1,1.0
IEDB_231,Mycobacterium tuberculosis variant bovis Antigen,Mycobacterium tuberculosis variant bovis,100,11.0,52.94,1,1.0
IEDB_230,Vaccinia virus WR Antigen,Vaccinia virus WR,100,11.0,-9.98,1,1.0
IEDB_229,Vaccinia virus WR Antigen,Vaccinia virus WR,100,11.0,19.4,1,1.0
IEDB_228,Campylobacter jejuni subsp. jejuni NCTC 11168 = ATCC 700819 Antigen,Campylobacter jejuni subsp. jejuni NCTC 11168 = ATCC 700819,100,11.0,2.28,1,1.0
IEDB_227,Vaccinia virus WR Antigen,Vaccinia virus WR,100,11.0,0.51,1,1.0
IEDB_226,Mycobacterium bovis T/91/1378 Antigen,Mycobacterium bovis T/91/1378,100,11.0,48.25,1,1.0
IEDB_225,Plasmodium falciparum Antigen,Plasmodium falciparum,100,11.0,69.59,1,1.0
IEDB_224,Hepatitis C virus (isolate 1) Antigen,Hepatitis C virus (isolate 1),100,11.0,-2.09,1,1.0
IEDB_223,hepatitis C virus genotype 1a Antigen,hepatitis C virus genotype 1a,100,11.0,-7.65,1,1.0
IEDB_255,Haemophilus influenzae NTHi 1479 Antigen,Haemophilus influenzae NTHi 1479,100,11.0,-18.97,1,1.0
IEDB_254,Vaccinia virus WR Antigen,Vaccinia virus WR,100,11.0,20.86,1,1.0
IEDB_253,Treponema pallidum Antigen,Treponema pallidum,100,11.0,46.73,1,1.0
IEDB_252,Plasmodium vivax Antigen,Plasmodium vivax,100,11.0,29.72,1,1.0
IEDB_251,Borreliella burgdorferi Antigen,Borreliella burgdorferi,100,11.0,-24.96,1,1.0
IEDB_250,Hepatitis C virus subtype 1b Antigen,Hepatitis C virus subtype 1b,100,11.0,80.62,1,1.0
IEDB_249,Orthopoxvirus vaccinia Antigen,Orthopoxvirus vaccinia,100,11.0,-36.11,1,1.0
IEDB_248,Mycobacterium tuberculosis Antigen,Mycobacterium tuberculosis,100,11.0,80.71,1,1.0
IEDB_247,West Nile virus strain 385-99 Antigen,West Nile virus strain 385-99,100,11.0,-7.98,1,1.0
IEDB_246,West Nile virus Antigen,West Nile virus,100,11.0,-9.98,1,1.0
IEDB_245,nan Antigen,,100,11.0,-19.8,1,1.0
IEDB_244,Streptococcus mutans GS-5 Antigen,Streptococcus mutans GS-5,100,11.0,25.16,1,1.0
IEDB_243,Campylobacter fetus subsp. fetus Antigen,Campylobacter fetus subsp. fetus,100,11.0,6.87,1,1.0
IEDB_242,Leishmania infantum Antigen,Leishmania infantum,100,11.0,82.08,1,1.0
IEDB_241,Orthohepacivirus hominis Antigen,Orthohepacivirus hominis,100,11.0,58.44,1,1.0
IEDB_240,Human respiratory syncytial virus A2 Antigen,Human respiratory syncytial virus A2,100,11.0,23.16,1,1.0
IEDB_271,Human herpesvirus 5 strain AD169 Antigen,Human herpesvirus 5 strain AD169,100,11.0,22.6,1,1.0
IEDB_270,human gammaherpesvirus 4 Antigen,human gammaherpesvirus 4,100,11.0,85.37,1,1.0
IEDB_269,Vaccinia virus WR Antigen,Vaccinia virus WR,100,11.0,12.85,1,1.0
IEDB_268,Vaccinia virus WR Antigen,Vaccinia virus WR,100,11.0,13.17,1,1.0
IEDB_267,Mycobacterium leprae Antigen,Mycobacterium leprae,100,11.0,18.43,1,1.0
IEDB_266,Bordetella pertussis Antigen,Bordetella pertussis,100,11.0,-3.36,1,1.0
IEDB_265,Orthohepacivirus hominis Antigen,Orthohepacivirus hominis,100,11.0,36.8,1,1.0
IEDB_264,Orthohepacivirus hominis Antigen,Orthohepacivirus hominis,100,11.0,29.35,1,1.0
IEDB_263,Mycobacterium tuberculosis H37Rv Antigen,Mycobacterium tuberculosis H37Rv,100,11.0,0.54,1,1.0
IEDB_262,Orthohepacivirus hominis Antigen,Orthohepacivirus hominis,100,11.0,11.49,1,1.0
IEDB_261,Streptococcus pyogenes Antigen,Streptococcus pyogenes,100,11.0,4.07,1,1.0
IEDB_260,Vaccinia virus WR Antigen,Vaccinia virus WR,100,11.0,-6.08,1,1.0
IEDB_259,nan Antigen,,100,11.0,4.31,1,1.0
IEDB_258,nan Antigen,,100,11.0,4.31,1,1.0
IEDB_257,nan Antigen,,100,11.0,25.12,1,1.0
IEDB_256,nan Antigen,,100,11.0,25.12,1,1.0
IEDB_287,Mammarenavirus choriomeningitidis Antigen,Mammarenavirus choriomeningitidis,100,11.0,13.17,1,1.0
IEDB_286,Mammarenavirus mopeiaense Antigen,Mammarenavirus mopeiaense,100,11.0,26.56,1,1.0
IEDB_285,Lymphocytic choriomeningitis virus (strain Armstrong) Antigen,Lymphocytic choriomeningitis virus (strain Armstrong),100,11.0,33.11,1,1.0
IEDB_284,Lymphocytic choriomeningitis virus (strain Armstrong) Antigen,Lymphocytic choriomeningitis virus (strain Armstrong),100,11.0,35.68,1,1.0
IEDB_283,Bacillus amyloliquefaciens Antigen,Bacillus amyloliquefaciens,100,11.0,-12.01,1,1.0
IEDB_282,Vaccinia virus WR Antigen,Vaccinia virus WR,100,11.0,51.69,1,1.0
IEDB_281,Hepatitis C virus subtype 2b Antigen,Hepatitis C virus subtype 2b,100,11.0,93.93,1,1.0
IEDB_280,Escherichia coli Antigen,Escherichia coli,100,11.0,-5.82,1,1.0
IEDB_279,Measles virus strain Edmonston Antigen,Measles virus strain Edmonston,100,11.0,3.67,1,1.0
IEDB_278,Streptococcus pyogenes serotype M12 Antigen,Streptococcus pyogenes serotype M12,100,11.0,12.85,1,1.0
IEDB_277,Human poliovirus 1 Mahoney Antigen,Human poliovirus 1 Mahoney,100,11.0,12.26,1,1.0
IEDB_276,Orthohepacivirus hominis Antigen,Orthohepacivirus hominis,100,11.0,25.41,1,1.0
IEDB_275,Hepatitis C virus subtype 1b AD78 Antigen,Hepatitis C virus subtype 1b AD78,100,11.0,79.36,1,1.0
IEDB_274,Vaccinia virus WR Antigen,Vaccinia virus WR,100,11.0,101.3,1,1.0
IEDB_273,Vaccinia virus WR Antigen,Vaccinia virus WR,100,11.0,75.22,1,1.0
IEDB_272,Human betaherpesvirus 5 Antigen,Human betaherpesvirus 5,100,11.0,33.63,1,1.0
IEDB_303,Phleum pratense Antigen,Phleum pratense,100,11.0,14.29,1,1.0
IEDB_302,Lolium perenne Antigen,Lolium perenne,100,11.0,5.91,1,1.0
IEDB_301,Lolium perenne Antigen,Lolium perenne,100,11.0,1.22,1,1.0
IEDB_300,Streptococcus mutans Antigen,Streptococcus mutans,100,11.0,19.47,1,1.0
IEDB_299,Shigella flexneri 2a Antigen,Shigella flexneri 2a,100,11.0,56.9,1,1.0
IEDB_298,Lymphocytic choriomeningitis virus (strain Armstrong) Antigen,Lymphocytic choriomeningitis virus (strain Armstrong),100,11.0,13.23,1,1.0
IEDB_297,Mycobacterium bovis T/91/1378 Antigen,Mycobacterium bovis T/91/1378,100,11.0,-3.89,1,1.0
IEDB_296,Mycobacterium tuberculosis variant bovis Antigen,Mycobacterium tuberculosis variant bovis,100,11.0,8.75,1,1.0
IEDB_295,Human herpesvirus 5 strain Towne Antigen,Human herpesvirus 5 strain Towne,100,11.0,88.83,1,1.0
IEDB_294,Bacillus amyloliquefaciens Antigen,Bacillus amyloliquefaciens,100,11.0,35.01,1,1.0
IEDB_293,Leishmania major Antigen,Leishmania major,100,11.0,11.49,1,1.0
IEDB_292,Treponema pallidum subsp. pallidum str. Nichols Antigen,Treponema pallidum subsp. pallidum str. Nichols,100,11.0,134.33,1,1.0
IEDB_291,Treponema pallidum subsp. pallidum str. Nichols Antigen,Treponema pallidum subsp. pallidum str. Nichols,100,11.0,104.42,1,1.0
IEDB_290,Rubella virus strain Therien Antigen,Rubella virus strain Therien,100,11.0,39.42,1,1.0
IEDB_289,Paramagnetospirillum magnetotacticum MS-1 Antigen,Paramagnetospirillum magnetotacticum MS-1,100,11.0,8.75,1,1.0
IEDB_288,Lymphocytic choriomeningitis virus (strain Armstrong) Antigen,Lymphocytic choriomeningitis virus (strain Armstrong),100,11.0,12.85,1,1.0
IEDB_320,Plasmodium vivax Antigen,Plasmodium vivax,100,11.0,47.16,1,1.0
IEDB_319,Dermatophagoides pteronyssinus Antigen,Dermatophagoides pteronyssinus,100,11.0,92.33,1,1.0
IEDB_318,Human alphaherpesvirus 1 strain F Antigen,Human alphaherpesvirus 1 strain F,100,11.0,58.89,1,1.0
IEDB_317,SARS coronavirus Tor2 Antigen,SARS coronavirus Tor2,100,11.0,27.94,1,1.0
IEDB_316,nan Antigen,,100,11.0,8.89,1,1.0
IEDB_314,Homo sapiens Antigen,Homo sapiens,100,11.0,8.89,1,1.0
IEDB_313,Lolium perenne Antigen,Lolium perenne,100,11.0,23.57,1,1.0
IEDB_312,Plasmodium falciparum FC27/Papua New Guinea Antigen,Plasmodium falciparum FC27/Papua New Guinea,100,11.0,-4.98,1,1.0
IEDB_311,Lolium perenne Antigen,Lolium perenne,100,11.0,28.84,1,1.0
IEDB_310,Trypanosoma cruzi Antigen,Trypanosoma cruzi,100,11.0,118.71,1,1.0
IEDB_309,SARS coronavirus Tor2 Antigen,SARS coronavirus Tor2,100,11.0,-8.92,1,1.0
IEDB_308,Simian immunodeficiency virus - mac  - mac 239 Antigen,Simian immunodeficiency virus - mac  - mac 239,100,11.0,0.51,1,1.0
IEDB_307,Homo sapiens Antigen,Homo sapiens,100,11.0,36.43,1,1.0
IEDB_306,Mammarenavirus choriomeningitidis Antigen,Mammarenavirus choriomeningitidis,100,11.0,30.29,1,1.0
IEDB_305,SARS coronavirus Tor2 Antigen,SARS coronavirus Tor2,100,11.0,5.1,1,1.0
IEDB_304,SARS coronavirus Tor2 Antigen,SARS coronavirus Tor2,100,11.0,10.11,1,1.0
IEDB_336,Lepidoglyphus destructor Antigen,Lepidoglyphus destructor,100,11.0,-9.75,1,1.0
IEDB_335,Lepidoglyphus destructor Antigen,Lepidoglyphus destructor,100,11.0,-3.19,1,1.0
IEDB_334,Lepidoglyphus destructor Antigen,Lepidoglyphus destructor,100,11.0,-15.51,1,1.0
IEDB_333,Mycobacterium tuberculosis variant bovis Antigen,Mycobacterium tuberculosis variant bovis,100,11.0,18.61,1,1.0
IEDB_332,Trypanosoma cruzi Antigen,Trypanosoma cruzi,100,11.0,18.46,1,1.0
IEDB_331,Streptococcus mutans MT 8148 Antigen,Streptococcus mutans MT 8148,100,11.0,0.54,1,1.0
IEDB_330,Human immunodeficiency virus type 1 (CDC-451 ISOLATE) Antigen,Human immunodeficiency virus type 1 (CDC-451 ISOLATE),100,11.0,7.96,1,1.0
IEDB_329,Staphylococcus aureus subsp. aureus MRSA252 Antigen,Staphylococcus aureus subsp. aureus MRSA252,100,11.0,8.89,1,1.0
IEDB_328,Turbo cornutus Antigen,Turbo cornutus,100,11.0,45.68,1,1.0
IEDB_327,Poa pratensis Antigen,Poa pratensis,100,11.0,41.27,1,1.0
IEDB_326,Mycobacterium tuberculosis H37Rv Antigen,Mycobacterium tuberculosis H37Rv,100,11.0,77.35,1,1.0
IEDB_325,Mycobacterium tuberculosis Antigen,Mycobacterium tuberculosis,100,11.0,88.33,1,1.0
IEDB_324,Mycobacterium tuberculosis Antigen,Mycobacterium tuberculosis,100,11.0,72.3,1,1.0
IEDB_323,Human herpesvirus 5 strain AD169 Antigen,Human herpesvirus 5 strain AD169,100,11.0,43.76,1,1.0
IEDB_322,Plasmodium vivax Antigen,Plasmodium vivax,100,11.0,52.19,1,1.0
IEDB_321,Plasmodium vivax NK Antigen,Plasmodium vivax NK,100,11.0,40.99,1,1.0
IEDB_353,Hepatitis C virus (isolate 1) Antigen,Hepatitis C virus (isolate 1),100,11.0,20.86,1,1.0
IEDB_352,Hepatitis C virus (isolate 1) Antigen,Hepatitis C virus (isolate 1),100,11.0,22.21,1,1.0
IEDB_350,nan Antigen,,100,11.0,93.6,1,1.0
IEDB_349,human gammaherpesvirus 4 Antigen,human gammaherpesvirus 4,100,11.0,153.64,1,1.0
IEDB_348,Human herpesvirus 4 strain B95-8 Antigen,Human herpesvirus 4 strain B95-8,100,11.0,76.91,1,1.0
IEDB_347,Macaca mulatta cytomegalovirus Antigen,Macaca mulatta cytomegalovirus,100,11.0,114.15,1,1.0
IEDB_346,Macaca mulatta cytomegalovirus Antigen,Macaca mulatta cytomegalovirus,100,11.0,124.56,1,1.0
IEDB_345,Macaca mulatta cytomegalovirus Antigen,Macaca mulatta cytomegalovirus,100,11.0,137.29,1,1.0
IEDB_344,Poa pratensis Antigen,Poa pratensis,100,11.0,20.27,1,1.0
IEDB_343,Mycobacterium leprae Antigen,Mycobacterium leprae,100,11.0,17.39,1,1.0
IEDB_342,Hevea brasiliensis Antigen,Hevea brasiliensis,100,11.0,69.31,1,1.0
IEDB_341,Hepatitis B virus Antigen,Hepatitis B virus,100,11.0,24.59,1,1.0
IEDB_340,Human alphaherpesvirus 2 Antigen,Human alphaherpesvirus 2,100,11.0,-3.24,1,1.0
IEDB_339,Borreliella burgdorferi B31 Antigen,Borreliella burgdorferi B31,100,11.0,9.0,1,1.0
IEDB_338,SARS coronavirus Tor2 Antigen,SARS coronavirus Tor2,100,11.0,-0.54,1,1.0
IEDB_337,Mycobacterium tuberculosis Antigen,Mycobacterium tuberculosis,100,11.0,110.05,1,1.0
IEDB_373,Homo sapiens Antigen,Homo sapiens,100,11.0,76.29,1,1.0
IEDB_370,Sus scrofa Antigen,Sus scrofa,100,11.0,72.53,1,1.0
IEDB_369,Bovine respiratory syncytial virus strain snook Antigen,Bovine respiratory syncytial virus strain snook,100,11.0,83.76,1,1.0
IEDB_368,Simian immunodeficiency virus - mac  - mac 239 Antigen,Simian immunodeficiency virus - mac  - mac 239,100,11.0,69.62,1,1.0
IEDB_367,Simian immunodeficiency virus (MM142-83 ISOLATE) Antigen,Simian immunodeficiency virus (MM142-83 ISOLATE),100,11.0,77.08,1,1.0
IEDB_366,Homo sapiens Antigen,Homo sapiens,100,11.0,129.12,1,1.0
IEDB_365,nan Antigen,,100,11.0,105.3,1,1.0
IEDB_364,Artemisia vulgaris Antigen,Artemisia vulgaris,100,11.0,136.32,1,1.0
IEDB_361,Homo sapiens Antigen,Homo sapiens,100,11.0,73.09,1,1.0
IEDB_360,Escherichia coli Antigen,Escherichia coli,100,11.0,40.43,1,1.0
IEDB_359,nan Antigen,,100,11.0,51.55,1,1.0
IEDB_358,Influenza A virus (A/Wilson-Smith/1933(H1N1)) Antigen,Influenza A virus (A/Wilson-Smith/1933(H1N1)),100,11.0,108.6,1,1.0
IEDB_357,Corylus avellana Antigen,Corylus avellana,100,11.0,39.04,1,1.0
IEDB_356,hepatitis C virus genotype 1a Antigen,hepatitis C virus genotype 1a,100,11.0,2.15,1,1.0
IEDB_355,hepatitis C virus genotype 1a Antigen,hepatitis C virus genotype 1a,100,11.0,5.19,1,1.0
IEDB_354,Hepatitis C virus (isolate 1) Antigen,Hepatitis C virus (isolate 1),100,11.0,19.77,1,1.0
IEDB_390,Vaccinia virus WR Antigen,Vaccinia virus WR,100,11.0,32.83,1,1.0
IEDB_389,Hepatitis C virus (isolate 1) Antigen,Hepatitis C virus (isolate 1),100,11.0,6.4,1,1.0
IEDB_388,hepatitis C virus genotype 1a Antigen,hepatitis C virus genotype 1a,100,11.0,10.85,1,1.0
IEDB_387,hepatitis C virus genotype 1a Antigen,hepatitis C virus genotype 1a,100,11.0,8.93,1,1.0
IEDB_386,Mycobacterium tuberculosis Antigen,Mycobacterium tuberculosis,100,11.0,0.12,1,1.0
IEDB_385,Human T-lymphotropic virus 2 Antigen,Human T-lymphotropic virus 2,100,11.0,23.51,1,1.0
IEDB_384,Human betaherpesvirus 5 Antigen,Human betaherpesvirus 5,100,11.0,8.89,1,1.0
IEDB_383,Mycobacterium tuberculosis variant bovis AF2122/97 Antigen,Mycobacterium tuberculosis variant bovis AF2122/97,100,11.0,32.8,1,1.0
IEDB_382,hepatitis C virus genotype 1a Antigen,hepatitis C virus genotype 1a,100,11.0,46.33,1,1.0
IEDB_381,Hepatitis C virus genotype 3 Antigen,Hepatitis C virus genotype 3,100,11.0,56.74,1,1.0
IEDB_380,Hepatitis C virus genotype 3 Antigen,Hepatitis C virus genotype 3,100,11.0,100.51,1,1.0
IEDB_379,nan Antigen,,100,11.0,44.4,1,1.0
IEDB_378,macacine betaherpesvirus 3 Antigen,macacine betaherpesvirus 3,100,11.0,39.03,1,1.0
IEDB_377,Borreliella burgdorferi Antigen,Borreliella burgdorferi,100,11.0,76.78,1,1.0
IEDB_375,Simian immunodeficiency virus - mac  - mac BK28 Antigen,Simian immunodeficiency virus - mac  - mac BK28,100,11.0,73.09,1,1.0
IEDB_374,Simian immunodeficiency virus - mac K6W Antigen,Simian immunodeficiency virus - mac K6W,100,11.0,80.97,1,1.0
IEDB_406,Vaccinia virus WR Antigen,Vaccinia virus WR,100,11.0,80.12,1,1.0
IEDB_405,Vaccinia virus WR Antigen,Vaccinia virus WR,100,11.0,87.91,1,1.0
IEDB_404,human gammaherpesvirus 4 Antigen,human gammaherpesvirus 4,100,11.0,21.91,1,1.0
IEDB_403,Leishmania major Antigen,Leishmania major,100,11.0,16.11,1,1.0
IEDB_402,Orthohepacivirus hominis Antigen,Orthohepacivirus hominis,100,11.0,27.85,1,1.0
IEDB_401,Orthohepacivirus hominis Antigen,Orthohepacivirus hominis,100,11.0,-9.86,1,1.0
IEDB_400,Hepatitis C virus (isolate 1) Antigen,Hepatitis C virus (isolate 1),100,11.0,-12.07,1,1.0
IEDB_399,nan Antigen,,100,11.0,28.67,1,1.0
IEDB_398,nan Antigen,,100,11.0,-0.32,1,1.0
IEDB_397,Vaccinia virus WR Antigen,Vaccinia virus WR,100,11.0,49.33,1,1.0
IEDB_396,hepatitis C virus genotype 1a Antigen,hepatitis C virus genotype 1a,100,11.0,23.33,1,1.0
IEDB_395,Rubella virus Antigen,Rubella virus,100,11.0,11.59,1,1.0
IEDB_394,Saimiriine gammaherpesvirus 2 Antigen,Saimiriine gammaherpesvirus 2,100,11.0,148.71,1,1.0
IEDB_393,dengue virus type 3 Antigen,dengue virus type 3,100,11.0,55.35,1,1.0
IEDB_392,West Nile virus Antigen,West Nile virus,100,11.0,68.82,1,1.0
IEDB_391,Human herpesvirus 4 strain B95-8 Antigen,Human herpesvirus 4 strain B95-8,100,11.0,10.91,1,1.0
IEDB_423,Campylobacter fetus subsp. fetus Antigen,Campylobacter fetus subsp. fetus,100,11.0,1.01,1,1.0
IEDB_422,unidentified Antigen,unidentified,100,11.0,60.91,1,1.0
IEDB_421,Human gammaherpesvirus 8 Antigen,Human gammaherpesvirus 8,100,11.0,71.42,1,1.0
IEDB_420,nan Antigen,,100,11.0,6.87,1,1.0
IEDB_418,Hepatitis C virus (isolate 1) Antigen,Hepatitis C virus (isolate 1),100,11.0,54.77,1,1.0
IEDB_417,hepatitis C virus genotype 1a Antigen,hepatitis C virus genotype 1a,100,11.0,18.67,1,1.0
IEDB_416,Hepatitis C virus genotype 1 Antigen,Hepatitis C virus genotype 1,100,11.0,22.21,1,1.0
IEDB_415,Orthohepacivirus hominis Antigen,Orthohepacivirus hominis,100,11.0,8.57,1,1.0
IEDB_414,nan Antigen,,100,11.0,0.51,1,1.0
IEDB_413,Human alphaherpesvirus 1 Antigen,Human alphaherpesvirus 1,100,11.0,96.83,1,1.0
IEDB_412,Escherichia coli Antigen,Escherichia coli,100,11.0,52.83,1,1.0
IEDB_411,Homo sapiens Antigen,Homo sapiens,100,11.0,21.91,1,1.0
IEDB_410,Homo sapiens Antigen,Homo sapiens,100,11.0,51.69,1,1.0
IEDB_409,Vaccinia virus WR Antigen,Vaccinia virus WR,100,11.0,84.5,1,1.0
IEDB_408,Betula pendula Antigen,Betula pendula,100,11.0,12.15,1,1.0
IEDB_407,Betula pendula Antigen,Betula pendula,100,11.0,12.69,1,1.0
IEDB_440,hepatitis C virus genotype 1a Antigen,hepatitis C virus genotype 1a,100,11.0,69.75,1,1.0
IEDB_439,Murine cytomegalovirus (strain Smith) Antigen,Murine cytomegalovirus (strain Smith),100,11.0,32.97,1,1.0
IEDB_437,hepatitis C virus genotype 1a Antigen,hepatitis C virus genotype 1a,100,11.0,28.07,1,1.0
IEDB_436,Human poliovirus 1 Mahoney Antigen,Human poliovirus 1 Mahoney,100,11.0,20.97,1,1.0
IEDB_435,Mycobacterium tuberculosis H37Rv Antigen,Mycobacterium tuberculosis H37Rv,100,11.0,-1.35,1,1.0
IEDB_434,Orthohepacivirus hominis Antigen,Orthohepacivirus hominis,100,11.0,-2.41,1,1.0
IEDB_433,Hepatitis C virus subtype 1a 1/910 Antigen,Hepatitis C virus subtype 1a 1/910,100,11.0,-4.19,1,1.0
IEDB_432,Streptococcus mutans MT 8148 Antigen,Streptococcus mutans MT 8148,100,11.0,-7.4,1,1.0
IEDB_431,Bos taurus Antigen,Bos taurus,100,11.0,70.18,1,1.0
IEDB_430,Homo sapiens Antigen,Homo sapiens,100,11.0,49.04,1,1.0
IEDB_429,Mycobacterium tuberculosis Antigen,Mycobacterium tuberculosis,100,11.0,-7.48,1,1.0
IEDB_428,Puumala virus sotkamo/v-2969/81 Antigen,Puumala virus sotkamo/v-2969/81,100,11.0,80.43,1,1.0
IEDB_427,Proteus mirabilis CFT322 Antigen,Proteus mirabilis CFT322,100,11.0,4.55,1,1.0
IEDB_426,Plasmodium falciparum CAMP/Malaysia Antigen,Plasmodium falciparum CAMP/Malaysia,100,11.0,80.97,1,1.0
IEDB_425,Human herpesvirus 4 strain B95-8 Antigen,Human herpesvirus 4 strain B95-8,100,11.0,111.72,1,1.0
IEDB_424,Human herpesvirus 5 strain AD169 Antigen,Human herpesvirus 5 strain AD169,100,11.0,10.64,1,1.0
IEDB_458,SARS coronavirus Tor2 Antigen,SARS coronavirus Tor2,100,11.0,123.36,1,1.0
IEDB_457,Yellow fever virus Antigen,Yellow fever virus,100,11.0,8.89,1,1.0
IEDB_456,Vaccinia virus WR Antigen,Vaccinia virus WR,100,11.0,8.89,1,1.0
IEDB_455,Mycobacterium tuberculosis Antigen,Mycobacterium tuberculosis,100,11.0,12.21,1,1.0
IEDB_453,Mycobacterium tuberculosis Antigen,Mycobacterium tuberculosis,100,11.0,52.66,1,1.0
IEDB_452,Mycobacterium tuberculosis Antigen,Mycobacterium tuberculosis,100,11.0,45.81,1,1.0
IEDB_451,Theiler's encephalomyelitis virus (STRAIN BEAN 8386) Antigen,Theiler's encephalomyelitis virus (STRAIN BEAN 8386),100,11.0,-0.83,1,1.0
IEDB_450,nan Antigen,,100,11.0,-0.54,1,1.0
IEDB_449,hepatitis C virus genotype 1a Antigen,hepatitis C virus genotype 1a,100,11.0,-7.65,1,1.0
IEDB_448,Mycobacterium leprae Antigen,Mycobacterium leprae,100,11.0,16.99,1,1.0
IEDB_446,Triticum aestivum Antigen,Triticum aestivum,100,11.0,69.4,1,1.0
IEDB_445,Trypanosoma cruzi Antigen,Trypanosoma cruzi,100,11.0,32.68,1,1.0
IEDB_444,Entamoeba histolytica Antigen,Entamoeba histolytica,100,11.0,101.21,1,1.0
IEDB_443,Mycobacterium tuberculosis H37Rv Antigen,Mycobacterium tuberculosis H37Rv,100,11.0,47.42,1,1.0
IEDB_442,Avian infectious bronchitis virus (strain M41) Antigen,Avian infectious bronchitis virus (strain M41),100,11.0,77.81,1,1.0
IEDB_441,Shigella flexneri 2a Antigen,Shigella flexneri 2a,100,11.0,22.21,1,1.0
IEDB_476,Poa pratensis Antigen,Poa pratensis,100,11.0,12.75,1,1.0
IEDB_475,Human herpesvirus 4 strain B95-8 Antigen,Human herpesvirus 4 strain B95-8,100,11.0,33.89,1,1.0
IEDB_474,Mycobacterium tuberculosis Antigen,Mycobacterium tuberculosis,100,11.0,8.75,1,1.0
IEDB_473,Poa pratensis Antigen,Poa pratensis,100,11.0,52.94,1,1.0
IEDB_472,Phleum pratense Antigen,Phleum pratense,100,11.0,19.39,1,1.0
IEDB_471,SARS coronavirus Urbani Antigen,SARS coronavirus Urbani,100,11.0,63.93,1,1.0
IEDB_470,Plasmodium falciparum FC27/Papua New Guinea Antigen,Plasmodium falciparum FC27/Papua New Guinea,100,11.0,51.47,1,1.0
IEDB_469,Plasmodium falciparum 3D7 Antigen,Plasmodium falciparum 3D7,100,11.0,8.75,1,1.0
IEDB_468,Plasmodium falciparum 3D7 Antigen,Plasmodium falciparum 3D7,100,11.0,8.75,1,1.0
IEDB_467,Paslahepevirus balayani Antigen,Paslahepevirus balayani,100,11.0,-3.91,1,1.0
IEDB_464,Lolium perenne Antigen,Lolium perenne,100,11.0,40.32,1,1.0
IEDB_463,Lolium perenne Antigen,Lolium perenne,100,11.0,28.43,1,1.0
IEDB_462,Orthohepacivirus hominis Antigen,Orthohepacivirus hominis,100,11.0,45.81,1,1.0
IEDB_461,Orthohepacivirus hominis Antigen,Orthohepacivirus hominis,100,11.0,49.69,1,1.0
IEDB_460,Vaccinia virus WR Antigen,Vaccinia virus WR,100,11.0,46.4,1,1.0
IEDB_459,Vaccinia virus WR Antigen,Vaccinia virus WR,100,11.0,50.44,1,1.0
IEDB_493,Murid betaherpesvirus 1 Antigen,Murid betaherpesvirus 1,100,11.0,57.71,1,1.0
IEDB_492,Vaccinia virus WR Antigen,Vaccinia virus WR,100,11.0,-0.54,1,1.0
IEDB_491,Borrelia duttonii Ly Antigen,Borrelia duttonii Ly,100,11.0,32.3,1,1.0
IEDB_489,Chlamydia abortus Antigen,Chlamydia abortus,100,11.0,5.31,1,1.0
IEDB_488,Chlamydia psittaci Antigen,Chlamydia psittaci,100,11.0,8.75,1,1.0
IEDB_487,Influenza A virus (A/Puerto Rico/8/1934(H1N1)) Antigen,Influenza A virus (A/Puerto Rico/8/1934(H1N1)),100,11.0,-9.57,1,1.0
IEDB_486,Mammarenavirus machupoense Antigen,Mammarenavirus machupoense,100,11.0,-3.74,1,1.0
IEDB_485,Lymphocytic choriomeningitis virus (strain Armstrong) (clone 53b) Antigen,Lymphocytic choriomeningitis virus (strain Armstrong) (clone 53b),100,11.0,-3.74,1,1.0
IEDB_484,Vaccinia virus WR Antigen,Vaccinia virus WR,100,11.0,21.34,1,1.0
IEDB_483,Mycobacterium tuberculosis H37Rv Antigen,Mycobacterium tuberculosis H37Rv,100,11.0,55.37,1,1.0
IEDB_482,Mycobacterium avium Antigen,Mycobacterium avium,100,11.0,24.65,1,1.0
IEDB_481,Escherichia coli K-12 Antigen,Escherichia coli K-12,100,11.0,64.68,1,1.0
IEDB_480,Human gammaherpesvirus 8 Antigen,Human gammaherpesvirus 8,100,11.0,47.52,1,1.0
IEDB_479,Salmonella typhi Ty21a Antigen,Salmonella typhi Ty21a,100,11.0,35.68,1,1.0
IEDB_478,Homo sapiens Antigen,Homo sapiens,100,11.0,42.75,1,1.0
IEDB_477,Mycobacterium tuberculosis Antigen,Mycobacterium tuberculosis,100,11.0,29.26,1,1.0
IEDB_509,nan Antigen,,100,11.0,27.45,1,1.0
IEDB_508,Vaccinia virus WR Antigen,Vaccinia virus WR,100,11.0,69.68,1,1.0
IEDB_507,Borreliella burgdorferi ZS7 Antigen,Borreliella burgdorferi ZS7,100,11.0,11.43,1,1.0
IEDB_506,Mycobacterium tuberculosis Antigen,Mycobacterium tuberculosis,100,11.0,29.75,1,1.0
IEDB_505,Mycobacterium tuberculosis Antigen,Mycobacterium tuberculosis,100,11.0,31.94,1,1.0
IEDB_504,Mycobacterium tuberculosis variant bovis Antigen,Mycobacterium tuberculosis variant bovis,100,11.0,34.68,1,1.0
IEDB_503,nan Antigen,,100,11.0,-16.19,1,1.0
IEDB_502,nan Antigen,,100,11.0,-19.15,1,1.0
IEDB_501,Mycobacterium tuberculosis Antigen,Mycobacterium tuberculosis,100,11.0,73.81,1,1.0
IEDB_500,Mycobacterium tuberculosis H37Rv Antigen,Mycobacterium tuberculosis H37Rv,100,11.0,69.48,1,1.0
IEDB_499,Mycobacterium tuberculosis H37Rv Antigen,Mycobacterium tuberculosis H37Rv,100,11.0,56.84,1,1.0
IEDB_498,Mycobacterium tuberculosis Antigen,Mycobacterium tuberculosis,100,11.0,12.56,1,1.0
IEDB_497,Mycobacterium tuberculosis H37Rv Antigen,Mycobacterium tuberculosis H37Rv,100,11.0,19.08,1,1.0
IEDB_496,Vaccinia virus WR Antigen,Vaccinia virus WR,100,11.0,-16.47,1,1.0
IEDB_495,Vaccinia virus WR Antigen,Vaccinia virus WR,100,11.0,-9.98,1,1.0
IEDB_494,Mycobacterium tuberculosis Antigen,Mycobacterium tuberculosis,100,11.0,-1.99,1,1.0
IEDB_525,Treponema pallidum subsp. pallidum str. Nichols Antigen,Treponema pallidum subsp. pallidum str. Nichols,100,11.0,-14.52,1,1.0
IEDB_524,Mycobacterium tuberculosis H37Rv Antigen,Mycobacterium tuberculosis H37Rv,100,11.0,45.07,1,1.0
IEDB_523,Mycobacterium tuberculosis H37Rv Antigen,Mycobacterium tuberculosis H37Rv,100,11.0,52.08,1,1.0
IEDB_522,Mycobacterium tuberculosis Antigen,Mycobacterium tuberculosis,100,11.0,53.82,1,1.0
IEDB_521,Mus musculus Antigen,Mus musculus,100,11.0,68.49,1,1.0
IEDB_520,SARS coronavirus Tor2 Antigen,SARS coronavirus Tor2,100,11.0,-7.74,1,1.0
IEDB_519,SARS coronavirus Tor2 Antigen,SARS coronavirus Tor2,100,11.0,-19.41,1,1.0
IEDB_518,Helicobacter pylori 26695 Antigen,Helicobacter pylori 26695,100,11.0,-2.53,1,1.0
IEDB_517,hepatitis C virus genotype 1a Antigen,hepatitis C virus genotype 1a,100,11.0,2.63,1,1.0
IEDB_516,Hepatitis C virus (isolate Taiwan) Antigen,Hepatitis C virus (isolate Taiwan),100,11.0,12.23,1,1.0
IEDB_515,nan Antigen,,100,11.0,35.2,1,1.0
IEDB_514,nan Antigen,,100,11.0,35.2,1,1.0
IEDB_513,Orthohepacivirus hominis Antigen,Orthohepacivirus hominis,100,11.0,21.04,1,1.0
IEDB_512,nan Antigen,,100,11.0,36.94,1,1.0
IEDB_511,nan Antigen,,100,11.0,27.45,1,1.0
IEDB_510,Micromonospora parva Antigen,Micromonospora parva,100,11.0,35.2,1,1.0
IEDB_545,Apis mellifera Antigen,Apis mellifera,100,11.0,71.29,1,1.0
IEDB_544,Prunus persica Antigen,Prunus persica,100,11.0,41.76,1,1.0
IEDB_543,Puumala virus sotkamo/v-2969/81 Antigen,Puumala virus sotkamo/v-2969/81,100,11.0,71.17,1,1.0
IEDB_542,nan Antigen,,100,11.0,57.71,1,1.0
IEDB_540,Vaccinia virus WR Antigen,Vaccinia virus WR,100,11.0,48.28,1,1.0
IEDB_539,SARS coronavirus Tor2 Antigen,SARS coronavirus Tor2,100,11.0,47.68,1,1.0
IEDB_538,Lactate dehydrogenase elevating virus Plagemann Antigen,Lactate dehydrogenase elevating virus Plagemann,100,11.0,25.21,1,1.0
IEDB_537,Lactate dehydrogenase-elevating virus Antigen,Lactate dehydrogenase-elevating virus,100,11.0,35.58,1,1.0
IEDB_536,Lactate dehydrogenase-elevating virus Antigen,Lactate dehydrogenase-elevating virus,100,11.0,43.57,1,1.0
IEDB_535,SARS coronavirus Tor2 Antigen,SARS coronavirus Tor2,100,11.0,78.62,1,1.0
IEDB_534,SARS coronavirus Tor2 Antigen,SARS coronavirus Tor2,100,11.0,22.6,1,1.0
IEDB_533,Vaccinia virus WR Antigen,Vaccinia virus WR,100,11.0,45.11,1,1.0
IEDB_532,Vaccinia virus WR Antigen,Vaccinia virus WR,100,11.0,8.89,1,1.0
IEDB_531,Mycobacterium tuberculosis H37Rv Antigen,Mycobacterium tuberculosis H37Rv,100,11.0,49.15,1,1.0
IEDB_529,Vaccinia virus WR Antigen,Vaccinia virus WR,100,11.0,29.49,1,1.0
IEDB_527,Cryptomeria japonica Antigen,Cryptomeria japonica,100,11.0,20.25,1,1.0
IEDB_561,Parietaria judaica Antigen,Parietaria judaica,100,11.0,17.31,1,1.0
IEDB_560,Homo sapiens Antigen,Homo sapiens,100,11.0,58.44,1,1.0
IEDB_559,Human herpesvirus 5 strain Towne Antigen,Human herpesvirus 5 strain Towne,100,11.0,21.65,1,1.0
IEDB_558,nan Antigen,,100,11.0,73.46,1,1.0
IEDB_557,Streptococcus pyogenes M1 GAS Antigen,Streptococcus pyogenes M1 GAS,100,11.0,58.12,1,1.0
IEDB_556,Pseudomonas aeruginosa Antigen,Pseudomonas aeruginosa,100,11.0,100.24,1,1.0
IEDB_555,Dermatophagoides farinae Antigen,Dermatophagoides farinae,100,11.0,45.03,1,1.0
IEDB_554,Phleum pratense Antigen,Phleum pratense,100,11.0,44.92,1,1.0
IEDB_553,Andes virus CHI-7913 Antigen,Andes virus CHI-7913,100,11.0,11.11,1,1.0
IEDB_552,nan Antigen,,100,11.0,48.28,1,1.0
IEDB_551,Mycobacterium tuberculosis variant bovis BCG Antigen,Mycobacterium tuberculosis variant bovis BCG,100,11.0,27.94,1,1.0
IEDB_550,Hepatitis C virus subtype 1b Antigen,Hepatitis C virus subtype 1b,100,11.0,57.71,1,1.0
IEDB_549,Lactate dehydrogenase-elevating virus Antigen,Lactate dehydrogenase-elevating virus,100,11.0,22.38,1,1.0
IEDB_548,Rubella virus Antigen,Rubella virus,100,11.0,93.6,1,1.0
IEDB_547,Orthopoxvirus vaccinia Antigen,Orthopoxvirus vaccinia,100,11.0,55.22,1,1.0
IEDB_546,nan Antigen,,100,11.0,61.83,1,1.0
IEDB_577,nan Antigen,,100,11.0,80.99,1,1.0
IEDB_576,Mammarenavirus guanaritoense Antigen,Mammarenavirus guanaritoense,100,11.0,46.29,1,1.0
IEDB_575,nan Antigen,,100,11.0,57.71,1,1.0
IEDB_574,Human betaherpesvirus 5 Antigen,Human betaherpesvirus 5,100,11.0,82.05,1,1.0
IEDB_573,Pseudomonas aeruginosa Antigen,Pseudomonas aeruginosa,100,11.0,93.93,1,1.0
IEDB_572,Human alphaherpesvirus 1 Antigen,Human alphaherpesvirus 1,100,11.0,80.2,1,1.0
IEDB_571,Bovine respiratory syncytial virus strain snook Antigen,Bovine respiratory syncytial virus strain snook,100,11.0,91.14,1,1.0
IEDB_570,Mus musculus Antigen,Mus musculus,100,11.0,68.96,1,1.0
IEDB_569,Human alphaherpesvirus 2 Antigen,Human alphaherpesvirus 2,100,11.0,48.6,1,1.0
IEDB_568,Trypanosoma cruzi Antigen,Trypanosoma cruzi,100,11.0,115.33,1,1.0
IEDB_567,Vespula vulgaris Antigen,Vespula vulgaris,100,11.0,22.95,1,1.0
IEDB_566,Pseudomonas aeruginosa PAO Antigen,Pseudomonas aeruginosa PAO,100,11.0,44.05,1,1.0
IEDB_565,Influenza A virus Antigen,Influenza A virus,100,11.0,67.54,1,1.0
IEDB_564,Borreliella burgdorferi ZS7 Antigen,Borreliella burgdorferi ZS7,100,11.0,49.34,1,1.0
IEDB_563,Hepatitis C virus subtype 1b Antigen,Hepatitis C virus subtype 1b,100,11.0,60.16,1,1.0
IEDB_562,Cryptomeria japonica Antigen,Cryptomeria japonica,100,11.0,69.41,1,1.0
IEDB_593,Influenza A virus (A/Puerto Rico/8/34/Mount Sinai(H1N1)) Antigen,Influenza A virus (A/Puerto Rico/8/34/Mount Sinai(H1N1)),100,11.0,64.49,1,1.0
IEDB_592,Phleum pratense Antigen,Phleum pratense,100,11.0,108.22,1,1.0
IEDB_591,Treponema pallidum subsp. pallidum str. Nichols Antigen,Treponema pallidum subsp. pallidum str. Nichols,100,11.0,54.29,1,1.0
IEDB_590,Treponema pallidum subsp. pallidum str. Nichols Antigen,Treponema pallidum subsp. pallidum str. Nichols,100,11.0,84.15,1,1.0
IEDB_589,Lymphocytic choriomeningitis virus (strain Armstrong) Antigen,Lymphocytic choriomeningitis virus (strain Armstrong),100,11.0,88.98,1,1.0
IEDB_588,Homo sapiens Antigen,Homo sapiens,100,11.0,43.19,1,1.0
IEDB_587,Mus musculus Antigen,Mus musculus,100,11.0,62.11,1,1.0
IEDB_586,Vibrio cholerae Antigen,Vibrio cholerae,100,11.0,143.31,1,1.0
IEDB_585,Mammarenavirus guanaritoense Antigen,Mammarenavirus guanaritoense,100,11.0,57.71,1,1.0
IEDB_584,Hepatitis C virus subtype 1b Antigen,Hepatitis C virus subtype 1b,100,11.0,81.57,1,1.0
IEDB_583,hepatitis C virus genotype 1a Antigen,hepatitis C virus genotype 1a,100,11.0,63.25,1,1.0
IEDB_582,HIV-1 M:B ARV2/SF2 Antigen,HIV-1 M:B ARV2/SF2,100,11.0,49.33,1,1.0
IEDB_581,Human alphaherpesvirus 1 Antigen,Human alphaherpesvirus 1,100,11.0,137.52,1,1.0
IEDB_580,Hepatitis C virus genotype 2 Antigen,Hepatitis C virus genotype 2,100,11.0,34.81,1,1.0
IEDB_579,Hepatitis C virus (isolate 1) Antigen,Hepatitis C virus (isolate 1),100,11.0,48.27,1,1.0
IEDB_578,Equine infectious anemia virus Antigen,Equine infectious anemia virus,100,11.0,16.1,1,1.0
IEDB_609,SARS coronavirus Tor2 Antigen,SARS coronavirus Tor2,100,11.0,17.34,1,1.0
IEDB_608,Orthopoxvirus vaccinia Antigen,Orthopoxvirus vaccinia,100,11.0,20.86,1,1.0
IEDB_607,nan Antigen,,100,11.0,66.46,1,1.0
IEDB_606,Staphylococcus aureus subsp. aureus MRSA252 Antigen,Staphylococcus aureus subsp. aureus MRSA252,100,11.0,-0.54,1,1.0
IEDB_605,nan Antigen,,100,11.0,94.22,1,1.0
IEDB_604,nan Antigen,,100,11.0,93.93,1,1.0
IEDB_603,Tityus serrulatus Antigen,Tityus serrulatus,100,11.0,25.65,1,1.0
IEDB_602,SARS coronavirus Tor2 Antigen,SARS coronavirus Tor2,100,11.0,79.09,1,1.0
IEDB_601,Murid betaherpesvirus 1 Antigen,Murid betaherpesvirus 1,100,11.0,88.67,1,1.0
IEDB_600,Lactate dehydrogenase-elevating virus Antigen,Lactate dehydrogenase-elevating virus,100,11.0,29.11,1,1.0
IEDB_599,Trypanosoma cruzi Antigen,Trypanosoma cruzi,100,11.0,101.06,1,1.0
IEDB_598,Human herpesvirus 5 strain AD169 Antigen,Human herpesvirus 5 strain AD169,100,11.0,47.12,1,1.0
IEDB_597,Rubella virus Antigen,Rubella virus,100,11.0,73.97,1,1.0
IEDB_596,Human herpesvirus 5 strain Towne Antigen,Human herpesvirus 5 strain Towne,100,11.0,47.12,1,1.0
IEDB_595,Hepatitis C virus subtype 2b Antigen,Hepatitis C virus subtype 2b,100,11.0,90.76,1,1.0
IEDB_594,Hepatitis C virus subtype 2a Antigen,Hepatitis C virus subtype 2a,100,11.0,87.49,1,1.0
IEDB_626,Plasmodium falciparum CAMP/Malaysia Antigen,Plasmodium falciparum CAMP/Malaysia,100,11.0,22.21,1,1.0
IEDB_624,Human alphaherpesvirus 2 Antigen,Human alphaherpesvirus 2,100,11.0,110.17,1,1.0
IEDB_623,Plasmodium berghei Antigen,Plasmodium berghei,100,11.0,44.97,1,1.0
IEDB_622,Plasmodium berghei Antigen,Plasmodium berghei,100,11.0,48.66,1,1.0
IEDB_621,Plasmodium berghei Antigen,Plasmodium berghei,100,11.0,43.22,1,1.0
IEDB_620,Treponema pallidum subsp. pallidum str. Nichols Antigen,Treponema pallidum subsp. pallidum str. Nichols,100,11.0,23.12,1,1.0
IEDB_619,Treponema pallidum subsp. pallidum str. Nichols Antigen,Treponema pallidum subsp. pallidum str. Nichols,100,11.0,-19.35,1,1.0
IEDB_618,Treponema pallidum subsp. pallidum str. Nichols Antigen,Treponema pallidum subsp. pallidum str. Nichols,100,11.0,-12.48,1,1.0
IEDB_617,Plasmodium falciparum CAMP/Malaysia Antigen,Plasmodium falciparum CAMP/Malaysia,100,11.0,103.71,1,1.0
IEDB_616,nan Antigen,,100,11.0,-0.54,1,1.0
IEDB_615,Orthohepacivirus hominis Antigen,Orthohepacivirus hominis,100,11.0,9.25,1,1.0
IEDB_614,Hepatitis C virus (isolate H) Antigen,Hepatitis C virus (isolate H),100,11.0,12.23,1,1.0
IEDB_613,Holcus lanatus Antigen,Holcus lanatus,100,11.0,29.55,1,1.0
IEDB_612,Lolium perenne Antigen,Lolium perenne,100,11.0,25.66,1,1.0
IEDB_611,Lolium perenne Antigen,Lolium perenne,100,11.0,3.99,1,1.0
IEDB_610,SARS-CoV1 Antigen,SARS-CoV1,100,11.0,45.85,1,1.0
IEDB_643,Rubella virus Antigen,Rubella virus,100,11.0,22.21,1,1.0
IEDB_642,Rubella virus Antigen,Rubella virus,100,11.0,23.96,1,1.0
IEDB_641,Phleum pratense Antigen,Phleum pratense,100,11.0,9.13,1,1.0
IEDB_640,Yellow fever virus 17D Antigen,Yellow fever virus 17D,100,11.0,15.32,1,1.0
IEDB_639,Wolbachia endosymbiont of Drosophila melanogaster Antigen,Wolbachia endosymbiont of Drosophila melanogaster,100,11.0,-23.09,1,1.0
IEDB_638,Streptococcus pyogenes NS27 Antigen,Streptococcus pyogenes NS27,100,11.0,5.52,1,1.0
IEDB_637,Mus musculus Antigen,Mus musculus,100,11.0,-3.54,1,1.0
IEDB_636,Orthopoxvirus vaccinia Antigen,Orthopoxvirus vaccinia,100,11.0,4.16,1,1.0
IEDB_635,nan Antigen,,100,11.0,75.62,1,1.0
IEDB_634,Puumala virus Kazan Antigen,Puumala virus Kazan,100,11.0,21.65,1,1.0
IEDB_633,Puumala virus Kazan Antigen,Puumala virus Kazan,100,11.0,52.37,1,1.0
IEDB_631,Human herpesvirus 5 strain AD169 Antigen,Human herpesvirus 5 strain AD169,100,11.0,22.0,1,1.0
IEDB_630,Bacillus licheniformis Antigen,Bacillus licheniformis,100,11.0,26.51,1,1.0
IEDB_629,Simian immunodeficiency virus - mac  - mac 239 Antigen,Simian immunodeficiency virus - mac  - mac 239,100,11.0,34.68,1,1.0
IEDB_628,Simian immunodeficiency virus - mac  - mac 239 Antigen,Simian immunodeficiency virus - mac  - mac 239,100,11.0,40.17,1,1.0
IEDB_627,Human alphaherpesvirus 1 Antigen,Human alphaherpesvirus 1,100,11.0,20.92,1,1.0
IEDB_659,Trichophyton rubrum Antigen,Trichophyton rubrum,100,11.0,-1.07,1,1.0
IEDB_658,Escherichia coli Antigen,Escherichia coli,100,11.0,28.59,1,1.0
IEDB_657,Alphapolyomavirus muris Antigen,Alphapolyomavirus muris,100,11.0,-14.33,1,1.0
IEDB_656,Phleum pratense Antigen,Phleum pratense,100,11.0,6.5,1,1.0
IEDB_655,Human alphaherpesvirus 3 Antigen,Human alphaherpesvirus 3,100,11.0,15.18,1,1.0
IEDB_654,Plasmodium falciparum Antigen,Plasmodium falciparum,100,11.0,-12.48,1,1.0
IEDB_653,Simian immunodeficiency virus - mac  - mac 239 Antigen,Simian immunodeficiency virus - mac  - mac 239,100,11.0,-9.98,1,1.0
IEDB_652,Clostridium tetani Antigen,Clostridium tetani,100,11.0,23.73,1,1.0
IEDB_651,Listeria monocytogenes EGD-e Antigen,Listeria monocytogenes EGD-e,100,11.0,11.07,1,1.0
IEDB_650,Mycobacterium tuberculosis Antigen,Mycobacterium tuberculosis,100,11.0,89.61,1,1.0
IEDB_649,Human parvovirus B19 Antigen,Human parvovirus B19,100,11.0,24.16,1,1.0
IEDB_648,Leishmania pifanoi Antigen,Leishmania pifanoi,100,11.0,38.33,1,1.0
IEDB_647,Hepatitis C virus genotype 3 Antigen,Hepatitis C virus genotype 3,100,11.0,14.58,1,1.0
IEDB_646,nan Antigen,,100,11.0,13.67,1,1.0
IEDB_645,Simian immunodeficiency virus - mac  - mac 239 Antigen,Simian immunodeficiency virus - mac  - mac 239,100,11.0,27.95,1,1.0
IEDB_644,Simian immunodeficiency virus - mac  - mac 239 Antigen,Simian immunodeficiency virus - mac  - mac 239,100,11.0,-16.88,1,1.0
IEDB_675,nan Antigen,,100,11.0,75.07,1,1.0
IEDB_674,Bacillus licheniformis Antigen,Bacillus licheniformis,100,11.0,19.69,1,1.0
IEDB_673,nan Antigen,,100,11.0,25.77,1,1.0
IEDB_672,Puumala virus sotkamo/v-2969/81 Antigen,Puumala virus sotkamo/v-2969/81,100,11.0,8.01,1,1.0
IEDB_671,nan Antigen,,100,11.0,-0.54,1,1.0
IEDB_670,Streptococcus pyogenes NS5 Antigen,Streptococcus pyogenes NS5,100,11.0,3.7,1,1.0
IEDB_669,Helicobacter pylori 26695 Antigen,Helicobacter pylori 26695,100,11.0,-26.68,1,1.0
IEDB_668,Leishmania major Antigen,Leishmania major,100,11.0,8.26,1,1.0
IEDB_667,Escherichia coli ETEC H10407 Antigen,Escherichia coli ETEC H10407,100,11.0,30.54,1,1.0
IEDB_666,Escherichia coli Antigen,Escherichia coli,100,11.0,-19.97,1,1.0
IEDB_665,hepatitis C virus genotype 1a Antigen,hepatitis C virus genotype 1a,100,11.0,19.08,1,1.0
IEDB_664,Francisella tularensis subsp. tularensis SCHU S4 Antigen,Francisella tularensis subsp. tularensis SCHU S4,100,11.0,45.45,1,1.0
IEDB_663,hepatitis C virus genotype 1a Antigen,hepatitis C virus genotype 1a,100,11.0,73.09,1,1.0
IEDB_662,hepatitis C virus genotype 1a Antigen,hepatitis C virus genotype 1a,100,11.0,30.25,1,1.0
IEDB_661,Hepatitis C virus (isolate NZL1) Antigen,Hepatitis C virus (isolate NZL1),100,11.0,17.44,1,1.0
IEDB_660,Borrelia duttonii Ly Antigen,Borrelia duttonii Ly,100,11.0,8.14,1,1.0
IEDB_692,Candida albicans Antigen,Candida albicans,100,11.0,43.17,1,1.0
IEDB_691,Borreliella burgdorferi B31 Antigen,Borreliella burgdorferi B31,100,11.0,-21.53,1,1.0
IEDB_690,Influenza A virus (A/Ann Arbor/6/1960(H2N2)) Antigen,Influenza A virus (A/Ann Arbor/6/1960(H2N2)),100,11.0,47.64,1,1.0
IEDB_688,Plasmodium falciparum isolate WELLCOME Antigen,Plasmodium falciparum isolate WELLCOME,100,11.0,17.05,1,1.0
IEDB_687,Helicobacter pylori 26695 Antigen,Helicobacter pylori 26695,100,11.0,16.33,1,1.0
IEDB_686,Trypanosoma cruzi Antigen,Trypanosoma cruzi,100,11.0,-31.26,1,1.0
IEDB_685,Lolium perenne Antigen,Lolium perenne,100,11.0,13.89,1,1.0
IEDB_684,nan Antigen,,100,11.0,2.38,1,1.0
IEDB_683,Triticum aestivum Antigen,Triticum aestivum,100,11.0,-5.82,1,1.0
IEDB_682,Juniperus ashei Antigen,Juniperus ashei,100,11.0,43.17,1,1.0
IEDB_681,Simian immunodeficiency virus - mac  - mac 239 Antigen,Simian immunodeficiency virus - mac  - mac 239,100,11.0,19.77,1,1.0
IEDB_680,Simian immunodeficiency virus - mac  - mac 239 Antigen,Simian immunodeficiency virus - mac  - mac 239,100,11.0,20.86,1,1.0
IEDB_679,Plasmodium falciparum CAMP/Malaysia Antigen,Plasmodium falciparum CAMP/Malaysia,100,11.0,0.99,1,1.0
IEDB_678,nan Antigen,,100,11.0,14.05,1,1.0
IEDB_677,Campylobacter jejuni subsp. jejuni NCTC 11168 = ATCC 700819 Antigen,Campylobacter jejuni subsp. jejuni NCTC 11168 = ATCC 700819,100,11.0,17.65,1,1.0
IEDB_676,Helicobacter pylori 26695 Antigen,Helicobacter pylori 26695,100,11.0,-28.84,1,1.0
IEDB_709,Influenza A virus (A/X-31(H3N2)) A/X-31 X HK Antigen,Influenza A virus (A/X-31(H3N2)) A/X-31 X HK,100,11.0,-17.03,1,1.0
IEDB_708,Plasmodium falciparum CAMP/Malaysia Antigen,Plasmodium falciparum CAMP/Malaysia,100,11.0,-12.48,1,1.0
IEDB_707,Manduca sexta Antigen,Manduca sexta,100,11.0,14.72,1,1.0
IEDB_706,Columba livia Antigen,Columba livia,100,11.0,14.35,1,1.0
IEDB_705,nan Antigen,,100,11.0,14.35,1,1.0
IEDB_704,Sin Nombre virus NM H10 Antigen,Sin Nombre virus NM H10,100,11.0,-9.63,1,1.0
IEDB_702,Vibrio cholerae Antigen,Vibrio cholerae,100,11.0,-7.71,1,1.0
IEDB_701,Lymphocytic choriomeningitis virus (strain Armstrong) Antigen,Lymphocytic choriomeningitis virus (strain Armstrong),100,11.0,19.77,1,1.0
IEDB_700,hepatitis C virus genotype 1a Antigen,hepatitis C virus genotype 1a,100,11.0,-8.83,1,1.0
IEDB_699,West Nile virus Antigen,West Nile virus,100,11.0,-7.98,1,1.0
IEDB_698,Streptococcus pyogenes Antigen,Streptococcus pyogenes,100,11.0,-4.98,1,1.0
IEDB_697,Staphylococcus aureus subsp. aureus MRSA252 Antigen,Staphylococcus aureus subsp. aureus MRSA252,100,11.0,-37.22,1,1.0
IEDB_696,Mycobacterium leprae Antigen,Mycobacterium leprae,100,11.0,41.23,1,1.0
IEDB_695,Streptococcus mutans MT 8148 Antigen,Streptococcus mutans MT 8148,100,11.0,-6.87,1,1.0
IEDB_694,Helicobacter pylori 26695 Antigen,Helicobacter pylori 26695,100,11.0,7.96,1,1.0
IEDB_693,Bacillus licheniformis Antigen,Bacillus licheniformis,100,11.0,-30.91,1,1.0
IEDB_725,Influenza A virus (A/Ann Arbor/6/1960(H2N2)) Antigen,Influenza A virus (A/Ann Arbor/6/1960(H2N2)),100,11.0,35.96,1,1.0
IEDB_724,Influenza A virus (A/Ann Arbor/6/1960(H2N2)) Antigen,Influenza A virus (A/Ann Arbor/6/1960(H2N2)),100,11.0,38.84,1,1.0
IEDB_723,Orthohepacivirus hominis Antigen,Orthohepacivirus hominis,100,11.0,34.59,1,1.0
IEDB_722,Hepatitis C virus isolate HC-J4 Antigen,Hepatitis C virus isolate HC-J4,100,11.0,50.25,1,1.0
IEDB_721,Mycobacterium tuberculosis Antigen,Mycobacterium tuberculosis,100,11.0,5.95,1,1.0
IEDB_720,Helicobacter pylori 26695 Antigen,Helicobacter pylori 26695,100,11.0,95.99,1,1.0
IEDB_719,Homo sapiens Antigen,Homo sapiens,100,11.0,-16.47,1,1.0
IEDB_718,Andes virus CHI-7913 Antigen,Andes virus CHI-7913,100,11.0,-9.63,1,1.0
IEDB_717,Vaccinia virus WR Antigen,Vaccinia virus WR,100,11.0,-26.68,1,1.0
IEDB_716,Escherichia coli O157:H7 Antigen,Escherichia coli O157:H7,100,11.0,42.26,1,1.0
IEDB_715,Hepatitis E virus (strain Mexico) Antigen,Hepatitis E virus (strain Mexico),100,11.0,90.48,1,1.0
IEDB_714,Orthohepacivirus hominis Antigen,Orthohepacivirus hominis,100,11.0,3.73,1,1.0
IEDB_713,Orthohepacivirus hominis Antigen,Orthohepacivirus hominis,100,11.0,11.42,1,1.0
IEDB_712,Hepatitis C virus (isolate H) Antigen,Hepatitis C virus (isolate H),100,11.0,2.63,1,1.0
IEDB_711,Orthohepacivirus hominis Antigen,Orthohepacivirus hominis,100,11.0,-10.86,1,1.0
IEDB_710,Hepatitis C virus (isolate 1) Antigen,Hepatitis C virus (isolate 1),100,11.0,-13.18,1,1.0
IEDB_741,Chironomus thummi thummi Antigen,Chironomus thummi thummi,100,11.0,37.64,1,1.0
IEDB_740,Streptococcus pyogenes serotype M13 Antigen,Streptococcus pyogenes serotype M13,100,11.0,28.32,1,1.0
IEDB_739,Hepatitis delta virus Antigen,Hepatitis delta virus,100,11.0,58.38,1,1.0
IEDB_738,Human alphaherpesvirus 2 Antigen,Human alphaherpesvirus 2,100,11.0,18.03,1,1.0
IEDB_737,Human alphaherpesvirus 2 Antigen,Human alphaherpesvirus 2,100,11.0,3.99,1,1.0
IEDB_736,Human alphaherpesvirus 1 Antigen,Human alphaherpesvirus 1,100,11.0,-16.47,1,1.0
IEDB_735,Mycobacterium avium Antigen,Mycobacterium avium,100,11.0,27.59,1,1.0
IEDB_734,Plasmodium falciparum Antigen,Plasmodium falciparum,100,11.0,10.95,1,1.0
IEDB_733,Human alphaherpesvirus 1 Antigen,Human alphaherpesvirus 1,100,11.0,-9.63,1,1.0
IEDB_732,Mus musculus Antigen,Mus musculus,100,11.0,9.57,1,1.0
IEDB_731,Babesia bovis Mexico Mo7 Antigen,Babesia bovis Mexico Mo7,100,11.0,37.53,1,1.0
IEDB_730,Human immunodeficiency virus type 1 (ELI ISOLATE) Antigen,Human immunodeficiency virus type 1 (ELI ISOLATE),100,11.0,-1.48,1,1.0
IEDB_729,Helicobacter pylori Antigen,Helicobacter pylori,100,11.0,11.42,1,1.0
IEDB_728,nan Antigen,,100,11.0,-0.54,1,1.0
IEDB_727,Plasmodium falciparum CAMP/Malaysia Antigen,Plasmodium falciparum CAMP/Malaysia,100,11.0,28.27,1,1.0
IEDB_726,Plasmodium falciparum CAMP/Malaysia Antigen,Plasmodium falciparum CAMP/Malaysia,100,11.0,-12.48,1,1.0
IEDB_757,human gammaherpesvirus 4 Antigen,human gammaherpesvirus 4,100,11.0,4.1,1,1.0
IEDB_756,Borreliella burgdorferi B31 Antigen,Borreliella burgdorferi B31,100,11.0,47.68,1,1.0
IEDB_755,Influenza B virus (B/Ann Arbor/1/1986) Antigen,Influenza B virus (B/Ann Arbor/1/1986),100,11.0,3.04,1,1.0
IEDB_754,nan Antigen,,100,11.0,22.95,1,1.0
IEDB_753,Mycobacterium avium subsp. paratuberculosis Antigen,Mycobacterium avium subsp. paratuberculosis,100,11.0,4.03,1,1.0
IEDB_752,Fasciola hepatica Antigen,Fasciola hepatica,100,11.0,42.09,1,1.0
IEDB_751,Influenza A virus (A/Ann Arbor/6/1960(H2N2)) Antigen,Influenza A virus (A/Ann Arbor/6/1960(H2N2)),100,11.0,74.38,1,1.0
IEDB_750,Chlamydia psittaci Antigen,Chlamydia psittaci,100,11.0,11.6,1,1.0
IEDB_749,Influenza A virus (A/Wilson-Smith/1933(H1N1)) Antigen,Influenza A virus (A/Wilson-Smith/1933(H1N1)),100,11.0,-7.03,1,1.0
IEDB_748,Helicobacter pylori 26695 Antigen,Helicobacter pylori 26695,100,11.0,38.84,1,1.0
IEDB_747,Borreliella burgdorferi B31 Antigen,Borreliella burgdorferi B31,100,11.0,42.71,1,1.0
IEDB_746,Alternaria alternata Antigen,Alternaria alternata,100,11.0,36.27,1,1.0
IEDB_745,Human alphaherpesvirus 1 strain 17 Antigen,Human alphaherpesvirus 1 strain 17,100,11.0,58.38,1,1.0
IEDB_744,Mycobacterium tuberculosis Antigen,Mycobacterium tuberculosis,100,11.0,43.22,1,1.0
IEDB_743,Mycobacterium tuberculosis Antigen,Mycobacterium tuberculosis,100,11.0,54.3,1,1.0
IEDB_742,Chironomus thummi thummi Antigen,Chironomus thummi thummi,100,11.0,14.43,1,1.0
IEDB_774,Plasmodium falciparum FC27/Papua New Guinea Antigen,Plasmodium falciparum FC27/Papua New Guinea,100,11.0,-20.65,1,1.0
IEDB_773,Plasmodium falciparum FC27/Papua New Guinea Antigen,Plasmodium falciparum FC27/Papua New Guinea,100,11.0,-31.26,1,1.0
IEDB_772,Enterovirus E Antigen,Enterovirus E,100,11.0,16.46,1,1.0
IEDB_771,Theiler's encephalomyelitis virus (STRAIN BEAN 8386) Antigen,Theiler's encephalomyelitis virus (STRAIN BEAN 8386),100,11.0,-14.47,1,1.0
IEDB_770,Hepatitis C virus (isolate HCV-K3a/650) Antigen,Hepatitis C virus (isolate HCV-K3a/650),100,11.0,31.58,1,1.0
IEDB_769,Orientia tsutsugamushi Karp Antigen,Orientia tsutsugamushi Karp,100,11.0,16.41,1,1.0
IEDB_768,Trypanosoma cruzi Antigen,Trypanosoma cruzi,100,11.0,44.23,1,1.0
IEDB_767,Helicobacter pylori 26695 Antigen,Helicobacter pylori 26695,100,11.0,85.06,1,1.0
IEDB_766,Campylobacter jejuni subsp. jejuni NCTC 11168 = ATCC 700819 Antigen,Campylobacter jejuni subsp. jejuni NCTC 11168 = ATCC 700819,100,11.0,38.87,1,1.0
IEDB_765,Tityus serrulatus Antigen,Tityus serrulatus,100,11.0,5.19,1,1.0
IEDB_764,Tityus serrulatus Antigen,Tityus serrulatus,100,11.0,40.41,1,1.0
IEDB_763,nan Antigen,,100,11.0,70.36,1,1.0
IEDB_762,Pneumonia virus of mice J3666 Antigen,Pneumonia virus of mice J3666,100,11.0,66.87,1,1.0
IEDB_761,Rinderpest virus (strain RBOK) Antigen,Rinderpest virus (strain RBOK),100,11.0,26.46,1,1.0
IEDB_759,nan Antigen,,100,11.0,-17.3,1,1.0
IEDB_758,Malus domestica Antigen,Malus domestica,100,11.0,46.04,1,1.0
IEDB_791,nan Antigen,,100,11.0,1.67,1,1.0
IEDB_790,Schistosoma japonicum Antigen,Schistosoma japonicum,100,11.0,36.5,1,1.0
IEDB_789,Mycobacterium tuberculosis variant bovis Antigen,Mycobacterium tuberculosis variant bovis,100,11.0,13.56,1,1.0
IEDB_788,Escherichia coli Antigen,Escherichia coli,100,11.0,-30.67,1,1.0
IEDB_787,Orientia tsutsugamushi Antigen,Orientia tsutsugamushi,100,11.0,22.21,1,1.0
IEDB_786,Plasmodium chabaudi adami DS Antigen,Plasmodium chabaudi adami DS,100,11.0,76.53,1,1.0
IEDB_785,Dengue virus 2 Thailand/16681/84 Antigen,Dengue virus 2 Thailand/16681/84,100,11.0,20.77,1,1.0
IEDB_784,hepatitis C virus genotype 1a Antigen,hepatitis C virus genotype 1a,100,11.0,105.33,1,1.0
IEDB_783,Bacillus licheniformis Antigen,Bacillus licheniformis,100,11.0,7.58,1,1.0
IEDB_782,Fagopyrum esculentum Antigen,Fagopyrum esculentum,100,11.0,-6.59,1,1.0
IEDB_781,SARS coronavirus Tor2 Antigen,SARS coronavirus Tor2,100,11.0,25.57,1,1.0
IEDB_780,Bos taurus Antigen,Bos taurus,100,11.0,20.86,1,1.0
IEDB_779,Equine infectious anemia virus Antigen,Equine infectious anemia virus,100,11.0,11.32,1,1.0
IEDB_778,Dengue virus 2 Jamaica/1409/1983 Antigen,Dengue virus 2 Jamaica/1409/1983,100,11.0,-43.43,1,1.0
IEDB_777,Apis mellifera Antigen,Apis mellifera,100,11.0,36.18,1,1.0
IEDB_775,Plasmodium falciparum Antigen,Plasmodium falciparum,100,11.0,17.68,1,1.0
IEDB_807,Mycobacterium tuberculosis H37Ra Antigen,Mycobacterium tuberculosis H37Ra,100,11.0,8.89,1,1.0
IEDB_806,Hepatitis C virus (isolate HCV-K3a/650) Antigen,Hepatitis C virus (isolate HCV-K3a/650),100,11.0,8.89,1,1.0
IEDB_805,Hepatitis C virus (isolate HCV-K3a/650) Antigen,Hepatitis C virus (isolate HCV-K3a/650),100,11.0,8.75,1,1.0
IEDB_804,Hepatitis C virus (isolate 1) Antigen,Hepatitis C virus (isolate 1),100,11.0,66.28,1,1.0
IEDB_803,Hantaan virus 76-118 Antigen,Hantaan virus 76-118,100,11.0,122.89,1,1.0
IEDB_802,Orthohantavirus hantanense Antigen,Orthohantavirus hantanense,100,11.0,8.89,1,1.0
IEDB_801,Escherichia coli K-12 Antigen,Escherichia coli K-12,100,11.0,9.9,1,1.0
IEDB_800,Orthohepacivirus hominis Antigen,Orthohepacivirus hominis,100,11.0,47.85,1,1.0
IEDB_799,nan Antigen,,100,11.0,8.89,1,1.0
IEDB_798,SARS coronavirus Tor2 Antigen,SARS coronavirus Tor2,100,11.0,0.51,1,1.0
IEDB_797,nan Antigen,,100,11.0,50.24,1,1.0
IEDB_796,Treponema pallidum subsp. pallidum str. Nichols Antigen,Treponema pallidum subsp. pallidum str. Nichols,100,11.0,60.21,1,1.0
IEDB_795,Treponema pallidum subsp. pallidum str. Nichols Antigen,Treponema pallidum subsp. pallidum str. Nichols,100,11.0,43.16,1,1.0
IEDB_794,Human herpesvirus 4 strain B95-8 Antigen,Human herpesvirus 4 strain B95-8,100,11.0,44.81,1,1.0
IEDB_793,Influenza A virus Antigen,Influenza A virus,100,11.0,56.31,1,1.0
IEDB_792,Simian immunodeficiency virus - mac  - mac 239 Antigen,Simian immunodeficiency virus - mac  - mac 239,100,11.0,80.92,1,1.0
IEDB_824,Streptococcus pyogenes Antigen,Streptococcus pyogenes,100,11.0,20.86,1,1.0
IEDB_823,Streptococcus pyogenes Antigen,Streptococcus pyogenes,100,11.0,33.91,1,1.0
IEDB_822,Ricinus communis Antigen,Ricinus communis,100,11.0,21.52,1,1.0
IEDB_821,Influenza A virus (A/Ann Arbor/6/1960(H2N2)) Antigen,Influenza A virus (A/Ann Arbor/6/1960(H2N2)),100,11.0,0.51,1,1.0
IEDB_820,H5N1 subtype Antigen,H5N1 subtype,100,11.0,-0.54,1,1.0
IEDB_818,Dengue virus 2 Jamaica/1409/1983 Antigen,Dengue virus 2 Jamaica/1409/1983,100,11.0,21.34,1,1.0
IEDB_817,Simian immunodeficiency virus - mac  - mac 239 Antigen,Simian immunodeficiency virus - mac  - mac 239,100,11.0,45.68,1,1.0
IEDB_816,Simian immunodeficiency virus - mac  - mac 239 Antigen,Simian immunodeficiency virus - mac  - mac 239,100,11.0,49.25,1,1.0
IEDB_815,Streptococcus equi Antigen,Streptococcus equi,100,11.0,-5.01,1,1.0
IEDB_814,Mycobacterium tuberculosis Antigen,Mycobacterium tuberculosis,100,11.0,-5.22,1,1.0
IEDB_813,Mycobacterium tuberculosis variant bovis AF2122/97 Antigen,Mycobacterium tuberculosis variant bovis AF2122/97,100,11.0,12.26,1,1.0
IEDB_812,Staphylococcus aureus subsp. aureus MRSA252 Antigen,Staphylococcus aureus subsp. aureus MRSA252,100,11.0,-0.54,1,1.0
IEDB_811,Chironomus thummi thummi Antigen,Chironomus thummi thummi,100,11.0,15.03,1,1.0
IEDB_810,Chironomus thummi thummi Antigen,Chironomus thummi thummi,100,11.0,8.0,1,1.0
IEDB_809,SARS coronavirus Tor2 Antigen,SARS coronavirus Tor2,100,11.0,-1.42,1,1.0
IEDB_808,SARS coronavirus Tor2 Antigen,SARS coronavirus Tor2,100,11.0,-2.69,1,1.0
IEDB_840,nan Antigen,,100,11.0,9.33,1,1.0
IEDB_839,nan Antigen,,100,11.0,25.12,1,1.0
IEDB_838,Trypanosoma cruzi Antigen,Trypanosoma cruzi,100,11.0,20.11,1,1.0
IEDB_837,Penaeus aztecus Antigen,Penaeus aztecus,100,11.0,32.97,1,1.0
IEDB_836,Listeria monocytogenes EGD-e Antigen,Listeria monocytogenes EGD-e,100,11.0,2.09,1,1.0
IEDB_835,nan Antigen,,100,11.0,51.69,1,1.0
IEDB_834,Mycobacterium tuberculosis Antigen,Mycobacterium tuberculosis,100,11.0,14.21,1,1.0
IEDB_833,Mycobacterium tuberculosis Antigen,Mycobacterium tuberculosis,100,11.0,-13.31,1,1.0
IEDB_832,Poa pratensis Antigen,Poa pratensis,100,11.0,32.02,1,1.0
IEDB_831,"Marburg virus - Musoke, Kenya, 1980 Antigen","Marburg virus - Musoke, Kenya, 1980",100,11.0,-0.54,1,1.0
IEDB_830,Simian immunodeficiency virus - mac  - mac 239 Antigen,Simian immunodeficiency virus - mac  - mac 239,100,11.0,36.39,1,1.0
IEDB_829,Simian immunodeficiency virus - mac  - mac 239 Antigen,Simian immunodeficiency virus - mac  - mac 239,100,11.0,-1.86,1,1.0
IEDB_828,Lymphocytic choriomeningitis virus (strain Armstrong) Antigen,Lymphocytic choriomeningitis virus (strain Armstrong),100,11.0,66.55,1,1.0
IEDB_827,Lymphocytic choriomeningitis virus (strain Armstrong) Antigen,Lymphocytic choriomeningitis virus (strain Armstrong),100,11.0,72.2,1,1.0
IEDB_826,Lymphocytic choriomeningitis virus (strain Armstrong) Antigen,Lymphocytic choriomeningitis virus (strain Armstrong),100,11.0,79.11,1,1.0
IEDB_825,Lymphocytic choriomeningitis virus (strain Armstrong) Antigen,Lymphocytic choriomeningitis virus (strain Armstrong),100,11.0,32.83,1,1.0
IEDB_858,Orthopoxvirus vaccinia Antigen,Orthopoxvirus vaccinia,100,11.0,71.63,1,1.0
IEDB_857,Orthopoxvirus vaccinia Antigen,Orthopoxvirus vaccinia,100,11.0,78.48,1,1.0
IEDB_854,Orthopoxvirus vaccinia Antigen,Orthopoxvirus vaccinia,100,11.0,20.86,1,1.0
IEDB_853,SARS coronavirus Tor2 Antigen,SARS coronavirus Tor2,100,11.0,27.09,1,1.0
IEDB_852,Influenza A virus (A/swine/Hong Kong/81/1978(H3N2)) Antigen,Influenza A virus (A/swine/Hong Kong/81/1978(H3N2)),100,11.0,4.16,1,1.0
IEDB_851,Human immunodeficiency virus type 1 (MAL ISOLATE) Antigen,Human immunodeficiency virus type 1 (MAL ISOLATE),100,11.0,29.36,1,1.0
IEDB_850,human papillomavirus 45 Antigen,human papillomavirus 45,100,11.0,99.38,1,1.0
IEDB_849,Hepatitis B virus subtype adyw Antigen,Hepatitis B virus subtype adyw,100,11.0,20.86,1,1.0
IEDB_848,nan Antigen,,100,11.0,38.19,1,1.0
IEDB_847,Human parvovirus B19 Antigen,Human parvovirus B19,100,11.0,39.53,1,1.0
IEDB_846,Shigella flexneri Antigen,Shigella flexneri,100,11.0,32.83,1,1.0
IEDB_845,Hevea brasiliensis Antigen,Hevea brasiliensis,100,11.0,27.48,1,1.0
IEDB_844,Hevea brasiliensis Antigen,Hevea brasiliensis,100,11.0,59.24,1,1.0
IEDB_843,hepatitis C virus genotype 1a Antigen,hepatitis C virus genotype 1a,100,11.0,91.83,1,1.0
IEDB_842,Orthopoxvirus vaccinia Antigen,Orthopoxvirus vaccinia,100,11.0,29.37,1,1.0
IEDB_841,Leishmania infantum Antigen,Leishmania infantum,100,11.0,102.4,1,1.0
IEDB_874,Entamoeba histolytica Antigen,Entamoeba histolytica,100,11.0,73.58,1,1.0
IEDB_873,Leishmania infantum Antigen,Leishmania infantum,100,11.0,39.47,1,1.0
IEDB_872,Orthopoxvirus vaccinia Antigen,Orthopoxvirus vaccinia,100,11.0,66.51,1,1.0
IEDB_871,Hevea brasiliensis Antigen,Hevea brasiliensis,100,11.0,76.85,1,1.0
IEDB_870,Trypanosoma cruzi Antigen,Trypanosoma cruzi,100,11.0,95.6,1,1.0
IEDB_869,Mycobacterium leprae Antigen,Mycobacterium leprae,100,11.0,91.05,1,1.0
IEDB_868,Mycobacterium leprae Antigen,Mycobacterium leprae,100,11.0,100.06,1,1.0
IEDB_867,nan Antigen,,100,11.0,102.73,1,1.0
IEDB_866,Hepatitis C virus (isolate H) Antigen,Hepatitis C virus (isolate H),100,11.0,73.58,1,1.0
IEDB_865,hepatitis C virus genotype 1a Antigen,hepatitis C virus genotype 1a,100,11.0,131.48,1,1.0
IEDB_864,Orthohepacivirus hominis Antigen,Orthohepacivirus hominis,100,11.0,108.11,1,1.0
IEDB_863,Shigella flexneri 2a Antigen,Shigella flexneri 2a,100,11.0,64.15,1,1.0
IEDB_862,Pseudomonas aeruginosa Antigen,Pseudomonas aeruginosa,100,11.0,110.19,1,1.0
IEDB_861,Influenza A virus (A/X-31(H3N2)) Antigen,Influenza A virus (A/X-31(H3N2)),100,11.0,22.82,1,1.0
IEDB_860,Phleum pratense Antigen,Phleum pratense,100,11.0,40.51,1,1.0
IEDB_859,Helicobacter pylori 26695 Antigen,Helicobacter pylori 26695,100,11.0,13.59,1,1.0
IEDB_892,Helicobacter pylori 26695 Antigen,Helicobacter pylori 26695,100,11.0,45.11,1,1.0
IEDB_891,nan Antigen,,100,11.0,31.07,1,1.0
IEDB_890,nan Antigen,,100,11.0,46.85,1,1.0
IEDB_889,Poa pratensis Antigen,Poa pratensis,100,11.0,26.75,1,1.0
IEDB_888,Hevea brasiliensis Antigen,Hevea brasiliensis,100,11.0,83.59,1,1.0
IEDB_887,Hevea brasiliensis Antigen,Hevea brasiliensis,100,11.0,98.31,1,1.0
IEDB_886,Orthopoxvirus vaccinia Antigen,Orthopoxvirus vaccinia,100,11.0,84.5,1,1.0
IEDB_883,Simian immunodeficiency virus - mac  - mac 239 Antigen,Simian immunodeficiency virus - mac  - mac 239,100,11.0,35.68,1,1.0
IEDB_882,Homo sapiens Antigen,Homo sapiens,100,11.0,59.19,1,1.0
IEDB_881,Human betaherpesvirus 5 Antigen,Human betaherpesvirus 5,100,11.0,39.53,1,1.0
IEDB_880,Plasmodium falciparum Antigen,Plasmodium falciparum,100,11.0,44.37,1,1.0
IEDB_879,Plasmodium falciparum Antigen,Plasmodium falciparum,100,11.0,91.0,1,1.0
IEDB_878,Plasmodium falciparum Antigen,Plasmodium falciparum,100,11.0,91.0,1,1.0
IEDB_877,Puumala virus sotkamo/v-2969/81 Antigen,Puumala virus sotkamo/v-2969/81,100,11.0,26.51,1,1.0
IEDB_876,Clostridium tetani Antigen,Clostridium tetani,100,11.0,72.95,1,1.0
IEDB_875,Puumala virus sotkamo/v-2969/81 Antigen,Puumala virus sotkamo/v-2969/81,100,11.0,88.87,1,1.0
IEDB_908,nan Antigen,,100,11.0,41.23,1,1.0
IEDB_907,Giardia lamblia ATCC 50803 Antigen,Giardia lamblia ATCC 50803,100,11.0,8.89,1,1.0
IEDB_906,nan Antigen,,100,11.0,20.48,1,1.0
IEDB_905,Orthopoxvirus vaccinia Antigen,Orthopoxvirus vaccinia,100,11.0,28.26,1,1.0
IEDB_904,Orthopoxvirus vaccinia Antigen,Orthopoxvirus vaccinia,100,11.0,30.29,1,1.0
IEDB_903,Homo sapiens Antigen,Homo sapiens,100,11.0,5.74,1,1.0
IEDB_902,Giardia lamblia ATCC 50803 Antigen,Giardia lamblia ATCC 50803,100,11.0,42.26,1,1.0
IEDB_901,Leishmania infantum Antigen,Leishmania infantum,100,11.0,50.45,1,1.0
IEDB_900,Orthopoxvirus vaccinia Antigen,Orthopoxvirus vaccinia,100,11.0,24.95,1,1.0
IEDB_899,Mycobacterium tuberculosis H37Rv Antigen,Mycobacterium tuberculosis H37Rv,100,11.0,42.19,1,1.0
IEDB_898,Mycobacterium tuberculosis H37Rv Antigen,Mycobacterium tuberculosis H37Rv,100,11.0,35.79,1,1.0
IEDB_897,Plasmodium yoelii yoelii YM Antigen,Plasmodium yoelii yoelii YM,100,11.0,24.52,1,1.0
IEDB_896,Orthopoxvirus vaccinia Antigen,Orthopoxvirus vaccinia,100,11.0,30.29,1,1.0
IEDB_895,Influenza A virus (A/X-31(H3N2)) Antigen,Influenza A virus (A/X-31(H3N2)),100,11.0,59.69,1,1.0
IEDB_894,nan Antigen,,100,11.0,3.22,1,1.0
IEDB_893,Trypanosoma cruzi Antigen,Trypanosoma cruzi,100,11.0,-9.72,1,1.0
IEDB_924,nan Antigen,,100,11.0,28.95,1,1.0
IEDB_923,nan Antigen,,100,11.0,19.44,1,1.0
IEDB_922,nan Antigen,,100,11.0,20.19,1,1.0
IEDB_921,nan Antigen,,100,11.0,39.94,1,1.0
IEDB_920,nan Antigen,,100,11.0,43.92,1,1.0
IEDB_919,nan Antigen,,100,11.0,12.09,1,1.0
IEDB_918,nan Antigen,,100,11.0,36.32,1,1.0
IEDB_917,nan Antigen,,100,11.0,16.62,1,1.0
IEDB_916,nan Antigen,,100,11.0,46.67,1,1.0
IEDB_915,nan Antigen,,100,11.0,74.79,1,1.0
IEDB_914,nan Antigen,,100,11.0,31.61,1,1.0
IEDB_913,nan Antigen,,100,11.0,62.08,1,1.0
IEDB_912,nan Antigen,,100,11.0,69.18,1,1.0
IEDB_911,Mycobacterium tuberculosis Antigen,Mycobacterium tuberculosis,100,11.0,-6.03,1,1.0
IEDB_910,Enterobacteria phage fd Antigen,Enterobacteria phage fd,100,11.0,64.97,1,1.0
IEDB_909,Enterobacteria phage fd Antigen,Enterobacteria phage fd,100,11.0,30.29,1,1.0
IEDB_940,Columba livia Antigen,Columba livia,100,11.0,23.06,1,1.0
IEDB_939,Columba livia Antigen,Columba livia,100,11.0,23.06,1,1.0
IEDB_938,nan Antigen,,100,11.0,34.21,1,1.0
IEDB_937,nan Antigen,,100,11.0,40.26,1,1.0
IEDB_936,nan Antigen,,100,11.0,49.44,1,1.0
IEDB_935,nan Antigen,,100,11.0,30.58,1,1.0
IEDB_934,nan Antigen,,100,11.0,41.75,1,1.0
IEDB_933,nan Antigen,,100,11.0,30.85,1,1.0
IEDB_932,nan Antigen,,100,11.0,46.87,1,1.0
IEDB_931,nan Antigen,,100,11.0,17.05,1,1.0
IEDB_930,nan Antigen,,100,11.0,91.7,1,1.0
IEDB_929,nan Antigen,,100,11.0,34.46,1,1.0
IEDB_928,nan Antigen,,100,11.0,69.18,1,1.0
IEDB_927,nan Antigen,,100,11.0,53.3,1,1.0
IEDB_926,nan Antigen,,100,11.0,28.28,1,1.0
IEDB_925,nan Antigen,,100,11.0,54.62,1,1.0
IEDB_957,Simian immunodeficiency virus Antigen,Simian immunodeficiency virus,100,11.0,-11.29,1,1.0
IEDB_956,Orthopoxvirus vaccinia Antigen,Orthopoxvirus vaccinia,100,11.0,79.81,1,1.0
IEDB_955,Corynebacterium glutamicum Antigen,Corynebacterium glutamicum,100,11.0,-19.39,1,1.0
IEDB_954,Candida albicans Antigen,Candida albicans,100,11.0,12.65,1,1.0
IEDB_953,Zaire ebolavirus Antigen,Zaire ebolavirus,100,11.0,8.89,1,1.0
IEDB_952,Orthopoxvirus vaccinia Antigen,Orthopoxvirus vaccinia,100,11.0,7.21,1,1.0
IEDB_951,Pseudomonas fluorescens Antigen,Pseudomonas fluorescens,100,11.0,-19.41,1,1.0
IEDB_950,SARS coronavirus Tor2 Antigen,SARS coronavirus Tor2,100,11.0,51.37,1,1.0
IEDB_949,nan Antigen,,100,11.0,35.72,1,1.0
IEDB_948,nan Antigen,,100,11.0,47.76,1,1.0
IEDB_947,Pseudomonas aeruginosa Antigen,Pseudomonas aeruginosa,100,11.0,61.16,1,1.0
IEDB_945,Human herpesvirus 4 strain B95-8 Antigen,Human herpesvirus 4 strain B95-8,100,11.0,41.1,1,1.0
IEDB_944,human gammaherpesvirus 4 Antigen,human gammaherpesvirus 4,100,11.0,51.47,1,1.0
IEDB_943,Orthopoxvirus vaccinia Antigen,Orthopoxvirus vaccinia,100,11.0,-2.37,1,1.0
IEDB_942,Mycobacterium tuberculosis Antigen,Mycobacterium tuberculosis,100,11.0,-5.22,1,1.0
IEDB_941,Mycobacterium tuberculosis Antigen,Mycobacterium tuberculosis,100,11.0,37.64,1,1.0
IEDB_973,nan Antigen,,100,11.0,20.86,1,1.0
IEDB_972,nan Antigen,,100,11.0,30.29,1,1.0
IEDB_971,nan Antigen,,100,11.0,30.29,1,1.0
IEDB_970,nan Antigen,,100,11.0,30.29,1,1.0
IEDB_969,nan Antigen,,100,11.0,30.29,1,1.0
IEDB_968,nan Antigen,,100,11.0,30.29,1,1.0
IEDB_967,nan Antigen,,100,11.0,30.29,1,1.0
IEDB_966,nan Antigen,,100,11.0,30.29,1,1.0
IEDB_965,SARS-CoV1 Antigen,SARS-CoV1,100,11.0,13.56,1,1.0
IEDB_964,Dengue virus 2 16681-PDK53 Antigen,Dengue virus 2 16681-PDK53,100,11.0,3.36,1,1.0
IEDB_963,Streptococcus pyogenes serotype M5 Antigen,Streptococcus pyogenes serotype M5,100,11.0,59.19,1,1.0
IEDB_962,Hepatitis C virus genotype 3 Antigen,Hepatitis C virus genotype 3,100,11.0,-34.0,1,1.0
IEDB_961,Mycobacterium tuberculosis H37Rv Antigen,Mycobacterium tuberculosis H37Rv,100,11.0,-1.35,1,1.0
IEDB_960,Mycobacterium tuberculosis Antigen,Mycobacterium tuberculosis,100,11.0,4.31,1,1.0
IEDB_959,Mycobacterium tuberculosis H37Rv Antigen,Mycobacterium tuberculosis H37Rv,100,11.0,4.31,1,1.0
IEDB_958,Helicobacter pylori 26695 Antigen,Helicobacter pylori 26695,100,11.0,0.51,1,1.0
IEDB_990,Homo sapiens Antigen,Homo sapiens,100,11.0,15.72,1,1.0
IEDB_989,Yersinia pestis Antigen,Yersinia pestis,100,11.0,69.88,1,1.0
IEDB_987,"Marburg virus - Musoke, Kenya, 1980 Antigen","Marburg virus - Musoke, Kenya, 1980",100,11.0,51.69,1,1.0
IEDB_986,Hepatitis C virus (isolate H) Antigen,Hepatitis C virus (isolate H),100,11.0,105.05,1,1.0
IEDB_985,SARS coronavirus Tor2 Antigen,SARS coronavirus Tor2,100,11.0,39.98,1,1.0
IEDB_984,Orthopoxvirus vaccinia Antigen,Orthopoxvirus vaccinia,100,11.0,22.05,1,1.0
IEDB_983,Streptococcus pyogenes serotype M4 Antigen,Streptococcus pyogenes serotype M4,100,11.0,27.12,1,1.0
IEDB_982,Plasmodium falciparum Antigen,Plasmodium falciparum,100,11.0,51.78,1,1.0
IEDB_981,Araucaria virus Antigen,Araucaria virus,100,11.0,100.51,1,1.0
IEDB_980,Trypanosoma cruzi Antigen,Trypanosoma cruzi,100,11.0,46.44,1,1.0
IEDB_979,Influenza A virus Antigen,Influenza A virus,100,11.0,100.51,1,1.0
IEDB_978,Influenza A virus (A/swine/Italy/1509-6/97(H1N1)) Antigen,Influenza A virus (A/swine/Italy/1509-6/97(H1N1)),100,11.0,100.51,1,1.0
IEDB_977,Vibrio cholerae Antigen,Vibrio cholerae,100,11.0,45.66,1,1.0
IEDB_976,Plasmodium falciparum CAMP/Malaysia Antigen,Plasmodium falciparum CAMP/Malaysia,100,11.0,56.9,1,1.0
IEDB_975,nan Antigen,,100,11.0,30.29,1,1.0
IEDB_974,nan Antigen,,100,11.0,66.51,1,1.0
IEDB_1006,Plasmodium berghei Antigen,Plasmodium berghei,100,11.0,53.31,1,1.0
IEDB_1005,Orthopoxvirus vaccinia Antigen,Orthopoxvirus vaccinia,100,11.0,32.48,1,1.0
IEDB_1004,Orthopoxvirus vaccinia Antigen,Orthopoxvirus vaccinia,100,11.0,17.65,1,1.0
IEDB_1003,nan Antigen,,100,11.0,25.12,1,1.0
IEDB_1002,Streptococcus pyogenes Antigen,Streptococcus pyogenes,100,11.0,34.14,1,1.0
IEDB_1001,Streptococcus pyogenes Antigen,Streptococcus pyogenes,100,11.0,21.41,1,1.0
IEDB_1000,Human betaherpesvirus 5 Antigen,Human betaherpesvirus 5,100,11.0,62.78,1,1.0
IEDB_999,Severe acute respiratory syndrome coronavirus 2 Antigen,Severe acute respiratory syndrome coronavirus 2,100,11.0,-10.29,1,1.0
IEDB_998,SARS coronavirus Tor2 Antigen,SARS coronavirus Tor2,100,11.0,-12.54,1,1.0
IEDB_997,Clostridium tetani Antigen,Clostridium tetani,100,11.0,27.12,1,1.0
IEDB_996,Orthohepacivirus hominis Antigen,Orthohepacivirus hominis,100,11.0,-11.77,1,1.0
IEDB_995,Orthopoxvirus vaccinia Antigen,Orthopoxvirus vaccinia,100,11.0,47.52,1,1.0
IEDB_994,Human gammaherpesvirus 8 Antigen,Human gammaherpesvirus 8,100,11.0,35.12,1,1.0
IEDB_993,SARS coronavirus Tor2 Antigen,SARS coronavirus Tor2,100,11.0,28.26,1,1.0
IEDB_992,Andes virus CHI-7913 Antigen,Andes virus CHI-7913,100,11.0,54.86,1,1.0
IEDB_991,Homo sapiens Antigen,Homo sapiens,100,11.0,27.09,1,1.0
IEDB_1022,Mycobacterium tuberculosis Antigen,Mycobacterium tuberculosis,100,11.0,29.38,1,1.0
IEDB_1021,Borreliella burgdorferi B31 Antigen,Borreliella burgdorferi B31,100,11.0,-0.31,1,1.0
IEDB_1020,Orthopoxvirus vaccinia Antigen,Orthopoxvirus vaccinia,100,11.0,28.26,1,1.0
IEDB_1019,Listeria monocytogenes EGD-e Antigen,Listeria monocytogenes EGD-e,100,11.0,12.69,1,1.0
IEDB_1018,Hantaan virus 76-118 Antigen,Hantaan virus 76-118,100,11.0,47.53,1,1.0
IEDB_1017,Streptococcus pyogenes Antigen,Streptococcus pyogenes,100,11.0,60.5,1,1.0
IEDB_1016,Trypanosoma cruzi Antigen,Trypanosoma cruzi,100,11.0,20.11,1,1.0
IEDB_1015,Influenza A virus (A/Ann Arbor/6/1960(H2N2)) Antigen,Influenza A virus (A/Ann Arbor/6/1960(H2N2)),100,11.0,13.18,1,1.0
IEDB_1014,Mycobacterium tuberculosis H37Rv Antigen,Mycobacterium tuberculosis H37Rv,100,11.0,42.12,1,1.0
IEDB_1013,Clostridium tetani Antigen,Clostridium tetani,100,11.0,84.48,1,1.0
IEDB_1012,Dehalococcoides mccartyi 195 Antigen,Dehalococcoides mccartyi 195,100,11.0,-1.48,1,1.0
IEDB_1011,Orthopoxvirus vaccinia Antigen,Orthopoxvirus vaccinia,100,11.0,-0.54,1,1.0
IEDB_1010,Orthopoxvirus vaccinia Antigen,Orthopoxvirus vaccinia,100,11.0,-1.23,1,1.0
IEDB_1009,Streptococcus pyogenes serotype M49 Antigen,Streptococcus pyogenes serotype M49,100,11.0,10.64,1,1.0
IEDB_1008,Onchocerca volvulus Antigen,Onchocerca volvulus,100,11.0,28.87,1,1.0
IEDB_1007,Orthopoxvirus vaccinia Antigen,Orthopoxvirus vaccinia,100,11.0,9.35,1,1.0
IEDB_1038,Orthohantavirus puumalaense Antigen,Orthohantavirus puumalaense,100,11.0,-0.54,1,1.0
IEDB_1037,Bacillus licheniformis Antigen,Bacillus licheniformis,100,11.0,19.71,1,1.0
IEDB_1036,Staphylococcus aureus subsp. aureus MRSA252 Antigen,Staphylococcus aureus subsp. aureus MRSA252,100,11.0,-8.92,1,1.0
IEDB_1035,Streptococcus pyogenes Antigen,Streptococcus pyogenes,100,11.0,-5.32,1,1.0
IEDB_1034,Human herpesvirus 5 strain AD169 Antigen,Human herpesvirus 5 strain AD169,100,11.0,101.66,1,1.0
IEDB_1033,Human herpesvirus 5 strain Towne Antigen,Human herpesvirus 5 strain Towne,100,11.0,69.59,1,1.0
IEDB_1032,Human betaherpesvirus 5 Antigen,Human betaherpesvirus 5,100,11.0,47.52,1,1.0
IEDB_1031,Staphylococcus aureus subsp. aureus MRSA252 Antigen,Staphylococcus aureus subsp. aureus MRSA252,100,11.0,0.51,1,1.0
IEDB_1030,Simian immunodeficiency virus - mac  - mac 239 Antigen,Simian immunodeficiency virus - mac  - mac 239,100,11.0,21.34,1,1.0
IEDB_1029,Simian immunodeficiency virus - mac  - mac 239 Antigen,Simian immunodeficiency virus - mac  - mac 239,100,11.0,8.75,1,1.0
IEDB_1028,human respiratory syncytial virus Antigen,human respiratory syncytial virus,100,11.0,58.13,1,1.0
IEDB_1027,Shigella flexneri Antigen,Shigella flexneri,100,11.0,8.75,1,1.0
IEDB_1026,hepatitis C virus genotype 1a Antigen,hepatitis C virus genotype 1a,100,11.0,64.31,1,1.0
IEDB_1025,Streptococcus equi Antigen,Streptococcus equi,100,11.0,31.08,1,1.0
IEDB_1024,nan Antigen,,100,11.0,25.12,1,1.0
IEDB_1023,nan Antigen,,100,11.0,25.12,1,1.0
IEDB_1057,Dengue virus 2 Jamaica/1409/1983 Antigen,Dengue virus 2 Jamaica/1409/1983,100,11.0,-28.84,1,1.0
IEDB_1056,Dengue virus 2 Jamaica/1409/1983 Antigen,Dengue virus 2 Jamaica/1409/1983,100,11.0,-19.97,1,1.0
IEDB_1055,Dermatophagoides farinae Antigen,Dermatophagoides farinae,100,11.0,77.35,1,1.0
IEDB_1054,Orthopoxvirus vaccinia Antigen,Orthopoxvirus vaccinia,100,11.0,13.23,1,1.0
IEDB_1053,Mycobacterium tuberculosis H37Rv Antigen,Mycobacterium tuberculosis H37Rv,100,11.0,48.49,1,1.0
IEDB_1051,Helicobacter pylori Antigen,Helicobacter pylori,100,11.0,21.91,1,1.0
IEDB_1050,Influenza A virus (A/Perth/16/2009(H3N2)) Antigen,Influenza A virus (A/Perth/16/2009(H3N2)),100,11.0,-0.72,1,1.0
IEDB_1049,Influenza A virus (A/Memphis/102/1972(H3N2)) Antigen,Influenza A virus (A/Memphis/102/1972(H3N2)),100,11.0,8.89,1,1.0
IEDB_1048,Homo sapiens Antigen,Homo sapiens,100,11.0,69.32,1,1.0
IEDB_1047,Porcine circovirus Antigen,Porcine circovirus,100,11.0,18.08,1,1.0
IEDB_1045,Orthopoxvirus vaccinia Antigen,Orthopoxvirus vaccinia,100,11.0,32.68,1,1.0
IEDB_1044,Hepatitis B virus Antigen,Hepatitis B virus,100,11.0,57.71,1,1.0
IEDB_1043,Hepatitis B virus subtype adyw Antigen,Hepatitis B virus subtype adyw,100,11.0,63.67,1,1.0
IEDB_1042,Echinococcus granulosus Antigen,Echinococcus granulosus,100,11.0,51.36,1,1.0
IEDB_1041,Echinococcus granulosus Antigen,Echinococcus granulosus,100,11.0,72.58,1,1.0
IEDB_1040,Yersinia pestis Antigen,Yersinia pestis,100,11.0,41.74,1,1.0
IEDB_1074,Mycobacterium tuberculosis Antigen,Mycobacterium tuberculosis,100,11.0,9.09,1,1.0
IEDB_1073,Mycobacterium tuberculosis H37Rv Antigen,Mycobacterium tuberculosis H37Rv,100,11.0,9.0,1,1.0
IEDB_1072,Mycobacterium tuberculosis H37Rv Antigen,Mycobacterium tuberculosis H37Rv,100,11.0,8.75,1,1.0
IEDB_1071,nan Antigen,,100,11.0,-1.86,1,1.0
IEDB_1070,Measles virus strain Edmonston Antigen,Measles virus strain Edmonston,100,11.0,7.37,1,1.0
IEDB_1069,Measles virus strain Edmonston Antigen,Measles virus strain Edmonston,100,11.0,6.49,1,1.0
IEDB_1068,nan Antigen,,100,11.0,26.25,1,1.0
IEDB_1067,Brucella abortus Antigen,Brucella abortus,100,11.0,22.6,1,1.0
IEDB_1066,Yellow fever virus 17D Antigen,Yellow fever virus 17D,100,11.0,-8.92,1,1.0
IEDB_1064,SARS coronavirus Tor2 Antigen,SARS coronavirus Tor2,100,11.0,-18.36,1,1.0
IEDB_1063,Human alphaherpesvirus 1 Antigen,Human alphaherpesvirus 1,100,11.0,71.71,1,1.0
IEDB_1062,Simian immunodeficiency virus - mac  - mac 239 Antigen,Simian immunodeficiency virus - mac  - mac 239,100,11.0,-6.28,1,1.0
IEDB_1061,Simian immunodeficiency virus - mac  - mac 239 Antigen,Simian immunodeficiency virus - mac  - mac 239,100,11.0,-12.39,1,1.0
IEDB_1060,Mycobacterium tuberculosis H37Rv Antigen,Mycobacterium tuberculosis H37Rv,100,11.0,3.67,1,1.0
IEDB_1059,Vaccinia virus NYCBH - Dryvax Antigen,Vaccinia virus NYCBH - Dryvax,100,11.0,8.89,1,1.0
IEDB_1058,Dengue virus 2 Jamaica/1409/1983 Antigen,Dengue virus 2 Jamaica/1409/1983,100,11.0,-33.45,1,1.0
IEDB_1090,Brucella suis Antigen,Brucella suis,100,11.0,30.6,1,1.0
IEDB_1089,Human gammaherpesvirus 8 Antigen,Human gammaherpesvirus 8,100,11.0,27.56,1,1.0
IEDB_1088,Human immunodeficiency virus 1 Antigen,Human immunodeficiency virus 1,100,11.0,-35.06,1,1.0
IEDB_1087,Orthopoxvirus vaccinia Antigen,Orthopoxvirus vaccinia,100,11.0,52.36,1,1.0
IEDB_1086,nan Antigen,,100,11.0,8.89,1,1.0
IEDB_1085,Zaire ebolavirus Antigen,Zaire ebolavirus,100,11.0,27.09,1,1.0
IEDB_1084,Human herpesvirus 4 strain B95-8 Antigen,Human herpesvirus 4 strain B95-8,100,11.0,48.28,1,1.0
IEDB_1083,Mycobacterium tuberculosis H37Rv Antigen,Mycobacterium tuberculosis H37Rv,100,11.0,22.91,1,1.0
IEDB_1082,Zaire ebolavirus Antigen,Zaire ebolavirus,100,11.0,35.2,1,1.0
IEDB_1081,Orthopoxvirus vaccinia Antigen,Orthopoxvirus vaccinia,100,11.0,0.51,1,1.0
IEDB_1080,Escherichia coli Antigen,Escherichia coli,100,11.0,11.02,1,1.0
IEDB_1079,Orthopoxvirus vaccinia Antigen,Orthopoxvirus vaccinia,100,11.0,-32.5,1,1.0
IEDB_1078,Staphylococcus aureus subsp. aureus MRSA252 Antigen,Staphylococcus aureus subsp. aureus MRSA252,100,11.0,19.61,1,1.0
IEDB_1077,Vaccinia virus WR Antigen,Vaccinia virus WR,100,11.0,62.2,1,1.0
IEDB_1076,Hepatitis C virus subtype 2b Antigen,Hepatitis C virus subtype 2b,100,11.0,-9.98,1,1.0
IEDB_1075,Influenza A virus (A/Ann Arbor/6/1960(H2N2)) Antigen,Influenza A virus (A/Ann Arbor/6/1960(H2N2)),100,11.0,8.89,1,1.0
IEDB_1106,Simian immunodeficiency virus - mac  - mac 239 Antigen,Simian immunodeficiency virus - mac  - mac 239,100,11.0,53.54,1,1.0
IEDB_1105,Plasmodium falciparum 3D7 Antigen,Plasmodium falciparum 3D7,100,11.0,6.73,1,1.0
IEDB_1104,Plasmodium falciparum 3D7 Antigen,Plasmodium falciparum 3D7,100,11.0,126.58,1,1.0
IEDB_1103,Plasmodium falciparum 3D7 Antigen,Plasmodium falciparum 3D7,100,11.0,32.83,1,1.0
IEDB_1102,Simian immunodeficiency virus - mac  - mac 239 Antigen,Simian immunodeficiency virus - mac  - mac 239,100,11.0,-2.63,1,1.0
IEDB_1101,Simian immunodeficiency virus - mac  - mac 239 Antigen,Simian immunodeficiency virus - mac  - mac 239,100,11.0,8.75,1,1.0
IEDB_1100,Listeria monocytogenes EGD-e Antigen,Listeria monocytogenes EGD-e,100,11.0,54.92,1,1.0
IEDB_1099,Schistosoma mansoni Antigen,Schistosoma mansoni,100,11.0,87.76,1,1.0
IEDB_1098,Arachis hypogaea Antigen,Arachis hypogaea,100,11.0,3.22,1,1.0
IEDB_1097,Human immunodeficiency virus 1 Antigen,Human immunodeficiency virus 1,100,11.0,-0.54,1,1.0
IEDB_1096,Human immunodeficiency virus 1 Antigen,Human immunodeficiency virus 1,100,11.0,20.5,1,1.0
IEDB_1095,Human immunodeficiency virus type 1 (OYI ISOLATE) Antigen,Human immunodeficiency virus type 1 (OYI ISOLATE),100,11.0,7.96,1,1.0
IEDB_1094,Human immunodeficiency virus 1 Antigen,Human immunodeficiency virus 1,100,11.0,7.96,1,1.0
IEDB_1093,Vibrio cholerae Antigen,Vibrio cholerae,100,11.0,9.07,1,1.0
IEDB_1092,Shigella flexneri 2a Antigen,Shigella flexneri 2a,100,11.0,77.14,1,1.0
IEDB_1091,Orthopoxvirus vaccinia Antigen,Orthopoxvirus vaccinia,100,11.0,82.97,1,1.0
IEDB_1122,Theiler's encephalomyelitis virus (STRAIN BEAN 8386) Antigen,Theiler's encephalomyelitis virus (STRAIN BEAN 8386),100,11.0,62.0,1,1.0
IEDB_1121,Human alphaherpesvirus 2 Antigen,Human alphaherpesvirus 2,100,11.0,46.65,1,1.0
IEDB_1120,human papillomavirus 18 Antigen,human papillomavirus 18,100,11.0,64.71,1,1.0
IEDB_1119,Mus musculus Antigen,Mus musculus,100,11.0,93.64,1,1.0
IEDB_1118,Dengue virus 2 Jamaica/1409/1983 Antigen,Dengue virus 2 Jamaica/1409/1983,100,11.0,104.63,1,1.0
IEDB_1117,Human immunodeficiency virus 1 Antigen,Human immunodeficiency virus 1,100,11.0,29.36,1,1.0
IEDB_1116,macacine betaherpesvirus 3 Antigen,macacine betaherpesvirus 3,100,11.0,62.8,1,1.0
IEDB_1115,macacine betaherpesvirus 3 Antigen,macacine betaherpesvirus 3,100,11.0,68.08,1,1.0
IEDB_1114,macacine betaherpesvirus 3 Antigen,macacine betaherpesvirus 3,100,11.0,48.22,1,1.0
IEDB_1113,macacine betaherpesvirus 3 Antigen,macacine betaherpesvirus 3,100,11.0,62.42,1,1.0
IEDB_1112,Measles virus strain Edmonston Antigen,Measles virus strain Edmonston,100,11.0,82.66,1,1.0
IEDB_1111,Mycobacterium tuberculosis H37Rv Antigen,Mycobacterium tuberculosis H37Rv,100,11.0,3.13,1,1.0
IEDB_1110,Trypanosoma cruzi strain CL Brener Antigen,Trypanosoma cruzi strain CL Brener,100,11.0,55.67,1,1.0
IEDB_1109,Trypanosoma cruzi Antigen,Trypanosoma cruzi,100,11.0,59.24,1,1.0
IEDB_1108,Simian immunodeficiency virus - mac  - mac 239 Antigen,Simian immunodeficiency virus - mac  - mac 239,100,11.0,33.95,1,1.0
IEDB_1107,Simian immunodeficiency virus - mac  - mac 239 Antigen,Simian immunodeficiency virus - mac  - mac 239,100,11.0,48.7,1,1.0
IEDB_1138,Orthopoxvirus vaccinia Antigen,Orthopoxvirus vaccinia,100,11.0,34.06,1,1.0
IEDB_1137,Columba livia Antigen,Columba livia,100,11.0,13.54,1,1.0
IEDB_1136,Betula pendula Antigen,Betula pendula,100,11.0,10.25,1,1.0
IEDB_1135,Simian immunodeficiency virus - mac  - mac 239 Antigen,Simian immunodeficiency virus - mac  - mac 239,100,11.0,14.55,1,1.0
IEDB_1134,Simian immunodeficiency virus - mac  - mac 239 Antigen,Simian immunodeficiency virus - mac  - mac 239,100,11.0,32.83,1,1.0
IEDB_1133,Orthopoxvirus vaccinia Antigen,Orthopoxvirus vaccinia,100,11.0,142.76,1,1.0
IEDB_1132,Homo sapiens Antigen,Homo sapiens,100,11.0,56.01,1,1.0
IEDB_1131,Mycobacterium tuberculosis variant bovis Antigen,Mycobacterium tuberculosis variant bovis,100,11.0,20.86,1,1.0
IEDB_1130,Homo sapiens Antigen,Homo sapiens,100,11.0,50.91,1,1.0
IEDB_1129,hepatitis C virus genotype 1a Antigen,hepatitis C virus genotype 1a,100,11.0,44.62,1,1.0
IEDB_1128,Hepatitis C virus (isolate H) Antigen,Hepatitis C virus (isolate H),100,11.0,29.33,1,1.0
IEDB_1127,Hepatitis C virus (isolate 1) Antigen,Hepatitis C virus (isolate 1),100,11.0,31.48,1,1.0
IEDB_1126,Hepatitis C virus (isolate 1) Antigen,Hepatitis C virus (isolate 1),100,11.0,34.16,1,1.0
IEDB_1125,human papillomavirus 52 Antigen,human papillomavirus 52,100,11.0,40.6,1,1.0
IEDB_1124,human papillomavirus 52 Antigen,human papillomavirus 52,100,11.0,44.0,1,1.0
IEDB_1123,Human immunodeficiency virus type 1 (NDK ISOLATE) Antigen,Human immunodeficiency virus type 1 (NDK ISOLATE),100,11.0,49.57,1,1.0
IEDB_1154,Orthopoxvirus vaccinia Antigen,Orthopoxvirus vaccinia,100,11.0,30.29,1,1.0
IEDB_1153,Orthohantavirus tulaense Antigen,Orthohantavirus tulaense,100,11.0,32.48,1,1.0
IEDB_1152,SARS coronavirus Tor2 Antigen,SARS coronavirus Tor2,100,11.0,19.77,1,1.0
IEDB_1151,Homo sapiens Antigen,Homo sapiens,100,11.0,150.24,1,1.0
IEDB_1150,Hepatitis C virus subtype 2b Antigen,Hepatitis C virus subtype 2b,100,11.0,-20.31,1,1.0
IEDB_1149,Schistosoma mansoni Antigen,Schistosoma mansoni,100,11.0,40.38,1,1.0
IEDB_1148,Human herpesvirus 2 strain HG52 Antigen,Human herpesvirus 2 strain HG52,100,11.0,91.46,1,1.0
IEDB_1147,Mycobacterium leprae Antigen,Mycobacterium leprae,100,11.0,24.33,1,1.0
IEDB_1146,Influenza A virus (A/Puerto Rico/8/34/Mount Sinai(H1N1)) Antigen,Influenza A virus (A/Puerto Rico/8/34/Mount Sinai(H1N1)),100,11.0,16.51,1,1.0
IEDB_1145,Simian immunodeficiency virus - mac  - mac 239 Antigen,Simian immunodeficiency virus - mac  - mac 239,100,11.0,8.75,1,1.0
IEDB_1144,Mycobacterium tuberculosis H37Rv Antigen,Mycobacterium tuberculosis H37Rv,100,11.0,29.9,1,1.0
IEDB_1143,Simian immunodeficiency virus - mac  - mac 239 Antigen,Simian immunodeficiency virus - mac  - mac 239,100,11.0,35.16,1,1.0
IEDB_1142,Influenza A virus (A/X-31(H3N2)) Antigen,Influenza A virus (A/X-31(H3N2)),100,11.0,46.61,1,1.0
IEDB_1141,Influenza A virus (A/Ann Arbor/6/1960(H2N2)) Antigen,Influenza A virus (A/Ann Arbor/6/1960(H2N2)),100,11.0,64.92,1,1.0
IEDB_1140,Puumala virus sotkamo/v-2969/81 Antigen,Puumala virus sotkamo/v-2969/81,100,11.0,10.08,1,1.0
IEDB_1139,Coxsackievirus B4 (strain JVB / Benschoten / New York/51) Antigen,Coxsackievirus B4 (strain JVB / Benschoten / New York/51),100,11.0,14.96,1,1.0
IEDB_1170,Plasmodium falciparum CAMP/Malaysia Antigen,Plasmodium falciparum CAMP/Malaysia,100,11.0,22.21,1,1.0
IEDB_1169,Mycobacterium tuberculosis C Antigen,Mycobacterium tuberculosis C,100,11.0,-0.54,1,1.0
IEDB_1168,Hepatitis C virus (isolate JK049) Antigen,Hepatitis C virus (isolate JK049),100,11.0,-0.54,1,1.0
IEDB_1167,Hepatitis C virus (isolate 6a33) Antigen,Hepatitis C virus (isolate 6a33),100,11.0,-1.86,1,1.0
IEDB_1166,Trypanosoma cruzi Antigen,Trypanosoma cruzi,100,11.0,46.29,1,1.0
IEDB_1165,Trypanosoma cruzi Antigen,Trypanosoma cruzi,100,11.0,56.9,1,1.0
IEDB_1164,nan Antigen,,100,11.0,11.6,1,1.0
IEDB_1163,Influenza A virus (A/Ann Arbor/6/1960(H2N2)) Antigen,Influenza A virus (A/Ann Arbor/6/1960(H2N2)),100,11.0,44.64,1,1.0
IEDB_1162,Beet necrotic yellow vein virus Antigen,Beet necrotic yellow vein virus,100,11.0,85.04,1,1.0
IEDB_1161,Influenza A virus (A/duck/Hokkaido/8/1980(H3N8)) Antigen,Influenza A virus (A/duck/Hokkaido/8/1980(H3N8)),100,11.0,30.54,1,1.0
IEDB_1160,Influenza A virus (A/WSN/1933(H1N1)) Antigen,Influenza A virus (A/WSN/1933(H1N1)),100,11.0,42.26,1,1.0
IEDB_1159,Borreliella burgdorferi Antigen,Borreliella burgdorferi,100,11.0,88.09,1,1.0
IEDB_1158,Duck hepatitis B virus Antigen,Duck hepatitis B virus,100,11.0,48.5,1,1.0
IEDB_1157,Francisella tularensis subsp. tularensis SCHU S4 Antigen,Francisella tularensis subsp. tularensis SCHU S4,100,11.0,46.3,1,1.0
IEDB_1156,Trypanosoma cruzi Antigen,Trypanosoma cruzi,100,11.0,23.4,1,1.0
IEDB_1155,Toxoplasma gondii Antigen,Toxoplasma gondii,100,11.0,32.83,1,1.0
IEDB_1188,Shigella flexneri 2a Antigen,Shigella flexneri 2a,100,11.0,22.21,1,1.0
IEDB_1187,Listeria monocytogenes EGD-e Antigen,Listeria monocytogenes EGD-e,100,11.0,12.69,1,1.0
IEDB_1186,Orthopoxvirus vaccinia Antigen,Orthopoxvirus vaccinia,100,11.0,-6.03,1,1.0
IEDB_1185,Orthopoxvirus vaccinia Antigen,Orthopoxvirus vaccinia,100,11.0,-7.81,1,1.0
IEDB_1184,Foot-and-mouth disease virus (strain A12) Antigen,Foot-and-mouth disease virus (strain A12),100,11.0,20.31,1,1.0
IEDB_1183,Hepatitis C virus (isolate H) Antigen,Hepatitis C virus (isolate H),100,11.0,0.57,1,1.0
IEDB_1181,Viscum album Antigen,Viscum album,100,11.0,-1.86,1,1.0
IEDB_1180,Viscum album Antigen,Viscum album,100,11.0,8.0,1,1.0
IEDB_1179,Vibrio cholerae Antigen,Vibrio cholerae,100,11.0,25.75,1,1.0
IEDB_1178,Vibrio cholerae Antigen,Vibrio cholerae,100,11.0,26.38,1,1.0
IEDB_1176,Simian immunodeficiency virus Antigen,Simian immunodeficiency virus,100,11.0,20.86,1,1.0
IEDB_1175,Simian immunodeficiency virus Antigen,Simian immunodeficiency virus,100,11.0,22.21,1,1.0
IEDB_1174,Human immunodeficiency virus type 1 (STRAIN UGANDAN / ISOLATE U455) Antigen,Human immunodeficiency virus type 1 (STRAIN UGANDAN / ISOLATE U455),100,11.0,32.69,1,1.0
IEDB_1173,Human alphaherpesvirus 2 Antigen,Human alphaherpesvirus 2,100,11.0,47.64,1,1.0
IEDB_1172,Andes virus CHI-7913 Antigen,Andes virus CHI-7913,100,11.0,68.49,1,1.0
IEDB_1171,Orthohantavirus delgaditoense Antigen,Orthohantavirus delgaditoense,100,11.0,51.69,1,1.0
IEDB_1208,SARS coronavirus Tor2 Antigen,SARS coronavirus Tor2,100,11.0,50.25,1,1.0
IEDB_1207,Orthopoxvirus vaccinia Antigen,Orthopoxvirus vaccinia,100,11.0,8.89,1,1.0
IEDB_1206,Helicobacter pylori 26695 Antigen,Helicobacter pylori 26695,100,11.0,-8.92,1,1.0
IEDB_1205,West Nile virus Antigen,West Nile virus,100,11.0,36.73,1,1.0
IEDB_1204,Homo sapiens Antigen,Homo sapiens,100,11.0,-39.99,1,1.0
IEDB_1199,Francisella tularensis subsp. holarctica LVS Antigen,Francisella tularensis subsp. holarctica LVS,100,11.0,-0.54,1,1.0
IEDB_1198,Simian immunodeficiency virus - mac  - mac 239 Antigen,Simian immunodeficiency virus - mac  - mac 239,100,11.0,-6.28,1,1.0
IEDB_1197,Simian immunodeficiency virus - mac  - mac 239 Antigen,Simian immunodeficiency virus - mac  - mac 239,100,11.0,-9.9,1,1.0
IEDB_1196,hepatitis C virus genotype 1a Antigen,hepatitis C virus genotype 1a,100,11.0,45.81,1,1.0
IEDB_1195,Mycobacterium tuberculosis Antigen,Mycobacterium tuberculosis,100,11.0,9.0,1,1.0
IEDB_1194,Orthopoxvirus vaccinia Antigen,Orthopoxvirus vaccinia,100,11.0,9.0,1,1.0
IEDB_1193,Human rhinovirus 2 Vienna Antigen,Human rhinovirus 2 Vienna,100,11.0,31.18,1,1.0
IEDB_1192,Dengue virus 2 Jamaica/1409/1983 Antigen,Dengue virus 2 Jamaica/1409/1983,100,11.0,-21.52,1,1.0
IEDB_1191,Mycobacterium tuberculosis Antigen,Mycobacterium tuberculosis,100,11.0,11.12,1,1.0
IEDB_1190,Plasmodium yoelii yoelii YM Antigen,Plasmodium yoelii yoelii YM,100,11.0,32.92,1,1.0
IEDB_1189,Leishmania aethiopica Antigen,Leishmania aethiopica,100,11.0,32.83,1,1.0
IEDB_1224,Human immunodeficiency virus type 1 BH10 Antigen,Human immunodeficiency virus type 1 BH10,100,11.0,2.01,1,1.0
IEDB_1223,Simian immunodeficiency virus - mac  - mac 239 Antigen,Simian immunodeficiency virus - mac  - mac 239,100,11.0,28.26,1,1.0
IEDB_1222,SARS coronavirus Tor2 Antigen,SARS coronavirus Tor2,100,11.0,47.87,1,1.0
IEDB_1221,Human herpesvirus 5 strain AD169 Antigen,Human herpesvirus 5 strain AD169,100,11.0,49.06,1,1.0
IEDB_1220,Orthohepacivirus hominis Antigen,Orthohepacivirus hominis,100,11.0,-20.44,1,1.0
IEDB_1219,Cryptomeria japonica Antigen,Cryptomeria japonica,100,11.0,-10.43,1,1.0
IEDB_1218,West Nile virus Antigen,West Nile virus,100,11.0,33.86,1,1.0
IEDB_1217,West Nile virus Antigen,West Nile virus,100,11.0,38.63,1,1.0
IEDB_1216,Yellow fever virus Antigen,Yellow fever virus,100,11.0,8.89,1,1.0
IEDB_1215,SARS coronavirus Tor2 Antigen,SARS coronavirus Tor2,100,11.0,1.46,1,1.0
IEDB_1214,SARS coronavirus Tor2 Antigen,SARS coronavirus Tor2,100,11.0,0.51,1,1.0
IEDB_1213,Human herpesvirus 4 strain B95-8 Antigen,Human herpesvirus 4 strain B95-8,100,11.0,15.06,1,1.0
IEDB_1212,human gammaherpesvirus 4 Antigen,human gammaherpesvirus 4,100,11.0,-1.86,1,1.0
IEDB_1211,Listeria monocytogenes EGD-e Antigen,Listeria monocytogenes EGD-e,100,11.0,54.92,1,1.0
IEDB_1210,hepatitis C virus genotype 1a Antigen,hepatitis C virus genotype 1a,100,11.0,51.69,1,1.0
IEDB_1209,Escherichia coli K-12 Antigen,Escherichia coli K-12,100,11.0,-19.92,1,1.0
IEDB_1240,Orthopoxvirus vaccinia Antigen,Orthopoxvirus vaccinia,100,11.0,-0.54,1,1.0
IEDB_1239,Human herpesvirus 3 strain Dumas Antigen,Human herpesvirus 3 strain Dumas,100,11.0,0.14,1,1.0
IEDB_1238,SARS coronavirus Tor2 Antigen,SARS coronavirus Tor2,100,11.0,56.22,1,1.0
IEDB_1237,Yersinia pestis Antigen,Yersinia pestis,100,11.0,71.27,1,1.0
IEDB_1236,nan Antigen,,100,11.0,57.32,1,1.0
IEDB_1235,Vibrio cholerae 569B Antigen,Vibrio cholerae 569B,100,11.0,54.22,1,1.0
IEDB_1234,Simian immunodeficiency virus - mac  - mac 239 Antigen,Simian immunodeficiency virus - mac  - mac 239,100,11.0,68.51,1,1.0
IEDB_1233,Simian immunodeficiency virus - mac  - mac 239 Antigen,Simian immunodeficiency virus - mac  - mac 239,100,11.0,53.61,1,1.0
IEDB_1232,Simian immunodeficiency virus - mac  - mac 239 Antigen,Simian immunodeficiency virus - mac  - mac 239,100,11.0,59.06,1,1.0
IEDB_1231,nan Antigen,,100,11.0,37.88,1,1.0
IEDB_1230,nan Antigen,,100,11.0,25.12,1,1.0
IEDB_1229,Mycobacterium tuberculosis variant bovis Antigen,Mycobacterium tuberculosis variant bovis,100,11.0,34.75,1,1.0
IEDB_1228,SARS coronavirus Tor2 Antigen,SARS coronavirus Tor2,100,11.0,29.42,1,1.0
IEDB_1227,SARS coronavirus Tor2 Antigen,SARS coronavirus Tor2,100,11.0,31.58,1,1.0
IEDB_1226,Friend murine leukemia virus Antigen,Friend murine leukemia virus,100,11.0,10.16,1,1.0
IEDB_1225,Foot-and-mouth disease virus C1 CS8 Antigen,Foot-and-mouth disease virus C1 CS8,100,11.0,8.65,1,1.0
IEDB_1256,Hepatitis C virus subtype 1b Antigen,Hepatitis C virus subtype 1b,100,11.0,102.65,1,1.0
IEDB_1255,Orthohepacivirus hominis Antigen,Orthohepacivirus hominis,100,11.0,87.91,1,1.0
IEDB_1254,Hepatitis C virus isolate HC-J8 Antigen,Hepatitis C virus isolate HC-J8,100,11.0,51.87,1,1.0
IEDB_1253,Hepatitis C virus isolate HC-J6 Antigen,Hepatitis C virus isolate HC-J6,100,11.0,57.26,1,1.0
IEDB_1252,Orthohepacivirus hominis Antigen,Orthohepacivirus hominis,100,11.0,59.74,1,1.0
IEDB_1251,Hepatitis C virus subtype 1b Antigen,Hepatitis C virus subtype 1b,100,11.0,96.48,1,1.0
IEDB_1250,human gammaherpesvirus 4 Antigen,human gammaherpesvirus 4,100,11.0,27.23,1,1.0
IEDB_1249,Yersinia pestis Nepal516 Antigen,Yersinia pestis Nepal516,100,11.0,66.51,1,1.0
IEDB_1248,Mycobacterium leprae Antigen,Mycobacterium leprae,100,11.0,11.39,1,1.0
IEDB_1247,nan Antigen,,100,11.0,25.22,1,1.0
IEDB_1246,Treponema pallidum subsp. pallidum str. Nichols Antigen,Treponema pallidum subsp. pallidum str. Nichols,100,11.0,28.26,1,1.0
IEDB_1245,Treponema pallidum subsp. pallidum str. Nichols Antigen,Treponema pallidum subsp. pallidum str. Nichols,100,11.0,32.83,1,1.0
IEDB_1244,Hepatitis B virus subtype adw2 Antigen,Hepatitis B virus subtype adw2,100,11.0,42.4,1,1.0
IEDB_1243,nan Antigen,,100,11.0,2.88,1,1.0
IEDB_1242,nan Antigen,,100,11.0,8.89,1,1.0
IEDB_1241,Orthohepacivirus hominis Antigen,Orthohepacivirus hominis,100,11.0,77.14,1,1.0
IEDB_1272,Hepatitis C virus subtype 1b Antigen,Hepatitis C virus subtype 1b,100,11.0,101.84,1,1.0
IEDB_1271,Hepatitis C virus subtype 1b Antigen,Hepatitis C virus subtype 1b,100,11.0,92.21,1,1.0
IEDB_1270,Hepatitis C virus subtype 1b Antigen,Hepatitis C virus subtype 1b,100,11.0,92.21,1,1.0
IEDB_1269,hepatitis C virus genotype 1a Antigen,hepatitis C virus genotype 1a,100,11.0,91.4,1,1.0
IEDB_1268,Hepatitis C virus subtype 2b Antigen,Hepatitis C virus subtype 2b,100,11.0,107.64,1,1.0
IEDB_1267,Shigella flexneri 2a Antigen,Shigella flexneri 2a,100,11.0,24.18,1,1.0
IEDB_1266,Vaccinia virus WR Antigen,Vaccinia virus WR,100,11.0,37.72,1,1.0
IEDB_1265,Listeria monocytogenes EGD-e Antigen,Listeria monocytogenes EGD-e,100,11.0,12.38,1,1.0
IEDB_1264,GB virus-B Antigen,GB virus-B,100,11.0,40.32,1,1.0
IEDB_1263,Clostridium tetani Antigen,Clostridium tetani,100,11.0,93.73,1,1.0
IEDB_1262,Clostridium tetani Antigen,Clostridium tetani,100,11.0,76.32,1,1.0
IEDB_1261,Fagopyrum esculentum Antigen,Fagopyrum esculentum,100,11.0,9.27,1,1.0
IEDB_1260,SARS coronavirus Tor2 Antigen,SARS coronavirus Tor2,100,11.0,12.15,1,1.0
IEDB_1259,Orthohepacivirus hominis Antigen,Orthohepacivirus hominis,100,11.0,73.07,1,1.0
IEDB_1258,Orthohepacivirus hominis Antigen,Orthohepacivirus hominis,100,11.0,82.53,1,1.0
IEDB_1257,hepatitis C virus genotype 1a Antigen,hepatitis C virus genotype 1a,100,11.0,69.44,1,1.0
IEDB_1288,Severe acute respiratory syndrome coronavirus 2 Antigen,Severe acute respiratory syndrome coronavirus 2,100,11.0,37.47,1,1.0
IEDB_1287,Macacine gammaherpesvirus 4 Antigen,Macacine gammaherpesvirus 4,100,11.0,25.37,1,1.0
IEDB_1286,Porcine circovirus Antigen,Porcine circovirus,100,11.0,60.53,1,1.0
IEDB_1285,SARS coronavirus Tor2 Antigen,SARS coronavirus Tor2,100,11.0,45.11,1,1.0
IEDB_1284,Leishmania major Antigen,Leishmania major,100,11.0,45.81,1,1.0
IEDB_1283,Vaccinia virus WR Antigen,Vaccinia virus WR,100,11.0,0.51,1,1.0
IEDB_1282,nan Antigen,,100,11.0,56.08,1,1.0
IEDB_1281,Vibrio vulnificus Antigen,Vibrio vulnificus,100,11.0,41.91,1,1.0
IEDB_1280,Mycobacterium tuberculosis variant bovis BCG Antigen,Mycobacterium tuberculosis variant bovis BCG,100,11.0,19.61,1,1.0
IEDB_1279,nan Antigen,,100,11.0,5.39,1,1.0
IEDB_1278,Enterobacteria phage fd Antigen,Enterobacteria phage fd,100,11.0,59.31,1,1.0
IEDB_1277,human gammaherpesvirus 4 Antigen,human gammaherpesvirus 4,100,11.0,57.68,1,1.0
IEDB_1276,Vaccinia virus WR Antigen,Vaccinia virus WR,100,11.0,21.34,1,1.0
IEDB_1275,Corynebacterium glutamicum Antigen,Corynebacterium glutamicum,100,11.0,22.6,1,1.0
IEDB_1274,Influenza A virus (A/Texas/1/1977(H3N2)) Antigen,Influenza A virus (A/Texas/1/1977(H3N2)),100,11.0,126.27,1,1.0
IEDB_1273,Hepatitis C virus subtype 1b Antigen,Hepatitis C virus subtype 1b,100,11.0,79.87,1,1.0
IEDB_1305,Zaire ebolavirus Antigen,Zaire ebolavirus,100,11.0,0.51,1,1.0
IEDB_1303,Chlamydia muridarum str. Nigg Antigen,Chlamydia muridarum str. Nigg,100,11.0,46.57,1,1.0
IEDB_1302,Yellow fever virus Antigen,Yellow fever virus,100,11.0,-5.83,1,1.0
IEDB_1301,Orthopoxvirus vaccinia Antigen,Orthopoxvirus vaccinia,100,11.0,11.42,1,1.0
IEDB_1300,Mycobacterium tuberculosis H37Rv Antigen,Mycobacterium tuberculosis H37Rv,100,11.0,40.27,1,1.0
IEDB_1299,Lolium perenne Antigen,Lolium perenne,100,11.0,51.78,1,1.0
IEDB_1298,Anaplasma marginale str. Florida Antigen,Anaplasma marginale str. Florida,100,11.0,18.64,1,1.0
IEDB_1297,Hepatitis B virus Antigen,Hepatitis B virus,100,11.0,17.17,1,1.0
IEDB_1296,Enterobacter cloacae Antigen,Enterobacter cloacae,100,11.0,22.6,1,1.0
IEDB_1295,Hepatitis B virus Antigen,Hepatitis B virus,100,11.0,-5.87,1,1.0
IEDB_1294,Orthopoxvirus vaccinia Antigen,Orthopoxvirus vaccinia,100,11.0,88.3,1,1.0
IEDB_1293,Vaccinia virus WR Antigen,Vaccinia virus WR,100,11.0,52.32,1,1.0
IEDB_1292,Puumala virus sotkamo/v-2969/81 Antigen,Puumala virus sotkamo/v-2969/81,100,11.0,57.45,1,1.0
IEDB_1291,Homo sapiens Antigen,Homo sapiens,100,11.0,-21.06,1,1.0
IEDB_1290,nan Antigen,,100,11.0,75.91,1,1.0
IEDB_1289,human gammaherpesvirus 4 Antigen,human gammaherpesvirus 4,100,11.0,39.88,1,1.0
IEDB_1322,human papillomavirus 18 Antigen,human papillomavirus 18,100,11.0,-16.19,1,1.0
IEDB_1320,Listeria monocytogenes Antigen,Listeria monocytogenes,100,11.0,-3.36,1,1.0
IEDB_1319,Listeria monocytogenes Antigen,Listeria monocytogenes,100,11.0,-4.57,1,1.0
IEDB_1318,Orthopoxvirus vaccinia Antigen,Orthopoxvirus vaccinia,100,11.0,81.03,1,1.0
IEDB_1317,Feline calicivirus Antigen,Feline calicivirus,100,11.0,8.89,1,1.0
IEDB_1316,nan Antigen,,100,11.0,61.62,1,1.0
IEDB_1315,Bacillus licheniformis Antigen,Bacillus licheniformis,100,11.0,67.13,1,1.0
IEDB_1314,Orthopoxvirus vaccinia Antigen,Orthopoxvirus vaccinia,100,11.0,65.4,1,1.0
IEDB_1313,Betula pendula Antigen,Betula pendula,100,11.0,51.34,1,1.0
IEDB_1312,Betula pendula Antigen,Betula pendula,100,11.0,42.19,1,1.0
IEDB_1311,Betula pendula Antigen,Betula pendula,100,11.0,32.33,1,1.0
IEDB_1310,Betula pendula Antigen,Betula pendula,100,11.0,41.27,1,1.0
IEDB_1309,Orthopoxvirus vaccinia Antigen,Orthopoxvirus vaccinia,100,11.0,8.89,1,1.0
IEDB_1308,SARS coronavirus Tor2 Antigen,SARS coronavirus Tor2,100,11.0,-17.24,1,1.0
IEDB_1307,nan Antigen,,100,11.0,35.2,1,1.0
IEDB_1306,SARS coronavirus Tor2 Antigen,SARS coronavirus Tor2,100,11.0,26.19,1,1.0
IEDB_1338,Classical swine fever virus Glentorf Antigen,Classical swine fever virus Glentorf,100,11.0,12.37,1,1.0
IEDB_1337,Vaccinia virus WR Antigen,Vaccinia virus WR,100,11.0,89.0,1,1.0
IEDB_1336,Plasmodium falciparum 3D7 Antigen,Plasmodium falciparum 3D7,100,11.0,115.14,1,1.0
IEDB_1335,Vaccinia virus WR Antigen,Vaccinia virus WR,100,11.0,30.29,1,1.0
IEDB_1334,Orthopoxvirus vaccinia Antigen,Orthopoxvirus vaccinia,100,11.0,32.21,1,1.0
IEDB_1333,Vaccinia virus WR Antigen,Vaccinia virus WR,100,11.0,78.0,1,1.0
IEDB_1332,Orthopoxvirus vaccinia Antigen,Orthopoxvirus vaccinia,100,11.0,43.31,1,1.0
IEDB_1331,Hepatitis B virus subtype ayw Antigen,Hepatitis B virus subtype ayw,100,11.0,25.1,1,1.0
IEDB_1330,Juniperus ashei Antigen,Juniperus ashei,100,11.0,2.68,1,1.0
IEDB_1329,Poa pratensis Antigen,Poa pratensis,100,11.0,12.76,1,1.0
IEDB_1328,Vaccinia virus WR Antigen,Vaccinia virus WR,100,11.0,13.23,1,1.0
IEDB_1327,Vaccinia virus WR Antigen,Vaccinia virus WR,100,11.0,34.99,1,1.0
IEDB_1326,Vaccinia virus WR Antigen,Vaccinia virus WR,100,11.0,-14.52,1,1.0
IEDB_1325,Vaccinia virus WR Antigen,Vaccinia virus WR,100,11.0,-17.24,1,1.0
IEDB_1324,hepatitis C virus genotype 1a Antigen,hepatitis C virus genotype 1a,100,11.0,69.28,1,1.0
IEDB_1323,Escherichia coli Antigen,Escherichia coli,100,11.0,-37.89,1,1.0
IEDB_1354,nan Antigen,,100,11.0,8.89,1,1.0
IEDB_1353,Vaccinia virus WR Antigen,Vaccinia virus WR,100,11.0,0.51,1,1.0
IEDB_1352,Orthopoxvirus vaccinia Antigen,Orthopoxvirus vaccinia,100,11.0,-0.54,1,1.0
IEDB_1351,SARS coronavirus Tor2 Antigen,SARS coronavirus Tor2,100,11.0,55.62,1,1.0
IEDB_1350,Araucaria virus Antigen,Araucaria virus,100,11.0,32.21,1,1.0
IEDB_1349,Human T-cell leukemia virus type I Antigen,Human T-cell leukemia virus type I,100,11.0,84.91,1,1.0
IEDB_1348,Orthopoxvirus vaccinia Antigen,Orthopoxvirus vaccinia,100,11.0,30.29,1,1.0
IEDB_1347,Zaire ebolavirus Antigen,Zaire ebolavirus,100,11.0,108.11,1,1.0
IEDB_1346,Homo sapiens Antigen,Homo sapiens,100,11.0,53.4,1,1.0
IEDB_1345,SARS coronavirus Tor2 Antigen,SARS coronavirus Tor2,100,11.0,42.26,1,1.0
IEDB_1344,Vaccinia virus WR Antigen,Vaccinia virus WR,100,11.0,127.48,1,1.0
IEDB_1343,Severe acute respiratory syndrome coronavirus 2 Antigen,Severe acute respiratory syndrome coronavirus 2,100,11.0,9.33,1,1.0
IEDB_1342,SARS coronavirus Tor2 Antigen,SARS coronavirus Tor2,100,11.0,8.89,1,1.0
IEDB_1341,Mycobacterium tuberculosis H37Rv Antigen,Mycobacterium tuberculosis H37Rv,100,11.0,-9.98,1,1.0
IEDB_1340,SARS coronavirus Tor2 Antigen,SARS coronavirus Tor2,100,11.0,5.83,1,1.0
IEDB_1339,SARS coronavirus Tor2 Antigen,SARS coronavirus Tor2,100,11.0,-0.54,1,1.0
IEDB_1370,Yellow fever virus Antigen,Yellow fever virus,100,11.0,4.99,1,1.0
IEDB_1369,Duck hepatitis B virus Antigen,Duck hepatitis B virus,100,11.0,61.91,1,1.0
IEDB_1368,nan Antigen,,100,11.0,44.4,1,1.0
IEDB_1367,Mycobacterium tuberculosis Antigen,Mycobacterium tuberculosis,100,11.0,56.9,1,1.0
IEDB_1366,Human alphaherpesvirus 1 strain 17 Antigen,Human alphaherpesvirus 1 strain 17,100,11.0,55.65,1,1.0
IEDB_1365,Vaccinia virus WR Antigen,Vaccinia virus WR,100,11.0,23.4,1,1.0
IEDB_1364,Cryptomeria japonica Antigen,Cryptomeria japonica,100,11.0,6.49,1,1.0
IEDB_1363,Mycobacterium tuberculosis variant bovis Antigen,Mycobacterium tuberculosis variant bovis,100,11.0,28.26,1,1.0
IEDB_1362,Orthopoxvirus vaccinia Antigen,Orthopoxvirus vaccinia,100,11.0,8.89,1,1.0
IEDB_1361,nan Antigen,,100,11.0,8.57,1,1.0
IEDB_1360,Juniperus ashei Antigen,Juniperus ashei,100,11.0,-3.4,1,1.0
IEDB_1359,nan Antigen,,100,11.0,35.63,1,1.0
IEDB_1358,Lymphocytic choriomeningitis virus (strain Armstrong) Antigen,Lymphocytic choriomeningitis virus (strain Armstrong),100,11.0,46.2,1,1.0
IEDB_1357,Lymphocytic choriomeningitis virus (strain Armstrong) Antigen,Lymphocytic choriomeningitis virus (strain Armstrong),100,11.0,49.82,1,1.0
IEDB_1356,Lymphocytic choriomeningitis virus (strain Armstrong) Antigen,Lymphocytic choriomeningitis virus (strain Armstrong),100,11.0,62.62,1,1.0
IEDB_1355,Lymphocytic choriomeningitis virus (strain Armstrong) Antigen,Lymphocytic choriomeningitis virus (strain Armstrong),100,11.0,69.2,1,1.0
IEDB_1386,Human alphaherpesvirus 2 Antigen,Human alphaherpesvirus 2,100,11.0,64.28,1,1.0
IEDB_1385,nan Antigen,,100,11.0,0.51,1,1.0
IEDB_1384,Duck hepatitis B virus Antigen,Duck hepatitis B virus,100,11.0,135.75,1,1.0
IEDB_1383,Leishmania aethiopica Antigen,Leishmania aethiopica,100,11.0,129.12,1,1.0
IEDB_1382,Clostridium tetani Antigen,Clostridium tetani,100,11.0,2.39,1,1.0
IEDB_1381,Fagopyrum esculentum Antigen,Fagopyrum esculentum,100,11.0,21.67,1,1.0
IEDB_1380,Cucumis melo Antigen,Cucumis melo,100,11.0,60.86,1,1.0
IEDB_1379,Treponema pallidum subsp. pallidum str. Nichols Antigen,Treponema pallidum subsp. pallidum str. Nichols,100,11.0,0.51,1,1.0
IEDB_1378,Treponema pallidum subsp. pallidum str. Nichols Antigen,Treponema pallidum subsp. pallidum str. Nichols,100,11.0,-1.86,1,1.0
IEDB_1377,SARS coronavirus Tor2 Antigen,SARS coronavirus Tor2,100,11.0,8.89,1,1.0
IEDB_1376,Macacine gammaherpesvirus 4 Antigen,Macacine gammaherpesvirus 4,100,11.0,32.99,1,1.0
IEDB_1375,Hepatitis E virus (strain Burma) Antigen,Hepatitis E virus (strain Burma),100,11.0,51.21,1,1.0
IEDB_1374,Leishmania aethiopica Antigen,Leishmania aethiopica,100,11.0,105.05,1,1.0
IEDB_1373,nan Antigen,,100,11.0,76.51,1,1.0
IEDB_1372,Borreliella burgdorferi B31 Antigen,Borreliella burgdorferi B31,100,11.0,19.77,1,1.0
IEDB_1371,SARS coronavirus Tor2 Antigen,SARS coronavirus Tor2,100,11.0,8.89,1,1.0
IEDB_1402,Orthopoxvirus vaccinia Antigen,Orthopoxvirus vaccinia,100,11.0,18.5,1,1.0
IEDB_1401,Orthopoxvirus vaccinia Antigen,Orthopoxvirus vaccinia,100,11.0,8.89,1,1.0
IEDB_1400,Human betaherpesvirus 5 Antigen,Human betaherpesvirus 5,100,11.0,10.23,1,1.0
IEDB_1399,nan Antigen,,100,11.0,18.17,1,1.0
IEDB_1398,Orthopoxvirus vaccinia Antigen,Orthopoxvirus vaccinia,100,11.0,27.09,1,1.0
IEDB_1397,Orthohepacivirus hominis Antigen,Orthohepacivirus hominis,100,11.0,52.94,1,1.0
IEDB_1396,Bean pod mottle virus Antigen,Bean pod mottle virus,100,11.0,93.42,1,1.0
IEDB_1395,Candida albicans Antigen,Candida albicans,100,11.0,27.12,1,1.0
IEDB_1394,Human immunodeficiency virus 1 Antigen,Human immunodeficiency virus 1,100,11.0,49.97,1,1.0
IEDB_1393,Mus musculus Antigen,Mus musculus,100,11.0,2.13,1,1.0
IEDB_1392,hepatitis C virus genotype 1a Antigen,hepatitis C virus genotype 1a,100,11.0,78.56,1,1.0
IEDB_1391,SARS coronavirus Tor2 Antigen,SARS coronavirus Tor2,100,11.0,30.29,1,1.0
IEDB_1390,Mycobacterium tuberculosis variant bovis Antigen,Mycobacterium tuberculosis variant bovis,100,11.0,46.29,1,1.0
IEDB_1389,Anaplasma phagocytophilum str. HZ Antigen,Anaplasma phagocytophilum str. HZ,100,11.0,-11.29,1,1.0
IEDB_1388,Dengue virus 2 Jamaica/1409/1983 Antigen,Dengue virus 2 Jamaica/1409/1983,100,11.0,8.33,1,1.0
IEDB_1387,Lolium perenne Antigen,Lolium perenne,100,11.0,43.77,1,1.0
IEDB_1419,Mycobacterium tuberculosis Antigen,Mycobacterium tuberculosis,100,11.0,10.8,1,1.0
IEDB_1418,Paslahepevirus balayani Antigen,Paslahepevirus balayani,100,11.0,47.51,1,1.0
IEDB_1416,Mycobacterium kansasii Antigen,Mycobacterium kansasii,100,11.0,28.58,1,1.0
IEDB_1415,Vaccinia virus WR Antigen,Vaccinia virus WR,100,11.0,16.81,1,1.0
IEDB_1414,Hepatitis C virus subtype 1b Antigen,Hepatitis C virus subtype 1b,100,11.0,35.68,1,1.0
IEDB_1413,hepatitis C virus genotype 1a Antigen,hepatitis C virus genotype 1a,100,11.0,5.9,1,1.0
IEDB_1412,Severe acute respiratory syndrome coronavirus 2 Antigen,Severe acute respiratory syndrome coronavirus 2,100,11.0,16.51,1,1.0
IEDB_1411,nan Antigen,,100,11.0,20.48,1,1.0
IEDB_1410,Lolium perenne Antigen,Lolium perenne,100,11.0,20.27,1,1.0
IEDB_1409,Bordetella pertussis Antigen,Bordetella pertussis,100,11.0,83.17,1,1.0
IEDB_1408,Vaccinia virus WR Antigen,Vaccinia virus WR,100,11.0,-0.54,1,1.0
IEDB_1407,Human betaherpesvirus 5 Antigen,Human betaherpesvirus 5,100,11.0,45.64,1,1.0
IEDB_1406,nan Antigen,,100,11.0,27.9,1,1.0
IEDB_1405,Orthohepacivirus hominis Antigen,Orthohepacivirus hominis,100,11.0,-18.97,1,1.0
IEDB_1404,Human herpesvirus 5 strain AD169 Antigen,Human herpesvirus 5 strain AD169,100,11.0,47.85,1,1.0
IEDB_1403,Orthopoxvirus vaccinia Antigen,Orthopoxvirus vaccinia,100,11.0,10.39,1,1.0
IEDB_1436,Helicobacter pylori 26695 Antigen,Helicobacter pylori 26695,100,11.0,-12.97,1,1.0
IEDB_1435,Orthohepacivirus hominis Antigen,Orthohepacivirus hominis,100,11.0,-26.24,1,1.0
IEDB_1434,Orthohepacivirus hominis Antigen,Orthohepacivirus hominis,100,11.0,-23.54,1,1.0
IEDB_1433,hepatitis C virus genotype 1a Antigen,hepatitis C virus genotype 1a,100,11.0,-16.48,1,1.0
IEDB_1432,Hepatitis C virus (isolate H) Antigen,Hepatitis C virus (isolate H),100,11.0,-21.23,1,1.0
IEDB_1431,Mycobacterium tuberculosis H37Rv Antigen,Mycobacterium tuberculosis H37Rv,100,11.0,-7.98,1,1.0
IEDB_1430,Duck hepatitis B virus Antigen,Duck hepatitis B virus,100,11.0,59.12,1,1.0
IEDB_1429,Human herpesvirus 4 strain B95-8 Antigen,Human herpesvirus 4 strain B95-8,100,11.0,25.3,1,1.0
IEDB_1428,human gammaherpesvirus 4 Antigen,human gammaherpesvirus 4,100,11.0,25.77,1,1.0
IEDB_1427,Human herpesvirus 4 type 1 Antigen,Human herpesvirus 4 type 1,100,11.0,16.48,1,1.0
IEDB_1426,human gammaherpesvirus 4 Antigen,human gammaherpesvirus 4,100,11.0,21.05,1,1.0
IEDB_1425,human gammaherpesvirus 4 Antigen,human gammaherpesvirus 4,100,11.0,11.58,1,1.0
IEDB_1424,Eimeria tenella Antigen,Eimeria tenella,100,11.0,0.6,1,1.0
IEDB_1422,Prescottella equi Antigen,Prescottella equi,100,11.0,-29.44,1,1.0
IEDB_1421,Hepatitis B virus Antigen,Hepatitis B virus,100,11.0,17.83,1,1.0
IEDB_1420,Murine hepatitis virus strain JHM Antigen,Murine hepatitis virus strain JHM,100,11.0,-5.82,1,1.0
IEDB_1452,Orthohepacivirus hominis Antigen,Orthohepacivirus hominis,100,11.0,17.15,1,1.0
IEDB_1451,Mus musculus Antigen,Mus musculus,100,11.0,72.31,1,1.0
IEDB_1450,Ovis aries Antigen,Ovis aries,100,11.0,57.83,1,1.0
IEDB_1449,Mycobacterium tuberculosis H37Rv Antigen,Mycobacterium tuberculosis H37Rv,100,11.0,10.85,1,1.0
IEDB_1448,Mus musculus Antigen,Mus musculus,100,11.0,63.1,1,1.0
IEDB_1447,adeno-associated virus 2 Antigen,adeno-associated virus 2,100,11.0,41.41,1,1.0
IEDB_1446,Foot-and-mouth disease virus C3 Antigen,Foot-and-mouth disease virus C3,100,11.0,40.42,1,1.0
IEDB_1445,Mycobacterium tuberculosis Antigen,Mycobacterium tuberculosis,100,11.0,77.49,1,1.0
IEDB_1444,Orthohepacivirus hominis Antigen,Orthohepacivirus hominis,100,11.0,16.51,1,1.0
IEDB_1443,Human alphaherpesvirus 2 Antigen,Human alphaherpesvirus 2,100,11.0,53.9,1,1.0
IEDB_1442,Mycobacterium avium Antigen,Mycobacterium avium,100,11.0,80.74,1,1.0
IEDB_1441,nan Antigen,,100,11.0,2.5,1,1.0
IEDB_1440,Influenza A virus (A/X-31(H3N2)) Antigen,Influenza A virus (A/X-31(H3N2)),100,11.0,47.14,1,1.0
IEDB_1439,Vaccinia virus NYCBH - Dryvax Antigen,Vaccinia virus NYCBH - Dryvax,100,11.0,58.18,1,1.0
IEDB_1438,Bean-pod mottle virus (strain Kentucky G7) Antigen,Bean-pod mottle virus (strain Kentucky G7),100,11.0,22.21,1,1.0
IEDB_1437,nan Antigen,,100,11.0,-0.54,1,1.0
IEDB_1468,Mycobacterium tuberculosis Antigen,Mycobacterium tuberculosis,100,11.0,14.49,1,1.0
IEDB_1467,Mycobacterium tuberculosis Antigen,Mycobacterium tuberculosis,100,11.0,31.53,1,1.0
IEDB_1466,Mycobacterium tuberculosis Antigen,Mycobacterium tuberculosis,100,11.0,38.63,1,1.0
IEDB_1465,Mycobacterium tuberculosis Antigen,Mycobacterium tuberculosis,100,11.0,65.45,1,1.0
IEDB_1464,nan Antigen,,100,11.0,34.61,1,1.0
IEDB_1463,Human hepatitis A virus Hu/Australia/HM175/1976 Antigen,Human hepatitis A virus Hu/Australia/HM175/1976,100,11.0,87.06,1,1.0
IEDB_1462,Theileria parva Antigen,Theileria parva,100,11.0,166.31,1,1.0
IEDB_1461,Homo sapiens Antigen,Homo sapiens,100,11.0,2.09,1,1.0
IEDB_1460,human gammaherpesvirus 4 Antigen,human gammaherpesvirus 4,100,11.0,42.72,1,1.0
IEDB_1459,Orthopoxvirus vaccinia Antigen,Orthopoxvirus vaccinia,100,11.0,-12.12,1,1.0
IEDB_1458,Human alphaherpesvirus 2 Antigen,Human alphaherpesvirus 2,100,11.0,48.7,1,1.0
IEDB_1457,Suid herpesvirus 1 (strain NIA-3) Antigen,Suid herpesvirus 1 (strain NIA-3),100,11.0,31.07,1,1.0
IEDB_1456,Leishmania aethiopica Antigen,Leishmania aethiopica,100,11.0,32.83,1,1.0
IEDB_1455,Helicobacter pylori 26695 Antigen,Helicobacter pylori 26695,100,11.0,18.92,1,1.0
IEDB_1454,nan Antigen,,100,11.0,33.89,1,1.0
IEDB_1453,SARS coronavirus Tor2 Antigen,SARS coronavirus Tor2,100,11.0,26.37,1,1.0
IEDB_1485,Helicobacter pylori Antigen,Helicobacter pylori,100,11.0,36.73,1,1.0
IEDB_1484,Helicobacter pylori 26695 Antigen,Helicobacter pylori 26695,100,11.0,131.47,1,1.0
IEDB_1483,Helicobacter pylori 26695 Antigen,Helicobacter pylori 26695,100,11.0,-18.36,1,1.0
IEDB_1482,Neisseria meningitidis serogroup B  H44/76 Antigen,Neisseria meningitidis serogroup B  H44/76,100,11.0,6.46,1,1.0
IEDB_1481,Theiler's encephalomyelitis virus (STRAIN BEAN 8386) Antigen,Theiler's encephalomyelitis virus (STRAIN BEAN 8386),100,11.0,83.58,1,1.0
IEDB_1480,Human alphaherpesvirus 1 Antigen,Human alphaherpesvirus 1,100,11.0,54.25,1,1.0
IEDB_1479,Leishmania major Antigen,Leishmania major,100,11.0,112.37,1,1.0
IEDB_1478,Bacillus licheniformis Antigen,Bacillus licheniformis,100,11.0,-29.61,1,1.0
IEDB_1477,Clostridium tetani Antigen,Clostridium tetani,100,11.0,-11.27,1,1.0
IEDB_1476,Mycobacterium leprae Antigen,Mycobacterium leprae,100,11.0,23.96,1,1.0
IEDB_1474,Listeria monocytogenes EGD-e Antigen,Listeria monocytogenes EGD-e,100,11.0,37.27,1,1.0
IEDB_1473,Lactate dehydrogenase-elevating virus Antigen,Lactate dehydrogenase-elevating virus,100,11.0,24.52,1,1.0
IEDB_1472,nan Antigen,,100,11.0,-9.27,1,1.0
IEDB_1471,nan Antigen,,100,11.0,-10.1,1,1.0
IEDB_1470,Plasmodium vivax Antigen,Plasmodium vivax,100,11.0,-11.35,1,1.0
IEDB_1469,Viscum album Antigen,Viscum album,100,11.0,63.67,1,1.0
IEDB_1502,Simian immunodeficiency virus (MM142-83 ISOLATE) Antigen,Simian immunodeficiency virus (MM142-83 ISOLATE),100,11.0,5.69,1,1.0
IEDB_1501,Homo sapiens Antigen,Homo sapiens,100,11.0,2.64,1,1.0
IEDB_1500,Bordetella pertussis Antigen,Bordetella pertussis,100,11.0,27.83,1,1.0
IEDB_1499,H3N2 subtype Influenza A virus (A/Hong Kong(H3N2)) Antigen,H3N2 subtype Influenza A virus (A/Hong Kong(H3N2)),100,11.0,19.89,1,1.0
IEDB_1498,Suid herpesvirus 1 (strain NIA-3) Antigen,Suid herpesvirus 1 (strain NIA-3),100,11.0,47.85,1,1.0
IEDB_1497,Hepatitis B virus Antigen,Hepatitis B virus,100,11.0,62.39,1,1.0
IEDB_1496,Hepatitis B virus subtype adw2 Antigen,Hepatitis B virus subtype adw2,100,11.0,8.57,1,1.0
IEDB_1495,Borna disease virus Antigen,Borna disease virus,100,11.0,30.29,1,1.0
IEDB_1494,Zaire ebolavirus Antigen,Zaire ebolavirus,100,11.0,-10.47,1,1.0
IEDB_1493,Clostridium tetani Antigen,Clostridium tetani,100,11.0,23.15,1,1.0
IEDB_1492,Clostridium tetani Antigen,Clostridium tetani,100,11.0,29.22,1,1.0
IEDB_1490,Bacillus licheniformis Antigen,Bacillus licheniformis,100,11.0,53.73,1,1.0
IEDB_1489,nan Antigen,,100,11.0,66.44,1,1.0
IEDB_1488,Staphylococcus aureus subsp. aureus MRSA252 Antigen,Staphylococcus aureus subsp. aureus MRSA252,100,11.0,13.53,1,1.0
IEDB_1487,Lolium perenne Antigen,Lolium perenne,100,11.0,40.35,1,1.0
IEDB_1486,Phleum pratense Antigen,Phleum pratense,100,11.0,69.1,1,1.0
IEDB_1518,Mycobacterium tuberculosis Antigen,Mycobacterium tuberculosis,100,11.0,35.04,1,1.0
IEDB_1517,Mycobacterium tuberculosis Antigen,Mycobacterium tuberculosis,100,11.0,54.7,1,1.0
IEDB_1516,Plasmodium vivax strain Belem Antigen,Plasmodium vivax strain Belem,100,11.0,27.23,1,1.0
IEDB_1515,Plasmodium vivax Antigen,Plasmodium vivax,100,11.0,46.49,1,1.0
IEDB_1514,Mycobacterium tuberculosis Antigen,Mycobacterium tuberculosis,100,11.0,55.41,1,1.0
IEDB_1513,Helicobacter pylori 26695 Antigen,Helicobacter pylori 26695,100,11.0,49.33,1,1.0
IEDB_1512,Macacine gammaherpesvirus 4 Antigen,Macacine gammaherpesvirus 4,100,11.0,51.05,1,1.0
IEDB_1511,Anaplasma marginale Antigen,Anaplasma marginale,100,11.0,63.32,1,1.0
IEDB_1510,human gammaherpesvirus 4 Antigen,human gammaherpesvirus 4,100,11.0,21.08,1,1.0
IEDB_1509,Eimeria tenella Antigen,Eimeria tenella,100,11.0,14.75,1,1.0
IEDB_1508,Human respiratory syncytial virus A2 Antigen,Human respiratory syncytial virus A2,100,11.0,84.47,1,1.0
IEDB_1507,Chironomus thummi thummi Antigen,Chironomus thummi thummi,100,11.0,63.67,1,1.0
IEDB_1506,Chironomus thummi thummi Antigen,Chironomus thummi thummi,100,11.0,71.34,1,1.0
IEDB_1505,Shigella flexneri Antigen,Shigella flexneri,100,11.0,32.83,1,1.0
IEDB_1504,nan Antigen,,100,11.0,75.91,1,1.0
IEDB_1503,Human herpesvirus 4 strain B95-8 Antigen,Human herpesvirus 4 strain B95-8,100,11.0,18.12,1,1.0
IEDB_1534,Xenopus laevis Antigen,Xenopus laevis,100,11.0,6.24,1,1.0
IEDB_1533,Mycobacterium leprae Antigen,Mycobacterium leprae,100,11.0,12.33,1,1.0
IEDB_1532,Mycobacterium tuberculosis Antigen,Mycobacterium tuberculosis,100,11.0,12.57,1,1.0
IEDB_1531,Mycobacterium tuberculosis Antigen,Mycobacterium tuberculosis,100,11.0,19.08,1,1.0
IEDB_1530,Influenza A virus (A/X-31(H3N2)) Antigen,Influenza A virus (A/X-31(H3N2)),100,11.0,49.01,1,1.0
IEDB_1529,Artemisia vulgaris Antigen,Artemisia vulgaris,100,11.0,144.04,1,1.0
IEDB_1528,Bungarus multicinctus Antigen,Bungarus multicinctus,100,11.0,53.71,1,1.0
IEDB_1527,Dengue virus 2 Jamaica/1409/1983 Antigen,Dengue virus 2 Jamaica/1409/1983,100,11.0,21.34,1,1.0
IEDB_1526,Paslahepevirus balayani Antigen,Paslahepevirus balayani,100,11.0,36.18,1,1.0
IEDB_1525,Hepatitis E virus (strain Burma) Antigen,Hepatitis E virus (strain Burma),100,11.0,41.42,1,1.0
IEDB_1524,Paslahepevirus balayani Antigen,Paslahepevirus balayani,100,11.0,59.21,1,1.0
IEDB_1523,Classical swine fever virus Shimen Antigen,Classical swine fever virus Shimen,100,11.0,28.07,1,1.0
IEDB_1522,SARS coronavirus Tor2 Antigen,SARS coronavirus Tor2,100,11.0,27.31,1,1.0
IEDB_1521,Helicobacter pylori 26695 Antigen,Helicobacter pylori 26695,100,11.0,59.0,1,1.0
IEDB_1520,Borrelia duttonii Ly Antigen,Borrelia duttonii Ly,100,11.0,14.75,1,1.0
IEDB_1519,Mycobacterium scrofulaceum Antigen,Mycobacterium scrofulaceum,100,11.0,53.77,1,1.0
IEDB_1551,Mycobacterium tuberculosis Antigen,Mycobacterium tuberculosis,100,11.0,26.56,1,1.0
IEDB_1550,Mycobacterium tuberculosis variant bovis Antigen,Mycobacterium tuberculosis variant bovis,100,11.0,20.92,1,1.0
IEDB_1549,Orientia tsutsugamushi str. Boryong Antigen,Orientia tsutsugamushi str. Boryong,100,11.0,46.61,1,1.0
IEDB_1548,Hepatitis C virus isolate HC-J4 Antigen,Hepatitis C virus isolate HC-J4,100,11.0,4.36,1,1.0
IEDB_1547,hepatitis C virus genotype 1a Antigen,hepatitis C virus genotype 1a,100,11.0,-30.24,1,1.0
IEDB_1546,Hepatitis C virus (isolate H) Antigen,Hepatitis C virus (isolate H),100,11.0,-7.98,1,1.0
IEDB_1545,Anaplasma marginale Antigen,Anaplasma marginale,100,11.0,-15.34,1,1.0
IEDB_1544,SARS-CoV1 Antigen,SARS-CoV1,100,11.0,29.35,1,1.0
IEDB_1543,Human parvovirus B19 Antigen,Human parvovirus B19,100,11.0,42.79,1,1.0
IEDB_1542,Mycobacterium tuberculosis Antigen,Mycobacterium tuberculosis,100,11.0,2.16,1,1.0
IEDB_1541,Mycobacterium tuberculosis Antigen,Mycobacterium tuberculosis,100,11.0,-0.45,1,1.0
IEDB_1540,hepatitis C virus genotype 1a Antigen,hepatitis C virus genotype 1a,100,11.0,19.75,1,1.0
IEDB_1539,Human alphaherpesvirus 1 Antigen,Human alphaherpesvirus 1,100,11.0,16.5,1,1.0
IEDB_1538,Mycobacterium tuberculosis Antigen,Mycobacterium tuberculosis,100,11.0,25.5,1,1.0
IEDB_1537,Mycobacterium tuberculosis Antigen,Mycobacterium tuberculosis,100,11.0,30.89,1,1.0
IEDB_1536,Mycobacterium tuberculosis H37Rv Antigen,Mycobacterium tuberculosis H37Rv,100,11.0,25.01,1,1.0
IEDB_1567,Echinococcus granulosus Antigen,Echinococcus granulosus,100,11.0,14.92,1,1.0
IEDB_1566,Corylus avellana Antigen,Corylus avellana,100,11.0,-10.43,1,1.0
IEDB_1565,Human parvovirus B19 Antigen,Human parvovirus B19,100,11.0,16.51,1,1.0
IEDB_1564,Human parvovirus B19 Antigen,Human parvovirus B19,100,11.0,7.65,1,1.0
IEDB_1563,Bovine respiratory syncytial virus strain snook Antigen,Bovine respiratory syncytial virus strain snook,100,11.0,34.17,1,1.0
IEDB_1562,nan Antigen,,100,11.0,-26.68,1,1.0
IEDB_1561,nan Antigen,,100,11.0,53.9,1,1.0
IEDB_1560,Listeria monocytogenes EGD-e Antigen,Listeria monocytogenes EGD-e,100,11.0,4.78,1,1.0
IEDB_1559,Dengue virus 2 Jamaica/1409/1983 Antigen,Dengue virus 2 Jamaica/1409/1983,100,11.0,82.3,1,1.0
IEDB_1558,Human herpesvirus 4 strain B95-8 Antigen,Human herpesvirus 4 strain B95-8,100,11.0,40.11,1,1.0
IEDB_1557,Human herpesvirus 5 strain AD169 Antigen,Human herpesvirus 5 strain AD169,100,11.0,32.55,1,1.0
IEDB_1556,Hepatitis C virus (isolate H) Antigen,Hepatitis C virus (isolate H),100,11.0,-21.78,1,1.0
IEDB_1555,Helicobacter pylori 26695 Antigen,Helicobacter pylori 26695,100,11.0,11.18,1,1.0
IEDB_1554,Plasmodium vivax Antigen,Plasmodium vivax,100,11.0,14.25,1,1.0
IEDB_1553,Dengue virus 2 Thailand/16681/84 Antigen,Dengue virus 2 Thailand/16681/84,100,11.0,35.86,1,1.0
IEDB_1552,SARS coronavirus Tor2 Antigen,SARS coronavirus Tor2,100,11.0,60.72,1,1.0
IEDB_1583,Mycobacterium tuberculosis H37Rv Antigen,Mycobacterium tuberculosis H37Rv,100,11.0,17.29,1,1.0
IEDB_1582,Hepatitis C virus (isolate BK) Antigen,Hepatitis C virus (isolate BK),100,11.0,-16.35,1,1.0
IEDB_1581,Plasmodium falciparum Antigen,Plasmodium falciparum,100,11.0,32.59,1,1.0
IEDB_1580,Mycobacterium avium subsp. paratuberculosis Antigen,Mycobacterium avium subsp. paratuberculosis,100,11.0,55.67,1,1.0
IEDB_1579,Staphylococcus aureus subsp. aureus MRSA252 Antigen,Staphylococcus aureus subsp. aureus MRSA252,100,11.0,-5.7,1,1.0
IEDB_1578,hepatitis C virus genotype 1a Antigen,hepatitis C virus genotype 1a,100,11.0,28.61,1,1.0
IEDB_1577,Escherichia coli ETEC H10407 Antigen,Escherichia coli ETEC H10407,100,11.0,33.11,1,1.0
IEDB_1576,Vibrio cholerae 569B Antigen,Vibrio cholerae 569B,100,11.0,48.52,1,1.0
IEDB_1575,Mycobacterium tuberculosis Antigen,Mycobacterium tuberculosis,100,11.0,7.35,1,1.0
IEDB_1574,Mycobacterium tuberculosis Antigen,Mycobacterium tuberculosis,100,11.0,6.68,1,1.0
IEDB_1573,Mycobacterium tuberculosis Antigen,Mycobacterium tuberculosis,100,11.0,6.46,1,1.0
IEDB_1572,nan Antigen,,100,11.0,23.6,1,1.0
IEDB_1571,Influenza A virus (A/Puerto Rico/8/1934(H1N1)) Antigen,Influenza A virus (A/Puerto Rico/8/1934(H1N1)),100,11.0,14.68,1,1.0
IEDB_1570,Lelystad virus Antigen,Lelystad virus,100,11.0,51.97,1,1.0
IEDB_1569,Haemophilus influenzae NTHi 1479 Antigen,Haemophilus influenzae NTHi 1479,100,11.0,11.21,1,1.0
IEDB_1568,Helicobacter pylori Antigen,Helicobacter pylori,100,11.0,-0.54,1,1.0
IEDB_1599,Vaccinia virus Ankara Antigen,Vaccinia virus Ankara,100,11.0,30.62,1,1.0
IEDB_1598,Vaccinia virus Ankara Antigen,Vaccinia virus Ankara,100,11.0,35.2,1,1.0
IEDB_1597,nan Antigen,,100,11.0,57.71,1,1.0
IEDB_1596,Plasmodium falciparum Antigen,Plasmodium falciparum,100,11.0,17.56,1,1.0
IEDB_1595,nan Antigen,,100,11.0,11.9,1,1.0
IEDB_1594,nan Antigen,,100,11.0,5.9,1,1.0
IEDB_1593,Mycobacterium tuberculosis str. Erdman = ATCC 35801 Antigen,Mycobacterium tuberculosis str. Erdman = ATCC 35801,100,11.0,4.31,1,1.0
IEDB_1592,Mycobacterium tuberculosis H37Rv Antigen,Mycobacterium tuberculosis H37Rv,100,11.0,4.31,1,1.0
IEDB_1591,Rubella virus Antigen,Rubella virus,100,11.0,72.53,1,1.0
IEDB_1590,Orthohepacivirus hominis Antigen,Orthohepacivirus hominis,100,11.0,49.29,1,1.0
IEDB_1589,SARS coronavirus Tor2 Antigen,SARS coronavirus Tor2,100,11.0,10.85,1,1.0
IEDB_1588,Human respiratory syncytial virus A2 Antigen,Human respiratory syncytial virus A2,100,11.0,-8.23,1,1.0
IEDB_1587,Mycobacterium tuberculosis variant bovis Antigen,Mycobacterium tuberculosis variant bovis,100,11.0,28.26,1,1.0
IEDB_1586,Corylus avellana Antigen,Corylus avellana,100,11.0,-3.36,1,1.0
IEDB_1585,Leishmania infantum Antigen,Leishmania infantum,100,11.0,24.52,1,1.0
IEDB_1584,Homo sapiens Antigen,Homo sapiens,100,11.0,45.11,1,1.0
IEDB_1615,Vaccinia virus WR Antigen,Vaccinia virus WR,100,11.0,94.69,1,1.0
IEDB_1614,Lederbergia lenta Antigen,Lederbergia lenta,100,11.0,31.84,1,1.0
IEDB_1613,Human immunodeficiency virus 1 Antigen,Human immunodeficiency virus 1,100,11.0,-1.48,1,1.0
IEDB_1612,Shigella flexneri 2a Antigen,Shigella flexneri 2a,100,11.0,53.06,1,1.0
IEDB_1611,Vaccinia virus WR Antigen,Vaccinia virus WR,100,11.0,63.71,1,1.0
IEDB_1610,nan Antigen,,100,11.0,-0.54,1,1.0
IEDB_1609,Campylobacter fetus subsp. fetus Antigen,Campylobacter fetus subsp. fetus,100,11.0,-15.5,1,1.0
IEDB_1608,Bovine herpesvirus type 1.1 (strain Cooper) Antigen,Bovine herpesvirus type 1.1 (strain Cooper),100,11.0,53.9,1,1.0
IEDB_1607,Mycobacterium leprae Antigen,Mycobacterium leprae,100,11.0,44.42,1,1.0
IEDB_1606,Penicillium chrysogenum Antigen,Penicillium chrysogenum,100,11.0,-11.01,1,1.0
IEDB_1605,Bovine herpesvirus type 1.1 (strain Cooper) Antigen,Bovine herpesvirus type 1.1 (strain Cooper),100,11.0,24.42,1,1.0
IEDB_1604,Hepatitis C virus (isolate H) Antigen,Hepatitis C virus (isolate H),100,11.0,0.51,1,1.0
IEDB_1603,Human herpesvirus 4 strain B95-8 Antigen,Human herpesvirus 4 strain B95-8,100,11.0,15.14,1,1.0
IEDB_1602,Influenza A virus (A/X-31(H3N2)) Antigen,Influenza A virus (A/X-31(H3N2)),100,11.0,23.2,1,1.0
IEDB_1601,Homo sapiens Antigen,Homo sapiens,100,11.0,25.4,1,1.0
IEDB_1600,Hepatitis C virus (isolate HCV-K3a/650) Antigen,Hepatitis C virus (isolate HCV-K3a/650),100,11.0,-0.69,1,1.0
IEDB_1631,macacine betaherpesvirus 3 Antigen,macacine betaherpesvirus 3,100,11.0,19.77,1,1.0
IEDB_1630,macacine betaherpesvirus 3 Antigen,macacine betaherpesvirus 3,100,11.0,32.83,1,1.0
IEDB_1629,Hepatitis B virus adw4/Brazil/isolate w4b Antigen,Hepatitis B virus adw4/Brazil/isolate w4b,100,11.0,90.25,1,1.0
IEDB_1628,Influenza A virus (A/Ann Arbor/6/1960(H2N2)) Antigen,Influenza A virus (A/Ann Arbor/6/1960(H2N2)),100,11.0,8.75,1,1.0
IEDB_1627,Murine cytomegalovirus (strain Smith) Antigen,Murine cytomegalovirus (strain Smith),100,11.0,79.11,1,1.0
IEDB_1626,Murid gammaherpesvirus 4 Antigen,Murid gammaherpesvirus 4,100,11.0,56.6,1,1.0
IEDB_1625,Mycobacterium tuberculosis Antigen,Mycobacterium tuberculosis,100,11.0,8.75,1,1.0
IEDB_1624,Lymphocytic choriomeningitis virus (strain Armstrong) Antigen,Lymphocytic choriomeningitis virus (strain Armstrong),100,11.0,110.72,1,1.0
IEDB_1623,Lymphocytic choriomeningitis virus (strain Armstrong) Antigen,Lymphocytic choriomeningitis virus (strain Armstrong),100,11.0,100.51,1,1.0
IEDB_1622,Hepatitis B virus adw4/Brazil/isolate w4b Antigen,Hepatitis B virus adw4/Brazil/isolate w4b,100,11.0,23.4,1,1.0
IEDB_1621,Escherichia coli Antigen,Escherichia coli,100,11.0,-5.82,1,1.0
IEDB_1620,Mycobacterium tuberculosis Antigen,Mycobacterium tuberculosis,100,11.0,20.15,1,1.0
IEDB_1619,Bean-pod mottle virus (strain Kentucky G7) Antigen,Bean-pod mottle virus (strain Kentucky G7),100,11.0,74.42,1,1.0
IEDB_1618,Human betaherpesvirus 5 Antigen,Human betaherpesvirus 5,100,11.0,-8.92,1,1.0
IEDB_1617,Mycobacterium avium Antigen,Mycobacterium avium,100,11.0,36.43,1,1.0
IEDB_1616,hepatitis C virus genotype 1a Antigen,hepatitis C virus genotype 1a,100,11.0,10.8,1,1.0
IEDB_1647,Juniperus ashei Antigen,Juniperus ashei,100,11.0,24.9,1,1.0
IEDB_1646,nan Antigen,,100,11.0,157.88,1,1.0
IEDB_1645,Vaccinia virus WR Antigen,Vaccinia virus WR,100,11.0,8.75,1,1.0
IEDB_1644,Cryptomeria japonica Antigen,Cryptomeria japonica,100,11.0,1.47,1,1.0
IEDB_1643,Human herpesvirus 4 strain B95-8 Antigen,Human herpesvirus 4 strain B95-8,100,11.0,95.7,1,1.0
IEDB_1642,dengue virus type 2 Antigen,dengue virus type 2,100,11.0,13.13,1,1.0
IEDB_1641,Trypanosoma cruzi Antigen,Trypanosoma cruzi,100,11.0,-7.87,1,1.0
IEDB_1640,Hepatitis delta virus Antigen,Hepatitis delta virus,100,11.0,26.28,1,1.0
IEDB_1639,Macaca mulatta cytomegalovirus Antigen,Macaca mulatta cytomegalovirus,100,11.0,34.64,1,1.0
IEDB_1638,Macaca mulatta cytomegalovirus Antigen,Macaca mulatta cytomegalovirus,100,11.0,56.9,1,1.0
IEDB_1637,Hepatitis E virus (strain Burma) Antigen,Hepatitis E virus (strain Burma),100,11.0,52.81,1,1.0
IEDB_1636,Hepatitis delta virus Antigen,Hepatitis delta virus,100,11.0,50.1,1,1.0
IEDB_1635,Murine cytomegalovirus (strain Smith) Antigen,Murine cytomegalovirus (strain Smith),100,11.0,34.93,1,1.0
IEDB_1634,Lymphocytic choriomeningitis virus (strain Armstrong) Antigen,Lymphocytic choriomeningitis virus (strain Armstrong),100,11.0,36.86,1,1.0
IEDB_1633,Human parvovirus B19 Antigen,Human parvovirus B19,100,11.0,51.48,1,1.0
IEDB_1632,"Ebola virus - Mayinga, Zaire, 1976 Antigen","Ebola virus - Mayinga, Zaire, 1976",100,11.0,-1.83,1,1.0
IEDB_1665,Mycobacterium tuberculosis Antigen,Mycobacterium tuberculosis,100,11.0,77.15,1,1.0
IEDB_1664,Helicobacter pylori 26695 Antigen,Helicobacter pylori 26695,100,11.0,77.87,1,1.0
IEDB_1663,nan Antigen,,100,11.0,0.51,1,1.0
IEDB_1662,Duck hepatitis B virus Antigen,Duck hepatitis B virus,100,11.0,69.74,1,1.0
IEDB_1661,Mycobacterium leprae Antigen,Mycobacterium leprae,100,11.0,141.34,1,1.0
IEDB_1660,Mycobacterium leprae Antigen,Mycobacterium leprae,100,11.0,148.5,1,1.0
IEDB_1659,Leishmania pifanoi Antigen,Leishmania pifanoi,100,11.0,79.36,1,1.0
IEDB_1658,Influenza A virus (A/Puerto Rico/8/1934(H1N1)) Antigen,Influenza A virus (A/Puerto Rico/8/1934(H1N1)),100,11.0,-4.06,1,1.0
IEDB_1657,Duck hepatitis B virus Antigen,Duck hepatitis B virus,100,11.0,-5.46,1,1.0
IEDB_1655,Human herpesvirus 5 strain AD169 Antigen,Human herpesvirus 5 strain AD169,100,11.0,94.93,1,1.0
IEDB_1653,nan Antigen,,100,11.0,-18.38,1,1.0
IEDB_1652,Leishmania major Antigen,Leishmania major,100,11.0,39.84,1,1.0
IEDB_1651,nan Antigen,,100,11.0,8.33,1,1.0
IEDB_1650,Mycobacterium tuberculosis Antigen,Mycobacterium tuberculosis,100,11.0,47.48,1,1.0
IEDB_1649,Human respiratory syncytial virus A2 Antigen,Human respiratory syncytial virus A2,100,11.0,51.16,1,1.0
IEDB_1648,Mycobacterium tuberculosis variant bovis Antigen,Mycobacterium tuberculosis variant bovis,100,11.0,87.75,1,1.0
IEDB_1681,SARS coronavirus Tor2 Antigen,SARS coronavirus Tor2,100,11.0,-9.9,1,1.0
IEDB_1680,Bovine respiratory syncytial virus strain snook Antigen,Bovine respiratory syncytial virus strain snook,100,11.0,28.14,1,1.0
IEDB_1679,Mycobacterium avium subsp. paratuberculosis Antigen,Mycobacterium avium subsp. paratuberculosis,100,11.0,46.47,1,1.0
IEDB_1678,West Nile virus Antigen,West Nile virus,100,11.0,20.31,1,1.0
IEDB_1677,Japanese encephalitis virus strain Nakayama Antigen,Japanese encephalitis virus strain Nakayama,100,11.0,-0.54,1,1.0
IEDB_1676,Arachis hypogaea Antigen,Arachis hypogaea,100,11.0,38.39,1,1.0
IEDB_1675,Arachis hypogaea Antigen,Arachis hypogaea,100,11.0,47.85,1,1.0
IEDB_1674,Mycobacterium leprae Antigen,Mycobacterium leprae,100,11.0,36.29,1,1.0
IEDB_1673,Mycobacterium tuberculosis H37Rv Antigen,Mycobacterium tuberculosis H37Rv,100,11.0,35.01,1,1.0
IEDB_1672,Mycobacterium tuberculosis Antigen,Mycobacterium tuberculosis,100,11.0,14.09,1,1.0
IEDB_1671,Arachis hypogaea Antigen,Arachis hypogaea,100,11.0,16.51,1,1.0
IEDB_1670,Shigella flexneri 2a Antigen,Shigella flexneri 2a,100,11.0,-1.86,1,1.0
IEDB_1669,Artemisia vulgaris Antigen,Artemisia vulgaris,100,11.0,2.09,1,1.0
IEDB_1668,Prescottella equi Antigen,Prescottella equi,100,11.0,-14.06,1,1.0
IEDB_1667,Mycobacterium tuberculosis Antigen,Mycobacterium tuberculosis,100,11.0,-1.86,1,1.0
IEDB_1666,Mycobacterium tuberculosis Antigen,Mycobacterium tuberculosis,100,11.0,78.06,1,1.0
IEDB_1697,Mycobacterium tuberculosis H37Rv Antigen,Mycobacterium tuberculosis H37Rv,100,11.0,35.96,1,1.0
IEDB_1696,hepatitis C virus genotype 1a Antigen,hepatitis C virus genotype 1a,100,11.0,40.15,1,1.0
IEDB_1695,Human betaherpesvirus 5 Antigen,Human betaherpesvirus 5,100,11.0,30.33,1,1.0
IEDB_1694,Human betaherpesvirus 5 Antigen,Human betaherpesvirus 5,100,11.0,26.0,1,1.0
IEDB_1693,Theileria parva Antigen,Theileria parva,100,11.0,26.27,1,1.0
IEDB_1692,Plasmodium falciparum 7G8 Antigen,Plasmodium falciparum 7G8,100,11.0,-20.65,1,1.0
IEDB_1691,Mycoplasmopsis bovis Antigen,Mycoplasmopsis bovis,100,11.0,-51.3,1,1.0
IEDB_1690,Streptococcus pyogenes Antigen,Streptococcus pyogenes,100,11.0,16.77,1,1.0
IEDB_1689,Mycoplasmopsis bovis Antigen,Mycoplasmopsis bovis,100,11.0,-13.73,1,1.0
IEDB_1688,Lederbergia lenta Antigen,Lederbergia lenta,100,11.0,3.67,1,1.0
IEDB_1687,nan Antigen,,100,11.0,-18.36,1,1.0
IEDB_1686,Friend murine leukemia virus Antigen,Friend murine leukemia virus,100,11.0,-10.01,1,1.0
IEDB_1685,Mycobacterium leprae Antigen,Mycobacterium leprae,100,11.0,46.96,1,1.0
IEDB_1684,Escherichia coli ETEC H10407 Antigen,Escherichia coli ETEC H10407,100,11.0,11.28,1,1.0
IEDB_1683,Escherichia coli Antigen,Escherichia coli,100,11.0,26.28,1,1.0
IEDB_1682,Mycobacterium tuberculosis variant bovis Antigen,Mycobacterium tuberculosis variant bovis,100,11.0,28.58,1,1.0
IEDB_1715,Bacillus licheniformis Antigen,Bacillus licheniformis,100,11.0,28.32,1,1.0
IEDB_1714,Plasmodium falciparum CAMP/Malaysia Antigen,Plasmodium falciparum CAMP/Malaysia,100,11.0,22.5,1,1.0
IEDB_1713,Foot-and-mouth disease virus C3 Antigen,Foot-and-mouth disease virus C3,100,11.0,44.66,1,1.0
IEDB_1712,Anaplasma marginale Antigen,Anaplasma marginale,100,11.0,17.77,1,1.0
IEDB_1711,Hepatitis C virus (isolate HCV-K3a/650) Antigen,Hepatitis C virus (isolate HCV-K3a/650),100,11.0,30.15,1,1.0
IEDB_1710,Plasmodium yoelii yoelii Antigen,Plasmodium yoelii yoelii,100,11.0,-31.26,1,1.0
IEDB_1709,hepatitis C virus genotype 1a Antigen,hepatitis C virus genotype 1a,100,11.0,11.16,1,1.0
IEDB_1708,Vaccinia virus WR Antigen,Vaccinia virus WR,100,11.0,52.44,1,1.0
IEDB_1707,human gammaherpesvirus 4 Antigen,human gammaherpesvirus 4,100,11.0,6.87,1,1.0
IEDB_1706,Influenza A virus (A/X-31(H3N2)) Antigen,Influenza A virus (A/X-31(H3N2)),100,11.0,42.19,1,1.0
IEDB_1705,Listeria monocytogenes EGD-e Antigen,Listeria monocytogenes EGD-e,100,11.0,-10.43,1,1.0
IEDB_1703,Hepatitis C virus (isolate 1) Antigen,Hepatitis C virus (isolate 1),100,11.0,30.96,1,1.0
IEDB_1702,Orthohepacivirus hominis Antigen,Orthohepacivirus hominis,100,11.0,11.99,1,1.0
IEDB_1701,hepatitis C virus genotype 1a Antigen,hepatitis C virus genotype 1a,100,11.0,17.29,1,1.0
IEDB_1700,Human alphaherpesvirus 1 Antigen,Human alphaherpesvirus 1,100,11.0,13.41,1,1.0
IEDB_1699,Mycobacterium tuberculosis Antigen,Mycobacterium tuberculosis,100,11.0,31.63,1,1.0
IEDB_1732,Mycobacterium tuberculosis variant bovis AF2122/97 Antigen,Mycobacterium tuberculosis variant bovis AF2122/97,100,11.0,63.81,1,1.0
IEDB_1730,Haemophilus influenzae NTHi 1479 Antigen,Haemophilus influenzae NTHi 1479,100,11.0,10.85,1,1.0
IEDB_1729,nan Antigen,,100,11.0,-17.16,1,1.0
IEDB_1728,Trypanosoma cruzi Antigen,Trypanosoma cruzi,100,11.0,25.13,1,1.0
IEDB_1727,Trypanosoma cruzi Antigen,Trypanosoma cruzi,100,11.0,3.73,1,1.0
IEDB_1726,nan Antigen,,100,11.0,-11.29,1,1.0
IEDB_1725,Orthohepacivirus hominis Antigen,Orthohepacivirus hominis,100,11.0,20.13,1,1.0
IEDB_1724,Cryptomeria japonica Antigen,Cryptomeria japonica,100,11.0,8.51,1,1.0
IEDB_1723,Orthohepacivirus hominis Antigen,Orthohepacivirus hominis,100,11.0,24.28,1,1.0
IEDB_1722,hepatitis C virus genotype 1a Antigen,hepatitis C virus genotype 1a,100,11.0,-23.33,1,1.0
IEDB_1721,Tityus serrulatus Antigen,Tityus serrulatus,100,11.0,63.4,1,1.0
IEDB_1720,Mycobacterium tuberculosis variant bovis AF2122/97 Antigen,Mycobacterium tuberculosis variant bovis AF2122/97,100,11.0,50.79,1,1.0
IEDB_1719,Feline calicivirus Antigen,Feline calicivirus,100,11.0,14.22,1,1.0
IEDB_1718,Hepatitis C virus (isolate 1) Antigen,Hepatitis C virus (isolate 1),100,11.0,67.32,1,1.0
IEDB_1717,Homo sapiens Antigen,Homo sapiens,100,11.0,53.38,1,1.0
IEDB_1716,Shigella flexneri Antigen,Shigella flexneri,100,11.0,94.53,1,1.0
IEDB_1748,Trypanosoma cruzi Antigen,Trypanosoma cruzi,100,11.0,4.69,1,1.0
IEDB_1747,Homo sapiens Antigen,Homo sapiens,100,11.0,28.73,1,1.0
IEDB_1746,nan Antigen,,100,11.0,54.96,1,1.0
IEDB_1745,Porcine circovirus Antigen,Porcine circovirus,100,11.0,38.42,1,1.0
IEDB_1744,Human herpesvirus 4 strain B95-8 Antigen,Human herpesvirus 4 strain B95-8,100,11.0,45.46,1,1.0
IEDB_1743,Swine vesicular disease virus SPA/1/93 Antigen,Swine vesicular disease virus SPA/1/93,100,11.0,39.36,1,1.0
IEDB_1742,Human betaherpesvirus 5 Antigen,Human betaherpesvirus 5,100,11.0,-1.99,1,1.0
IEDB_1741,Lachesis muta muta Antigen,Lachesis muta muta,100,11.0,21.82,1,1.0
IEDB_1740,Mycobacterium tuberculosis str. Erdman = ATCC 35801 Antigen,Mycobacterium tuberculosis str. Erdman = ATCC 35801,100,11.0,40.7,1,1.0
IEDB_1739,hepatitis C virus genotype 1a Antigen,hepatitis C virus genotype 1a,100,11.0,17.29,1,1.0
IEDB_1738,Variola virus Antigen,Variola virus,100,11.0,-0.54,1,1.0
IEDB_1737,Yellow fever virus Antigen,Yellow fever virus,100,11.0,17.25,1,1.0
IEDB_1736,Homo sapiens Antigen,Homo sapiens,100,11.0,24.52,1,1.0
IEDB_1735,Leishmania major Antigen,Leishmania major,100,11.0,29.35,1,1.0
IEDB_1734,Arachis hypogaea Antigen,Arachis hypogaea,100,11.0,93.51,1,1.0
IEDB_1733,Mycobacterium tuberculosis variant bovis AF2122/97 Antigen,Mycobacterium tuberculosis variant bovis AF2122/97,100,11.0,8.43,1,1.0
IEDB_1764,Plasmodium falciparum Antigen,Plasmodium falciparum,100,11.0,-18.97,1,1.0
IEDB_1763,nan Antigen,,100,11.0,-18.72,1,1.0
IEDB_1762,Plasmodium falciparum Antigen,Plasmodium falciparum,100,11.0,-18.86,1,1.0
IEDB_1761,Plasmodium falciparum Antigen,Plasmodium falciparum,100,11.0,-19.97,1,1.0
IEDB_1760,Escherichia coli O157:H7 Antigen,Escherichia coli O157:H7,100,11.0,51.58,1,1.0
IEDB_1759,Hepatitis C virus (isolate 1) Antigen,Hepatitis C virus (isolate 1),100,11.0,9.33,1,1.0
IEDB_1758,Foot-and-mouth disease virus C1 CS8 Antigen,Foot-and-mouth disease virus C1 CS8,100,11.0,19.27,1,1.0
IEDB_1757,Orthohepacivirus hominis Antigen,Orthohepacivirus hominis,100,11.0,10.37,1,1.0
IEDB_1756,Yellow fever virus 17D Antigen,Yellow fever virus 17D,100,11.0,-14.82,1,1.0
IEDB_1755,Porphyromonas gingivalis Antigen,Porphyromonas gingivalis,100,11.0,-14.12,1,1.0
IEDB_1754,Helicobacter pylori 26695 Antigen,Helicobacter pylori 26695,100,11.0,-9.53,1,1.0
IEDB_1753,Hepatitis C virus subtype 2b Antigen,Hepatitis C virus subtype 2b,100,11.0,24.12,1,1.0
IEDB_1752,hepatitis C virus genotype 1a Antigen,hepatitis C virus genotype 1a,100,11.0,31.27,1,1.0
IEDB_1751,Orthohepacivirus hominis Antigen,Orthohepacivirus hominis,100,11.0,14.73,1,1.0
IEDB_1750,Lolium perenne Antigen,Lolium perenne,100,11.0,24.32,1,1.0
IEDB_1749,Listeria monocytogenes Antigen,Listeria monocytogenes,100,11.0,18.48,1,1.0
IEDB_1781,Human herpesvirus 4 strain B95-8 Antigen,Human herpesvirus 4 strain B95-8,100,11.0,65.18,1,1.0
IEDB_1780,nan Antigen,,100,11.0,64.21,1,1.0
IEDB_1779,Influenza A virus (A/reassortant/NYMC X-179A(California/07/2009 x NYMC X-157)(H1N1)) Antigen,Influenza A virus (A/reassortant/NYMC X-179A(California/07/2009 x NYMC X-157)(H1N1)),100,11.0,106.13,1,1.0
IEDB_1778,Murine cytomegalovirus (strain Smith) Antigen,Murine cytomegalovirus (strain Smith),100,11.0,60.55,1,1.0
IEDB_1776,nan Antigen,,100,11.0,93.85,1,1.0
IEDB_1775,nan Antigen,,100,11.0,119.8,1,1.0
IEDB_1774,nan Antigen,,100,11.0,135.46,1,1.0
IEDB_1773,Shigella flexneri 2a Antigen,Shigella flexneri 2a,100,11.0,38.85,1,1.0
IEDB_1772,Chironomus thummi thummi Antigen,Chironomus thummi thummi,100,11.0,31.3,1,1.0
IEDB_1771,Vaccinia virus WR Antigen,Vaccinia virus WR,100,11.0,48.28,1,1.0
IEDB_1770,Modified Vaccinia Ankara virus Antigen,Modified Vaccinia Ankara virus,100,11.0,53.06,1,1.0
IEDB_1769,Helicobacter pylori Antigen,Helicobacter pylori,100,11.0,84.5,1,1.0
IEDB_1768,Vaccinia virus WR Antigen,Vaccinia virus WR,100,11.0,69.68,1,1.0
IEDB_1767,Penicillium chrysogenum Antigen,Penicillium chrysogenum,100,11.0,39.87,1,1.0
IEDB_1766,Helicobacter pylori 26695 Antigen,Helicobacter pylori 26695,100,11.0,113.21,1,1.0
IEDB_1765,Helicobacter pylori 26695 Antigen,Helicobacter pylori 26695,100,11.0,4.81,1,1.0
IEDB_1797,Human alphaherpesvirus 1 Antigen,Human alphaherpesvirus 1,100,11.0,7.64,1,1.0
IEDB_1796,Homo sapiens Antigen,Homo sapiens,100,11.0,38.09,1,1.0
IEDB_1795,Lederbergia lenta Antigen,Lederbergia lenta,100,11.0,0.56,1,1.0
IEDB_1794,Plasmodium falciparum CAMP/Malaysia Antigen,Plasmodium falciparum CAMP/Malaysia,100,11.0,27.74,1,1.0
IEDB_1793,nan Antigen,,100,11.0,25.77,1,1.0
IEDB_1792,nan Antigen,,100,11.0,78.3,1,1.0
IEDB_1791,Vaccinia virus WR Antigen,Vaccinia virus WR,100,11.0,-0.54,1,1.0
IEDB_1790,Vaccinia virus WR Antigen,Vaccinia virus WR,100,11.0,-7.98,1,1.0
IEDB_1789,Hepatitis B virus Antigen,Hepatitis B virus,100,11.0,49.37,1,1.0
IEDB_1788,Hepatitis B virus Antigen,Hepatitis B virus,100,11.0,11.28,1,1.0
IEDB_1787,Hepatitis B virus Antigen,Hepatitis B virus,100,11.0,11.42,1,1.0
IEDB_1786,nan Antigen,,100,11.0,47.33,1,1.0
IEDB_1785,Rabies virus Ontario fox Antigen,Rabies virus Ontario fox,100,11.0,72.69,1,1.0
IEDB_1784,Duck hepatitis B virus Antigen,Duck hepatitis B virus,100,11.0,45.05,1,1.0
IEDB_1783,Triticum aestivum Antigen,Triticum aestivum,100,11.0,104.71,1,1.0
IEDB_1782,nan Antigen,,100,11.0,124.66,1,1.0
IEDB_1813,Plasmodium falciparum Antigen,Plasmodium falciparum,100,11.0,17.12,1,1.0
IEDB_1812,Andes virus CHI-7913 Antigen,Andes virus CHI-7913,100,11.0,36.92,1,1.0
IEDB_1811,Rubella virus Antigen,Rubella virus,100,11.0,26.79,1,1.0
IEDB_1810,Chironomus thummi thummi Antigen,Chironomus thummi thummi,100,11.0,-11.0,1,1.0
IEDB_1809,Chironomus thummi thummi Antigen,Chironomus thummi thummi,100,11.0,-16.0,1,1.0
IEDB_1808,Plasmodium falciparum Antigen,Plasmodium falciparum,100,11.0,7.7,1,1.0
IEDB_1807,Homo sapiens Antigen,Homo sapiens,100,11.0,39.9,1,1.0
IEDB_1806,nan Antigen,,100,11.0,58.65,1,1.0
IEDB_1805,Salmonella enterica Antigen,Salmonella enterica,100,11.0,20.86,1,1.0
IEDB_1804,Arachis hypogaea Antigen,Arachis hypogaea,100,11.0,-6.08,1,1.0
IEDB_1803,Hepatitis C virus genotype 2 Antigen,Hepatitis C virus genotype 2,100,11.0,68.95,1,1.0
IEDB_1802,Mammarenavirus choriomeningitidis Antigen,Mammarenavirus choriomeningitidis,100,11.0,69.68,1,1.0
IEDB_1801,nan Antigen,,100,11.0,81.77,1,1.0
IEDB_1800,Aspergillus fumigatus Antigen,Aspergillus fumigatus,100,11.0,-2.29,1,1.0
IEDB_1799,macacine betaherpesvirus 3 Antigen,macacine betaherpesvirus 3,100,11.0,90.21,1,1.0
IEDB_1798,macacine betaherpesvirus 3 Antigen,macacine betaherpesvirus 3,100,11.0,-16.08,1,1.0
IEDB_1829,Coxsackievirus B3 Antigen,Coxsackievirus B3,100,11.0,-9.98,1,1.0
IEDB_1828,Influenza A virus (A/Puerto Rico/8/1934(H1N1)) Antigen,Influenza A virus (A/Puerto Rico/8/1934(H1N1)),100,11.0,63.71,1,1.0
IEDB_1827,Influenza A virus (A/Puerto Rico/8/1934(H1N1)) Antigen,Influenza A virus (A/Puerto Rico/8/1934(H1N1)),100,11.0,48.28,1,1.0
IEDB_1826,Vibrio cholerae 569B Antigen,Vibrio cholerae 569B,100,11.0,8.33,1,1.0
IEDB_1825,Mycobacterium tuberculosis Antigen,Mycobacterium tuberculosis,100,11.0,60.62,1,1.0
IEDB_1824,nan Antigen,,100,11.0,45.64,1,1.0
IEDB_1823,SARS coronavirus Tor2 Antigen,SARS coronavirus Tor2,100,11.0,52.94,1,1.0
IEDB_1822,Orthohepacivirus hominis Antigen,Orthohepacivirus hominis,100,11.0,60.56,1,1.0
IEDB_1821,Human papillomavirus 16 Antigen,Human papillomavirus 16,100,11.0,77.17,1,1.0
IEDB_1820,West Nile virus Antigen,West Nile virus,100,11.0,97.52,1,1.0
IEDB_1819,African horse sickness virus 3 Antigen,African horse sickness virus 3,100,11.0,-53.4,1,1.0
IEDB_1818,West Nile virus Antigen,West Nile virus,100,11.0,33.87,1,1.0
IEDB_1817,dengue virus type 3 Antigen,dengue virus type 3,100,11.0,49.94,1,1.0
IEDB_1816,Hepatitis C virus subtype 1b AD78 Antigen,Hepatitis C virus subtype 1b AD78,100,11.0,-26.81,1,1.0
IEDB_1815,Orthohepacivirus hominis Antigen,Orthohepacivirus hominis,100,11.0,-10.82,1,1.0
IEDB_1814,Plasmodium falciparum CAMP/Malaysia Antigen,Plasmodium falciparum CAMP/Malaysia,100,11.0,-26.69,1,1.0
IEDB_1845,Hepatitis C virus (isolate Taiwan) Antigen,Hepatitis C virus (isolate Taiwan),100,11.0,20.31,1,1.0
IEDB_1844,Hepatitis C virus (isolate Taiwan) Antigen,Hepatitis C virus (isolate Taiwan),100,11.0,21.34,1,1.0
IEDB_1843,Schistosoma japonicum Antigen,Schistosoma japonicum,100,11.0,24.14,1,1.0
IEDB_1842,Schistosoma japonicum Antigen,Schistosoma japonicum,100,11.0,8.89,1,1.0
IEDB_1841,nan Antigen,,100,11.0,75.91,1,1.0
IEDB_1840,West Nile virus Antigen,West Nile virus,100,11.0,30.29,1,1.0
IEDB_1839,Blattella germanica Antigen,Blattella germanica,100,11.0,57.06,1,1.0
IEDB_1838,Clostridium tetani Antigen,Clostridium tetani,100,11.0,51.68,1,1.0
IEDB_1837,Measles virus strain Edmonston Antigen,Measles virus strain Edmonston,100,11.0,42.19,1,1.0
IEDB_1836,nan Antigen,,100,11.0,8.89,1,1.0
IEDB_1835,Helicobacter pylori 26695 Antigen,Helicobacter pylori 26695,100,11.0,-0.1,1,1.0
IEDB_1834,Helicobacter pylori 26695 Antigen,Helicobacter pylori 26695,100,11.0,64.16,1,1.0
IEDB_1833,nan Antigen,,100,11.0,48.28,1,1.0
IEDB_1832,Mus musculus Antigen,Mus musculus,100,11.0,52.94,1,1.0
IEDB_1831,Human betaherpesvirus 5 Antigen,Human betaherpesvirus 5,100,11.0,81.71,1,1.0
IEDB_1830,Orthopoxvirus vaccinia Antigen,Orthopoxvirus vaccinia,100,11.0,-0.54,1,1.0
IEDB_1863,Puumala virus Kazan Antigen,Puumala virus Kazan,100,11.0,67.11,1,1.0
IEDB_1862,Puumala virus sotkamo/v-2969/81 Antigen,Puumala virus sotkamo/v-2969/81,100,11.0,85.41,1,1.0
IEDB_1861,Puumala virus Kazan Antigen,Puumala virus Kazan,100,11.0,124.06,1,1.0
IEDB_1858,Influenza A virus (A/Vietnam/1194/2004(H5N1)) Antigen,Influenza A virus (A/Vietnam/1194/2004(H5N1)),100,11.0,-0.37,1,1.0
IEDB_1857,dengue virus type 3 Antigen,dengue virus type 3,100,11.0,2.37,1,1.0
IEDB_1856,"Ebola virus - Mayinga, Zaire, 1976 Antigen","Ebola virus - Mayinga, Zaire, 1976",100,11.0,104.79,1,1.0
IEDB_1855,Plasmodium falciparum CAMP/Malaysia Antigen,Plasmodium falciparum CAMP/Malaysia,100,11.0,-12.48,1,1.0
IEDB_1854,SARS coronavirus Tor2 Antigen,SARS coronavirus Tor2,100,11.0,22.6,1,1.0
IEDB_1853,Bovine leukemia virus Antigen,Bovine leukemia virus,100,11.0,100.89,1,1.0
IEDB_1852,Human herpesvirus 4 strain B95-8 Antigen,Human herpesvirus 4 strain B95-8,100,11.0,84.96,1,1.0
IEDB_1851,Human respiratory syncytial virus A2 Antigen,Human respiratory syncytial virus A2,100,11.0,34.25,1,1.0
IEDB_1850,Human respiratory syncytial virus A2 Antigen,Human respiratory syncytial virus A2,100,11.0,7.77,1,1.0
IEDB_1849,SARS coronavirus Tor2 Antigen,SARS coronavirus Tor2,100,11.0,30.49,1,1.0
IEDB_1848,GB virus C Antigen,GB virus C,100,11.0,13.56,1,1.0
IEDB_1847,nan Antigen,,100,11.0,122.56,1,1.0
IEDB_1846,Mycobacterium tuberculosis Antigen,Mycobacterium tuberculosis,100,11.0,-27.77,1,1.0
IEDB_1880,Vaccinia virus WR Antigen,Vaccinia virus WR,100,11.0,91.08,1,1.0
IEDB_1879,Human alphaherpesvirus 1 Antigen,Human alphaherpesvirus 1,100,11.0,101.79,1,1.0
IEDB_1877,Vaccinia virus WR Antigen,Vaccinia virus WR,100,11.0,39.9,1,1.0
IEDB_1876,Influenza A virus (A/X-31(H3N2)) Antigen,Influenza A virus (A/X-31(H3N2)),100,11.0,94.91,1,1.0
IEDB_1875,Yersinia pestis Antigen,Yersinia pestis,100,11.0,63.68,1,1.0
IEDB_1874,nan Antigen,,100,11.0,10.5,1,1.0
IEDB_1873,Vaccinia virus WR Antigen,Vaccinia virus WR,100,11.0,1.81,1,1.0
IEDB_1872,Vaccinia virus WR Antigen,Vaccinia virus WR,100,11.0,10.33,1,1.0
IEDB_1871,Yellow fever virus 17D Antigen,Yellow fever virus 17D,100,11.0,24.33,1,1.0
IEDB_1870,Anaplasma marginale Antigen,Anaplasma marginale,100,11.0,-16.56,1,1.0
IEDB_1869,Mycobacterium leprae Antigen,Mycobacterium leprae,100,11.0,27.57,1,1.0
IEDB_1868,Mycobacterium leprae Antigen,Mycobacterium leprae,100,11.0,55.55,1,1.0
IEDB_1867,Measles virus strain Edmonston Antigen,Measles virus strain Edmonston,100,11.0,7.13,1,1.0
IEDB_1866,Simian immunodeficiency virus Antigen,Simian immunodeficiency virus,100,11.0,31.89,1,1.0
IEDB_1865,Yellow fever virus 17D Antigen,Yellow fever virus 17D,100,11.0,9.6,1,1.0
IEDB_1864,dengue virus type 1 Antigen,dengue virus type 1,100,11.0,21.91,1,1.0
IEDB_1896,Lymphocytic choriomeningitis virus (strain Armstrong) Antigen,Lymphocytic choriomeningitis virus (strain Armstrong),100,11.0,31.74,1,1.0
IEDB_1895,Human immunodeficiency virus 1 Antigen,Human immunodeficiency virus 1,100,11.0,-2.69,1,1.0
IEDB_1894,nan Antigen,,100,11.0,5.69,1,1.0
IEDB_1893,Vaccinia virus WR Antigen,Vaccinia virus WR,100,11.0,21.34,1,1.0
IEDB_1892,Vaccinia virus WR Antigen,Vaccinia virus WR,100,11.0,22.6,1,1.0
IEDB_1891,Vaccinia virus WR Antigen,Vaccinia virus WR,100,11.0,24.18,1,1.0
IEDB_1890,nan Antigen,,100,11.0,60.2,1,1.0
IEDB_1889,Orthopoxvirus vaccinia Antigen,Orthopoxvirus vaccinia,100,11.0,22.6,1,1.0
IEDB_1888,nan Antigen,,100,11.0,27.09,1,1.0
IEDB_1887,Borreliella burgdorferi Antigen,Borreliella burgdorferi,100,11.0,52.94,1,1.0
IEDB_1886,Human herpesvirus 3 strain Dumas Antigen,Human herpesvirus 3 strain Dumas,100,11.0,31.05,1,1.0
IEDB_1885,Escherichia coli Antigen,Escherichia coli,100,11.0,33.55,1,1.0
IEDB_1884,Escherichia coli ETEC H10407 Antigen,Escherichia coli ETEC H10407,100,11.0,57.17,1,1.0
IEDB_1883,Vibrio cholerae 569B Antigen,Vibrio cholerae 569B,100,11.0,81.57,1,1.0
IEDB_1882,nan Antigen,,100,11.0,70.72,1,1.0
IEDB_1881,nan Antigen,,100,11.0,98.47,1,1.0
IEDB_1913,Zaire ebolavirus Antigen,Zaire ebolavirus,100,11.0,20.25,1,1.0
IEDB_1912,dengue virus type 3 Antigen,dengue virus type 3,100,11.0,-1.99,1,1.0
IEDB_1910,Helicobacter pylori 26695 Antigen,Helicobacter pylori 26695,100,11.0,17.87,1,1.0
IEDB_1909,Cynodon dactylon Antigen,Cynodon dactylon,100,11.0,32.97,1,1.0
IEDB_1908,West Nile virus Antigen,West Nile virus,100,11.0,2.69,1,1.0
IEDB_1907,Human gammaherpesvirus 8 Antigen,Human gammaherpesvirus 8,100,11.0,8.89,1,1.0
IEDB_1906,Vaccinia virus WR Antigen,Vaccinia virus WR,100,11.0,-5.7,1,1.0
IEDB_1905,nan Antigen,,100,11.0,75.91,1,1.0
IEDB_1904,nan Antigen,,100,11.0,75.91,1,1.0
IEDB_1903,Human immunodeficiency virus 1 Antigen,Human immunodeficiency virus 1,100,11.0,75.91,1,1.0
IEDB_1902,Human immunodeficiency virus type 1 (RF/HAT ISOLATE) Antigen,Human immunodeficiency virus type 1 (RF/HAT ISOLATE),100,11.0,75.91,1,1.0
IEDB_1901,nan Antigen,,100,11.0,75.91,1,1.0
IEDB_1900,nan Antigen,,100,11.0,92.82,1,1.0
IEDB_1899,nan Antigen,,100,11.0,79.11,1,1.0
IEDB_1898,nan Antigen,,100,11.0,54.51,1,1.0
IEDB_1897,nan Antigen,,100,11.0,54.51,1,1.0
IEDB_1929,Human herpesvirus 5 strain AD169 Antigen,Human herpesvirus 5 strain AD169,100,11.0,-0.54,1,1.0
IEDB_1928,Poliovirus type 3 (strains P3/LEON/37 AND P3/LEON 12A[1]B) Antigen,Poliovirus type 3 (strains P3/LEON/37 AND P3/LEON 12A[1]B),100,11.0,51.52,1,1.0
IEDB_1927,Homo sapiens Antigen,Homo sapiens,100,11.0,35.2,1,1.0
IEDB_1926,Vaccinia virus WR Antigen,Vaccinia virus WR,100,11.0,0.51,1,1.0
IEDB_1925,Mus musculus Antigen,Mus musculus,100,11.0,-10.04,1,1.0
IEDB_1924,Helicobacter pylori 26695 Antigen,Helicobacter pylori 26695,100,11.0,-2.48,1,1.0
IEDB_1923,nan Antigen,,100,11.0,14.68,1,1.0
IEDB_1922,Yellow fever virus strain Ghana/Asibi/1927 Antigen,Yellow fever virus strain Ghana/Asibi/1927,100,11.0,40.8,1,1.0
IEDB_1921,Triticum aestivum Antigen,Triticum aestivum,100,11.0,71.87,1,1.0
IEDB_1920,Triticum aestivum Antigen,Triticum aestivum,100,11.0,48.91,1,1.0
IEDB_1919,Orthopoxvirus vaccinia Antigen,Orthopoxvirus vaccinia,100,11.0,22.6,1,1.0
IEDB_1918,Clostridium tetani Antigen,Clostridium tetani,100,11.0,52.16,1,1.0
IEDB_1917,Clostridium tetani Antigen,Clostridium tetani,100,11.0,67.6,1,1.0
IEDB_1916,Human herpesvirus 5 strain AD169 Antigen,Human herpesvirus 5 strain AD169,100,11.0,49.39,1,1.0
IEDB_1915,Cryptomeria japonica Antigen,Cryptomeria japonica,100,11.0,81.38,1,1.0
IEDB_1914,Plasmodium falciparum 3D7 Antigen,Plasmodium falciparum 3D7,100,11.0,41.87,1,1.0
IEDB_1945,Homo sapiens Antigen,Homo sapiens,100,11.0,100.51,1,1.0
IEDB_1944,Human immunodeficiency virus 1 Antigen,Human immunodeficiency virus 1,100,11.0,87.91,1,1.0
IEDB_1943,Human respiratory syncytial virus A2 Antigen,Human respiratory syncytial virus A2,100,11.0,23.69,1,1.0
IEDB_1942,Vaccinia virus WR Antigen,Vaccinia virus WR,100,11.0,5.69,1,1.0
IEDB_1941,hepatitis C virus genotype 1a Antigen,hepatitis C virus genotype 1a,100,11.0,-5.69,1,1.0
IEDB_1940,hepatitis C virus genotype 1a Antigen,hepatitis C virus genotype 1a,100,11.0,-11.07,1,1.0
IEDB_1939,Vaccinia virus WR Antigen,Vaccinia virus WR,100,11.0,30.29,1,1.0
IEDB_1938,Plasmodium yoelii yoelii Antigen,Plasmodium yoelii yoelii,100,11.0,22.21,1,1.0
IEDB_1937,Hepatitis C virus subtype 1b Antigen,Hepatitis C virus subtype 1b,100,11.0,33.4,1,1.0
IEDB_1936,Triticum aestivum Antigen,Triticum aestivum,100,11.0,73.09,1,1.0
IEDB_1935,SARS-CoV1 Antigen,SARS-CoV1,100,11.0,30.29,1,1.0
IEDB_1934,Entamoeba histolytica Antigen,Entamoeba histolytica,100,11.0,8.75,1,1.0
IEDB_1933,Physeter macrocephalus Antigen,Physeter macrocephalus,100,11.0,49.15,1,1.0
IEDB_1932,Physeter macrocephalus Antigen,Physeter macrocephalus,100,11.0,52.71,1,1.0
IEDB_1931,Dengue virus 2 Jamaica/1409/1983 Antigen,Dengue virus 2 Jamaica/1409/1983,100,11.0,41.6,1,1.0
IEDB_1930,Vaccinia virus WR Antigen,Vaccinia virus WR,100,11.0,35.2,1,1.0
IEDB_1961,Clostridium botulinum B Antigen,Clostridium botulinum B,100,11.0,2.24,1,1.0
IEDB_1960,Foot-and-mouth disease virus C1 CS8 Antigen,Foot-and-mouth disease virus C1 CS8,100,11.0,-14.21,1,1.0
IEDB_1959,nan Antigen,,100,11.0,-26.21,1,1.0
IEDB_1958,Cryptomeria japonica Antigen,Cryptomeria japonica,100,11.0,1.21,1,1.0
IEDB_1957,Vaccinia virus WR Antigen,Vaccinia virus WR,100,11.0,13.17,1,1.0
IEDB_1956,Orientia tsutsugamushi Antigen,Orientia tsutsugamushi,100,11.0,-20.65,1,1.0
IEDB_1955,Rabies virus Nishigahara RCEH Antigen,Rabies virus Nishigahara RCEH,100,11.0,4.59,1,1.0
IEDB_1954,Plasmodium falciparum Antigen,Plasmodium falciparum,100,11.0,-12.78,1,1.0
IEDB_1953,SARS-CoV1 Antigen,SARS-CoV1,100,11.0,-38.26,1,1.0
IEDB_1952,nan Antigen,,100,11.0,-6.08,1,1.0
IEDB_1951,nan Antigen,,100,11.0,0.51,1,1.0
IEDB_1950,Vaccinia virus WR Antigen,Vaccinia virus WR,100,11.0,43.95,1,1.0
IEDB_1949,Vaccinia virus WR Antigen,Vaccinia virus WR,100,11.0,66.51,1,1.0
IEDB_1948,Vibrio cholerae 569B Antigen,Vibrio cholerae 569B,100,11.0,3.85,1,1.0
IEDB_1947,nan Antigen,,100,11.0,61.62,1,1.0
IEDB_1946,Human herpesvirus 5 strain AD169 Antigen,Human herpesvirus 5 strain AD169,100,11.0,8.89,1,1.0
IEDB_1977,Homo sapiens Antigen,Homo sapiens,100,11.0,36.45,1,1.0
IEDB_1976,Homo sapiens Antigen,Homo sapiens,100,11.0,44.0,1,1.0
IEDB_1975,Vaccinia virus WR Antigen,Vaccinia virus WR,100,11.0,18.71,1,1.0
IEDB_1974,Hepatitis C virus (isolate 1) Antigen,Hepatitis C virus (isolate 1),100,11.0,-1.37,1,1.0
IEDB_1973,hepatitis C virus genotype 1a Antigen,hepatitis C virus genotype 1a,100,11.0,3.67,1,1.0
IEDB_1972,Vaccinia virus WR Antigen,Vaccinia virus WR,100,11.0,-0.54,1,1.0
IEDB_1971,Hepatitis C virus subtype 1b Antigen,Hepatitis C virus subtype 1b,100,11.0,-5.82,1,1.0
IEDB_1970,dengue virus type 2 Antigen,dengue virus type 2,100,11.0,47.64,1,1.0
IEDB_1969,Vaccinia virus WR Antigen,Vaccinia virus WR,100,11.0,8.12,1,1.0
IEDB_1968,Listeria monocytogenes EGD-e Antigen,Listeria monocytogenes EGD-e,100,11.0,14.72,1,1.0
IEDB_1967,Vaccinia virus WR Antigen,Vaccinia virus WR,100,11.0,-14.89,1,1.0
IEDB_1966,Rickettsia sibirica Antigen,Rickettsia sibirica,100,11.0,-17.3,1,1.0
IEDB_1965,Vaccinia virus WR Antigen,Vaccinia virus WR,100,11.0,-5.62,1,1.0
IEDB_1964,Streptococcus mutans MT 8148 Antigen,Streptococcus mutans MT 8148,100,11.0,11.28,1,1.0
IEDB_1963,Plasmodium falciparum CAMP/Malaysia Antigen,Plasmodium falciparum CAMP/Malaysia,100,11.0,-12.48,1,1.0
IEDB_1962,Simian immunodeficiency virus (MM142-83 ISOLATE) Antigen,Simian immunodeficiency virus (MM142-83 ISOLATE),100,11.0,15.7,1,1.0
IEDB_1993,hepatitis C virus genotype 1a Antigen,hepatitis C virus genotype 1a,100,11.0,40.15,1,1.0
IEDB_1992,Hepatitis C virus (isolate Taiwan) Antigen,Hepatitis C virus (isolate Taiwan),100,11.0,69.68,1,1.0
IEDB_1991,Hepatitis B virus Antigen,Hepatitis B virus,100,11.0,39.03,1,1.0
IEDB_1990,nan Antigen,,100,11.0,133.53,1,1.0
IEDB_1989,Orthohantavirus sinnombreense Antigen,Orthohantavirus sinnombreense,100,11.0,76.43,1,1.0
IEDB_1988,Prescottella equi Antigen,Prescottella equi,100,11.0,11.16,1,1.0
IEDB_1987,Simian immunodeficiency virus Antigen,Simian immunodeficiency virus,100,11.0,27.56,1,1.0
IEDB_1986,human gammaherpesvirus 4 Antigen,human gammaherpesvirus 4,100,11.0,63.91,1,1.0
IEDB_1985,Staphylococcus aureus subsp. aureus MRSA252 Antigen,Staphylococcus aureus subsp. aureus MRSA252,100,11.0,94.49,1,1.0
IEDB_1984,Orthohepacivirus hominis Antigen,Orthohepacivirus hominis,100,11.0,22.18,1,1.0
IEDB_1983,hepatitis C virus genotype 1a Antigen,hepatitis C virus genotype 1a,100,11.0,13.53,1,1.0
IEDB_1982,Vaccinia virus WR Antigen,Vaccinia virus WR,100,11.0,86.63,1,1.0
IEDB_1981,Haemophilus influenzae Antigen,Haemophilus influenzae,100,11.0,30.29,1,1.0
IEDB_1980,nan Antigen,,100,11.0,30.29,1,1.0
IEDB_1979,Dengue virus 2 Jamaica/1409/1983 Antigen,Dengue virus 2 Jamaica/1409/1983,100,11.0,15.38,1,1.0
IEDB_1978,Glycine max Antigen,Glycine max,100,11.0,47.85,1,1.0
IEDB_2009,Human herpesvirus 5 strain AD169 Antigen,Human herpesvirus 5 strain AD169,100,11.0,35.68,1,1.0
IEDB_2008,H5N1 subtype Antigen,H5N1 subtype,100,11.0,11.42,1,1.0
IEDB_2007,H5N1 subtype Antigen,H5N1 subtype,100,11.0,20.86,1,1.0
IEDB_2006,H5N1 subtype Antigen,H5N1 subtype,100,11.0,20.86,1,1.0
IEDB_2005,H5N1 subtype Antigen,H5N1 subtype,100,11.0,48.28,1,1.0
IEDB_2004,Influenza A virus Antigen,Influenza A virus,100,11.0,48.28,1,1.0
IEDB_2003,Influenza A virus Antigen,Influenza A virus,100,11.0,69.68,1,1.0
IEDB_2002,Influenza A virus Antigen,Influenza A virus,100,11.0,11.42,1,1.0
IEDB_2001,SARS coronavirus Tor2 Antigen,SARS coronavirus Tor2,100,11.0,22.6,1,1.0
IEDB_2000,Mycobacterium leprae Antigen,Mycobacterium leprae,100,11.0,32.23,1,1.0
IEDB_1999,Vaccinia virus WR Antigen,Vaccinia virus WR,100,11.0,23.4,1,1.0
IEDB_1998,Human betaherpesvirus 5 Antigen,Human betaherpesvirus 5,100,11.0,71.61,1,1.0
IEDB_1997,Mycobacterium tuberculosis Antigen,Mycobacterium tuberculosis,100,11.0,38.97,1,1.0
IEDB_1996,Mycobacterium tuberculosis Antigen,Mycobacterium tuberculosis,100,11.0,48.63,1,1.0
IEDB_1995,Plasmodium falciparum 7G8 Antigen,Plasmodium falciparum 7G8,100,11.0,34.62,1,1.0
IEDB_1994,hepatitis C virus genotype 1a Antigen,hepatitis C virus genotype 1a,100,11.0,80.02,1,1.0
IEDB_2026,Vaccinia virus WR Antigen,Vaccinia virus WR,100,11.0,10.11,1,1.0
IEDB_2025,Cryptomeria japonica Antigen,Cryptomeria japonica,100,11.0,21.65,1,1.0
IEDB_2024,Cryptomeria japonica Antigen,Cryptomeria japonica,100,11.0,22.48,1,1.0
IEDB_2023,Helicobacter pylori 26695 Antigen,Helicobacter pylori 26695,100,11.0,8.89,1,1.0
IEDB_2022,Hepatitis C virus genotype 6 Antigen,Hepatitis C virus genotype 6,100,11.0,-24.51,1,1.0
IEDB_2021,Borreliella burgdorferi B31 Antigen,Borreliella burgdorferi B31,100,11.0,13.23,1,1.0
IEDB_2020,nan Antigen,,100,11.0,8.89,1,1.0
IEDB_2019,Borreliella burgdorferi B31 Antigen,Borreliella burgdorferi B31,100,11.0,17.08,1,1.0
IEDB_2018,Vaccinia virus WR Antigen,Vaccinia virus WR,100,11.0,9.0,1,1.0
IEDB_2017,Influenza A virus (A/Vietnam/1194/2004(H5N1)) Antigen,Influenza A virus (A/Vietnam/1194/2004(H5N1)),100,11.0,8.89,1,1.0
IEDB_2016,SARS coronavirus Tor2 Antigen,SARS coronavirus Tor2,100,11.0,27.09,1,1.0
IEDB_2014,SARS coronavirus Tor2 Antigen,SARS coronavirus Tor2,100,11.0,-17.3,1,1.0
IEDB_2013,nan Antigen,,100,11.0,117.14,1,1.0
IEDB_2012,Anacardium occidentale Antigen,Anacardium occidentale,100,11.0,22.17,1,1.0
IEDB_2011,Influenza A virus (A/Wisconsin/67/2005(H3N2)) Antigen,Influenza A virus (A/Wisconsin/67/2005(H3N2)),100,11.0,57.71,1,1.0
IEDB_2010,Influenza A virus (A/Indiana/08/2011(H3N2)) Antigen,Influenza A virus (A/Indiana/08/2011(H3N2)),100,11.0,79.11,1,1.0
IEDB_2042,SARS coronavirus Tor2 Antigen,SARS coronavirus Tor2,100,11.0,38.54,1,1.0
IEDB_2041,Pseudomonas aeruginosa Antigen,Pseudomonas aeruginosa,100,11.0,26.44,1,1.0
IEDB_2040,"Human immunodeficiency virus type 2 (ISOLATE D205,7) Antigen","Human immunodeficiency virus type 2 (ISOLATE D205,7)",100,11.0,75.12,1,1.0
IEDB_2039,Simian immunodeficiency virus Antigen,Simian immunodeficiency virus,100,11.0,118.71,1,1.0
IEDB_2038,Simian immunodeficiency virus Antigen,Simian immunodeficiency virus,100,11.0,132.3,1,1.0
IEDB_2037,Mycobacterium tuberculosis Antigen,Mycobacterium tuberculosis,100,11.0,-4.43,1,1.0
IEDB_2036,Orthohepacivirus hominis Antigen,Orthohepacivirus hominis,100,11.0,17.16,1,1.0
IEDB_2035,Hepatitis C virus subtype 1b Antigen,Hepatitis C virus subtype 1b,100,11.0,-5.46,1,1.0
IEDB_2034,Paslahepevirus balayani Antigen,Paslahepevirus balayani,100,11.0,46.86,1,1.0
IEDB_2033,Vaccinia virus WR Antigen,Vaccinia virus WR,100,11.0,13.23,1,1.0
IEDB_2032,SARS coronavirus Tor2 Antigen,SARS coronavirus Tor2,100,11.0,27.09,1,1.0
IEDB_2031,Influenza A virus (A/Puerto Rico/8/34/Mount Sinai(H1N1)) Antigen,Influenza A virus (A/Puerto Rico/8/34/Mount Sinai(H1N1)),100,11.0,77.79,1,1.0
IEDB_2030,Chlamydia trachomatis Antigen,Chlamydia trachomatis,100,11.0,3.41,1,1.0
IEDB_2029,Pseudomonas aeruginosa Antigen,Pseudomonas aeruginosa,100,11.0,90.4,1,1.0
IEDB_2028,Homo sapiens Antigen,Homo sapiens,100,11.0,31.04,1,1.0
IEDB_2027,Plasmodium vivax Antigen,Plasmodium vivax,100,11.0,-7.66,1,1.0
IEDB_2058,Equus caballus Antigen,Equus caballus,100,11.0,-4.01,1,1.0
IEDB_2057,Homo sapiens Antigen,Homo sapiens,100,11.0,45.11,1,1.0
IEDB_2056,Human herpesvirus 5 strain AD169 Antigen,Human herpesvirus 5 strain AD169,100,11.0,30.29,1,1.0
IEDB_2055,Clostridium tetani Antigen,Clostridium tetani,100,11.0,19.83,1,1.0
IEDB_2054,Clostridium tetani Antigen,Clostridium tetani,100,11.0,47.68,1,1.0
IEDB_2053,Vaccinia virus WR Antigen,Vaccinia virus WR,100,11.0,-9.98,1,1.0
IEDB_2052,Andes virus CHI-7913 Antigen,Andes virus CHI-7913,100,11.0,59.6,1,1.0
IEDB_2051,Cryptomeria japonica Antigen,Cryptomeria japonica,100,11.0,42.98,1,1.0
IEDB_2050,Rickettsia prowazekii Antigen,Rickettsia prowazekii,100,11.0,8.89,1,1.0
IEDB_2049,Mycobacterium tuberculosis Antigen,Mycobacterium tuberculosis,100,11.0,1.69,1,1.0
IEDB_2048,Mycobacterium tuberculosis variant bovis Antigen,Mycobacterium tuberculosis variant bovis,100,11.0,6.47,1,1.0
IEDB_2047,Mycobacterium tuberculosis Antigen,Mycobacterium tuberculosis,100,11.0,-9.98,1,1.0
IEDB_2046,Coxsackievirus B4 (strain E2) Antigen,Coxsackievirus B4 (strain E2),100,11.0,15.05,1,1.0
IEDB_2045,Vaccinia virus WR Antigen,Vaccinia virus WR,100,11.0,70.73,1,1.0
IEDB_2044,Clostridium tetani Antigen,Clostridium tetani,100,11.0,-0.31,1,1.0
IEDB_2043,Giardia lamblia ATCC 50803 Antigen,Giardia lamblia ATCC 50803,100,11.0,23.05,1,1.0
IEDB_2075,SARS coronavirus Tor2 Antigen,SARS coronavirus Tor2,100,11.0,-6.35,1,1.0
IEDB_2074,Mycobacterium tuberculosis H37Rv Antigen,Mycobacterium tuberculosis H37Rv,100,11.0,47.52,1,1.0
IEDB_2073,Vibrio cholerae 569B Antigen,Vibrio cholerae 569B,100,11.0,28.9,1,1.0
IEDB_2072,Human alphaherpesvirus 1 strain 17 Antigen,Human alphaherpesvirus 1 strain 17,100,11.0,6.65,1,1.0
IEDB_2071,Vaccinia virus WR Antigen,Vaccinia virus WR,100,11.0,-9.98,1,1.0
IEDB_2070,Hepatitis E virus (strain Burma) Antigen,Hepatitis E virus (strain Burma),100,11.0,11.79,1,1.0
IEDB_2069,Foot-and-mouth disease virus - type O isolate O/UKG/35/2001 Antigen,Foot-and-mouth disease virus - type O isolate O/UKG/35/2001,100,11.0,7.54,1,1.0
IEDB_2068,Listeria monocytogenes EGD-e Antigen,Listeria monocytogenes EGD-e,100,11.0,82.24,1,1.0
IEDB_2067,SARS coronavirus Tor2 Antigen,SARS coronavirus Tor2,100,11.0,20.57,1,1.0
IEDB_2066,SARS coronavirus Tor2 Antigen,SARS coronavirus Tor2,100,11.0,30.12,1,1.0
IEDB_2065,Escherichia coli Antigen,Escherichia coli,100,11.0,36.73,1,1.0
IEDB_2063,Turbo cornutus Antigen,Turbo cornutus,100,11.0,11.78,1,1.0
IEDB_2062,Vaccinia virus WR Antigen,Vaccinia virus WR,100,11.0,-13.57,1,1.0
IEDB_2061,Vaccinia virus WR Antigen,Vaccinia virus WR,100,11.0,-16.19,1,1.0
IEDB_2060,Mycobacterium tuberculosis F11 Antigen,Mycobacterium tuberculosis F11,100,11.0,0.51,1,1.0
IEDB_2059,Mycobacterium tuberculosis Antigen,Mycobacterium tuberculosis,100,11.0,65.12,1,1.0
IEDB_2091,Betapolyomavirus hominis Antigen,Betapolyomavirus hominis,100,11.0,79.11,1,1.0
IEDB_2090,Vaccinia virus WR Antigen,Vaccinia virus WR,100,11.0,30.37,1,1.0
IEDB_2089,Malus domestica Antigen,Malus domestica,100,11.0,19.3,1,1.0
IEDB_2088,Vaccinia virus WR Antigen,Vaccinia virus WR,100,11.0,9.0,1,1.0
IEDB_2087,Vaccinia virus WR Antigen,Vaccinia virus WR,100,11.0,8.89,1,1.0
IEDB_2086,Staphylococcus aureus subsp. aureus MRSA252 Antigen,Staphylococcus aureus subsp. aureus MRSA252,100,11.0,35.62,1,1.0
IEDB_2085,Plasmodium falciparum CAMP/Malaysia Antigen,Plasmodium falciparum CAMP/Malaysia,100,11.0,-1.86,1,1.0
IEDB_2084,Orthohepacivirus hominis Antigen,Orthohepacivirus hominis,100,11.0,105.55,1,1.0
IEDB_2083,Human alphaherpesvirus 1 Antigen,Human alphaherpesvirus 1,100,11.0,25.3,1,1.0
IEDB_2082,Staphylococcus aureus subsp. aureus MN8 Antigen,Staphylococcus aureus subsp. aureus MN8,100,11.0,37.25,1,1.0
IEDB_2081,Severe acute respiratory syndrome coronavirus 2 Antigen,Severe acute respiratory syndrome coronavirus 2,100,11.0,33.41,1,1.0
IEDB_2080,Betula pendula Antigen,Betula pendula,100,11.0,73.31,1,1.0
IEDB_2079,Betula pendula Antigen,Betula pendula,100,11.0,78.85,1,1.0
IEDB_2078,Betula pendula Antigen,Betula pendula,100,11.0,127.93,1,1.0
IEDB_2077,Vaccinia virus WR Antigen,Vaccinia virus WR,100,11.0,18.23,1,1.0
IEDB_2076,Listeria monocytogenes EGD-e Antigen,Listeria monocytogenes EGD-e,100,11.0,28.43,1,1.0
IEDB_2110,SARS coronavirus Tor2 Antigen,SARS coronavirus Tor2,100,11.0,52.4,1,1.0
IEDB_2109,Vaccinia virus WR Antigen,Vaccinia virus WR,100,11.0,20.86,1,1.0
IEDB_2107,Trypanosoma cruzi Antigen,Trypanosoma cruzi,100,11.0,88.3,1,1.0
IEDB_2106,SARS coronavirus Tor2 Antigen,SARS coronavirus Tor2,100,11.0,-3.53,1,1.0
IEDB_2105,Human herpesvirus 5 strain AD169 Antigen,Human herpesvirus 5 strain AD169,100,11.0,30.95,1,1.0
IEDB_2104,Human betaherpesvirus 5 Antigen,Human betaherpesvirus 5,100,11.0,26.48,1,1.0
IEDB_2103,SARS-CoV1 Antigen,SARS-CoV1,100,11.0,5.69,1,1.0
IEDB_2101,Bovine coronavirus Antigen,Bovine coronavirus,100,11.0,-28.77,1,1.0
IEDB_2100,Theileria parva Antigen,Theileria parva,100,11.0,-4.23,1,1.0
IEDB_2099,Vaccinia virus WR Antigen,Vaccinia virus WR,100,11.0,63.71,1,1.0
IEDB_2098,Mycobacterium tuberculosis H37Rv Antigen,Mycobacterium tuberculosis H37Rv,100,11.0,43.99,1,1.0
IEDB_2097,Vaccinia virus WR Antigen,Vaccinia virus WR,100,11.0,9.0,1,1.0
IEDB_2096,Vaccinia virus WR Antigen,Vaccinia virus WR,100,11.0,8.89,1,1.0
IEDB_2094,Hepatitis C virus genotype 3 Antigen,Hepatitis C virus genotype 3,100,11.0,-14.96,1,1.0
IEDB_2093,Campylobacter fetus subsp. fetus Antigen,Campylobacter fetus subsp. fetus,100,11.0,14.96,1,1.0
IEDB_2092,Homo sapiens Antigen,Homo sapiens,100,11.0,26.14,1,1.0
IEDB_2126,Francisella tularensis subsp. holarctica LVS Antigen,Francisella tularensis subsp. holarctica LVS,100,11.0,-0.54,1,1.0
IEDB_2125,Influenza A virus Antigen,Influenza A virus,100,11.0,55.4,1,1.0
IEDB_2124,Mycobacterium tuberculosis Antigen,Mycobacterium tuberculosis,100,11.0,53.82,1,1.0
IEDB_2123,Human gammaherpesvirus 8 Antigen,Human gammaherpesvirus 8,100,11.0,42.26,1,1.0
IEDB_2122,Dengue virus 2 Jamaica/1409/1983 Antigen,Dengue virus 2 Jamaica/1409/1983,100,11.0,-19.97,1,1.0
IEDB_2121,Plasmodium falciparum Antigen,Plasmodium falciparum,100,11.0,44.64,1,1.0
IEDB_2120,Francisella tularensis subsp. tularensis FSC198 Antigen,Francisella tularensis subsp. tularensis FSC198,100,11.0,61.3,1,1.0
IEDB_2119,Lambdavirus lambda Antigen,Lambdavirus lambda,100,11.0,-2.2,1,1.0
IEDB_2118,Hepatitis B virus subtype adw2 Antigen,Hepatitis B virus subtype adw2,100,11.0,38.29,1,1.0
IEDB_2117,Japanese encephalitis virus Antigen,Japanese encephalitis virus,100,11.0,23.58,1,1.0
IEDB_2116,Trypanosoma cruzi Antigen,Trypanosoma cruzi,100,11.0,-16.47,1,1.0
IEDB_2115,Human respiratory syncytial virus A2 Antigen,Human respiratory syncytial virus A2,100,11.0,35.82,1,1.0
IEDB_2114,Hepatitis C virus subtype 1b Antigen,Hepatitis C virus subtype 1b,100,11.0,27.53,1,1.0
IEDB_2113,Orthopoxvirus vaccinia Antigen,Orthopoxvirus vaccinia,100,11.0,27.74,1,1.0
IEDB_2112,Mycobacterium tuberculosis H37Rv Antigen,Mycobacterium tuberculosis H37Rv,100,11.0,19.77,1,1.0
IEDB_2111,Mycobacterium tuberculosis H37Rv Antigen,Mycobacterium tuberculosis H37Rv,100,11.0,20.86,1,1.0
IEDB_2142,Influenza A virus (A/X-31(H3N2)) Antigen,Influenza A virus (A/X-31(H3N2)),100,11.0,68.92,1,1.0
IEDB_2141,Mycobacterium avium Antigen,Mycobacterium avium,100,11.0,72.66,1,1.0
IEDB_2140,nan Antigen,,100,11.0,-2.84,1,1.0
IEDB_2139,nan Antigen,,100,11.0,9.33,1,1.0
IEDB_2138,nan Antigen,,100,11.0,8.89,1,1.0
IEDB_2137,Listeria monocytogenes EGD-e Antigen,Listeria monocytogenes EGD-e,100,11.0,11.86,1,1.0
IEDB_2136,nan Antigen,,100,11.0,11.07,1,1.0
IEDB_2135,Mycobacterium tuberculosis Antigen,Mycobacterium tuberculosis,100,11.0,41.7,1,1.0
IEDB_2134,Mycobacterium tuberculosis Antigen,Mycobacterium tuberculosis,100,11.0,36.2,1,1.0
IEDB_2133,Enterobacteria phage fd Antigen,Enterobacteria phage fd,100,11.0,64.97,1,1.0
IEDB_2132,SARS coronavirus Tor2 Antigen,SARS coronavirus Tor2,100,11.0,0.51,1,1.0
IEDB_2131,SARS-CoV1 Antigen,SARS-CoV1,100,11.0,8.89,1,1.0
IEDB_2130,Influenza A virus (A/Puerto Rico/8/34/Mount Sinai(H1N1)) Antigen,Influenza A virus (A/Puerto Rico/8/34/Mount Sinai(H1N1)),100,11.0,22.17,1,1.0
IEDB_2129,Vaccinia virus Copenhagen Antigen,Vaccinia virus Copenhagen,100,11.0,28.26,1,1.0
IEDB_2128,Vaccinia virus WR Antigen,Vaccinia virus WR,100,11.0,30.29,1,1.0
IEDB_2127,Vaccinia virus WR Antigen,Vaccinia virus WR,100,11.0,32.83,1,1.0
IEDB_2159,Mycobacterium tuberculosis Antigen,Mycobacterium tuberculosis,100,11.0,47.96,1,1.0
IEDB_2158,Escherichia coli ETEC H10407 Antigen,Escherichia coli ETEC H10407,100,11.0,8.75,1,1.0
IEDB_2157,Escherichia coli Antigen,Escherichia coli,100,11.0,8.33,1,1.0
IEDB_2156,Plasmodium falciparum Antigen,Plasmodium falciparum,100,11.0,78.0,1,1.0
IEDB_2155,Influenza A virus (A/X-31(H3N2)) Antigen,Influenza A virus (A/X-31(H3N2)),100,11.0,35.01,1,1.0
IEDB_2154,hepatitis C virus genotype 1a Antigen,hepatitis C virus genotype 1a,100,11.0,54.7,1,1.0
IEDB_2152,Plasmodium falciparum Antigen,Plasmodium falciparum,100,11.0,0.51,1,1.0
IEDB_2151,Glycine max Antigen,Glycine max,100,11.0,6.31,1,1.0
IEDB_2150,Listeria monocytogenes EGD-e Antigen,Listeria monocytogenes EGD-e,100,11.0,2.09,1,1.0
IEDB_2149,Plasmodium falciparum CAMP/Malaysia Antigen,Plasmodium falciparum CAMP/Malaysia,100,11.0,162.48,1,1.0
IEDB_2148,Simian immunodeficiency virus - mac K6W Antigen,Simian immunodeficiency virus - mac K6W,100,11.0,32.44,1,1.0
IEDB_2147,Human parvovirus B19 Antigen,Human parvovirus B19,100,11.0,39.87,1,1.0
IEDB_2146,Human parvovirus B19 Antigen,Human parvovirus B19,100,11.0,7.14,1,1.0
IEDB_2145,nan Antigen,,100,11.0,-8.86,1,1.0
IEDB_2144,Zaire ebolavirus Antigen,Zaire ebolavirus,100,11.0,-8.92,1,1.0
IEDB_2143,Human betaherpesvirus 5 Antigen,Human betaherpesvirus 5,100,11.0,26.6,1,1.0
IEDB_2177,Cryptomeria japonica Antigen,Cryptomeria japonica,100,11.0,-11.41,1,1.0
IEDB_2176,Listeria monocytogenes Antigen,Listeria monocytogenes,100,11.0,-20.65,1,1.0
IEDB_2173,Phleum pratense Antigen,Phleum pratense,100,11.0,31.39,1,1.0
IEDB_2172,nan Antigen,,100,11.0,28.43,1,1.0
IEDB_2171,nan Antigen,,100,11.0,25.12,1,1.0
IEDB_2170,nan Antigen,,100,11.0,25.12,1,1.0
IEDB_2169,Foot-and-mouth disease virus Antigen,Foot-and-mouth disease virus,100,11.0,16.87,1,1.0
IEDB_2168,Borreliella burgdorferi Antigen,Borreliella burgdorferi,100,11.0,-23.09,1,1.0
IEDB_2167,Helicobacter pylori Antigen,Helicobacter pylori,100,11.0,-21.5,1,1.0
IEDB_2166,Borreliella burgdorferi Antigen,Borreliella burgdorferi,100,11.0,52.94,1,1.0
IEDB_2165,Mycobacterium bovis T/91/1378 Antigen,Mycobacterium bovis T/91/1378,100,11.0,18.12,1,1.0
IEDB_2164,Mycobacterium leprae Antigen,Mycobacterium leprae,100,11.0,18.67,1,1.0
IEDB_2163,Mycobacterium tuberculosis Antigen,Mycobacterium tuberculosis,100,11.0,31.49,1,1.0
IEDB_2162,Streptococcus pyogenes Antigen,Streptococcus pyogenes,100,11.0,22.84,1,1.0
IEDB_2161,Plasmodium falciparum Antigen,Plasmodium falciparum,100,11.0,106.38,1,1.0
IEDB_2160,Babesia bovis Mexico Mo7 Antigen,Babesia bovis Mexico Mo7,100,11.0,6.41,1,1.0
IEDB_2193,Listeria monocytogenes Antigen,Listeria monocytogenes,100,11.0,32.11,1,1.0
IEDB_2192,nan Antigen,,100,11.0,25.77,1,1.0
IEDB_2191,Hantaan virus 76-118 Antigen,Hantaan virus 76-118,100,11.0,21.9,1,1.0
IEDB_2190,Shigella flexneri Antigen,Shigella flexneri,100,11.0,-1.86,1,1.0
IEDB_2189,Streptococcus pyogenes Antigen,Streptococcus pyogenes,100,11.0,3.85,1,1.0
IEDB_2188,Trichophyton rubrum Antigen,Trichophyton rubrum,100,11.0,9.2,1,1.0
IEDB_2187,Bordetella pertussis Antigen,Bordetella pertussis,100,11.0,-3.56,1,1.0
IEDB_2186,SARS coronavirus Tor2 Antigen,SARS coronavirus Tor2,100,11.0,11.9,1,1.0
IEDB_2185,Helicobacter pylori 26695 Antigen,Helicobacter pylori 26695,100,11.0,-9.98,1,1.0
IEDB_2184,Canis lupus familiaris Antigen,Canis lupus familiaris,100,11.0,74.97,1,1.0
IEDB_2183,Escherichia coli K-12 Antigen,Escherichia coli K-12,100,11.0,26.14,1,1.0
IEDB_2182,nan Antigen,,100,11.0,4.78,1,1.0
IEDB_2181,nan Antigen,,100,11.0,-8.86,1,1.0
IEDB_2180,Yellow fever virus Antigen,Yellow fever virus,100,11.0,28.61,1,1.0
IEDB_2179,Mycobacterium tuberculosis H37Rv Antigen,Mycobacterium tuberculosis H37Rv,100,11.0,28.23,1,1.0
IEDB_2178,nan Antigen,,100,11.0,75.91,1,1.0
IEDB_2209,Streptococcus pyogenes serotype M5 Antigen,Streptococcus pyogenes serotype M5,100,11.0,29.61,1,1.0
IEDB_2208,Clostridium tetani Antigen,Clostridium tetani,100,11.0,62.23,1,1.0
IEDB_2207,Streptococcus pyogenes str. Manfredo Antigen,Streptococcus pyogenes str. Manfredo,100,11.0,56.74,1,1.0
IEDB_2206,Dengue virus 2 Jamaica/1409/1983 Antigen,Dengue virus 2 Jamaica/1409/1983,100,11.0,79.83,1,1.0
IEDB_2205,Orthopoxvirus vaccinia Antigen,Orthopoxvirus vaccinia,100,11.0,24.39,1,1.0
IEDB_2204,Plasmodium falciparum Antigen,Plasmodium falciparum,100,11.0,62.67,1,1.0
IEDB_2203,Hepatitis delta virus Antigen,Hepatitis delta virus,100,11.0,26.28,1,1.0
IEDB_2202,Streptococcus pyogenes Antigen,Streptococcus pyogenes,100,11.0,13.07,1,1.0
IEDB_2201,Lelystad virus Antigen,Lelystad virus,100,11.0,11.3,1,1.0
IEDB_2200,Vaccinia virus WR Antigen,Vaccinia virus WR,100,11.0,-7.98,1,1.0
IEDB_2199,nan Antigen,,100,11.0,53.9,1,1.0
IEDB_2198,Plasmodium falciparum CAMP/Malaysia Antigen,Plasmodium falciparum CAMP/Malaysia,100,11.0,-1.86,1,1.0
IEDB_2197,Streptococcus pyogenes Antigen,Streptococcus pyogenes,100,11.0,-1.24,1,1.0
IEDB_2196,Borreliella burgdorferi B31 Antigen,Borreliella burgdorferi B31,100,11.0,28.66,1,1.0
IEDB_2195,Borreliella burgdorferi B31 Antigen,Borreliella burgdorferi B31,100,11.0,44.45,1,1.0
IEDB_2194,Mycobacterium leprae Antigen,Mycobacterium leprae,100,11.0,87.72,1,1.0
IEDB_2226,Hepatitis C virus subtype 1b Antigen,Hepatitis C virus subtype 1b,100,11.0,80.62,1,1.0
IEDB_2225,Plasmodium falciparum CAMP/Malaysia Antigen,Plasmodium falciparum CAMP/Malaysia,100,11.0,-1.86,1,1.0
IEDB_2224,Hepatitis C virus (isolate 1) Antigen,Hepatitis C virus (isolate 1),100,11.0,54.47,1,1.0
IEDB_2223,Orthohepacivirus hominis Antigen,Orthohepacivirus hominis,100,11.0,85.64,1,1.0
IEDB_2222,SARS coronavirus Tor2 Antigen,SARS coronavirus Tor2,100,11.0,48.83,1,1.0
IEDB_2221,Feline calicivirus Antigen,Feline calicivirus,100,11.0,-9.98,1,1.0
IEDB_2219,Influenza A virus (A/Puerto Rico/8/1934(H1N1)) Antigen,Influenza A virus (A/Puerto Rico/8/1934(H1N1)),100,11.0,33.11,1,1.0
IEDB_2218,nan Antigen,,100,11.0,4.31,1,1.0
IEDB_2217,nan Antigen,,100,11.0,25.12,1,1.0
IEDB_2216,nan Antigen,,100,11.0,25.12,1,1.0
IEDB_2215,Human hepatitis A virus Hu/Australia/HM175/1976 Antigen,Human hepatitis A virus Hu/Australia/HM175/1976,100,11.0,61.4,1,1.0
IEDB_2214,Human respiratory syncytial virus A2 Antigen,Human respiratory syncytial virus A2,100,11.0,75.31,1,1.0
IEDB_2213,Shigella flexneri 2a Antigen,Shigella flexneri 2a,100,11.0,-1.86,1,1.0
IEDB_2212,Helicobacter pylori Antigen,Helicobacter pylori,100,11.0,26.24,1,1.0
IEDB_2211,Streptococcus pyogenes Antigen,Streptococcus pyogenes,100,11.0,7.73,1,1.0
IEDB_2210,Streptococcus pyogenes Antigen,Streptococcus pyogenes,100,11.0,28.67,1,1.0
IEDB_2242,dengue virus type 2 Antigen,dengue virus type 2,100,11.0,48.35,1,1.0
IEDB_2241,Dengue virus 2 Jamaica/1409/1983 Antigen,Dengue virus 2 Jamaica/1409/1983,100,11.0,35.23,1,1.0
IEDB_2240,Vaccinia virus WR Antigen,Vaccinia virus WR,100,11.0,75.62,1,1.0
IEDB_2239,Hepatitis C virus subtype 1b Antigen,Hepatitis C virus subtype 1b,100,11.0,8.33,1,1.0
IEDB_2238,nan Antigen,,100,11.0,8.89,1,1.0
IEDB_2237,HIV-1 M:B ARV2/SF2 Antigen,HIV-1 M:B ARV2/SF2,100,11.0,24.39,1,1.0
IEDB_2236,Homo sapiens Antigen,Homo sapiens,100,11.0,9.0,1,1.0
IEDB_2235,Dengue virus 2 Puerto Rico/PR159-S1/1969 Antigen,Dengue virus 2 Puerto Rico/PR159-S1/1969,100,11.0,66.51,1,1.0
IEDB_2234,nan Antigen,,100,11.0,43.91,1,1.0
IEDB_2233,Orthohepacivirus hominis Antigen,Orthohepacivirus hominis,100,11.0,-5.03,1,1.0
IEDB_2232,Dengue virus 2 Jamaica/1409/1983 Antigen,Dengue virus 2 Jamaica/1409/1983,100,11.0,-45.02,1,1.0
IEDB_2231,Human adenovirus 5 Antigen,Human adenovirus 5,100,11.0,29.35,1,1.0
IEDB_2230,Arachis hypogaea Antigen,Arachis hypogaea,100,11.0,10.64,1,1.0
IEDB_2229,Cryptomeria japonica Antigen,Cryptomeria japonica,100,11.0,-14.97,1,1.0
IEDB_2228,Simian immunodeficiency virus - mac K6W Antigen,Simian immunodeficiency virus - mac K6W,100,11.0,48.32,1,1.0
IEDB_2227,Influenza A virus (A/Puerto Rico/8/34/Mount Sinai(H1N1)) Antigen,Influenza A virus (A/Puerto Rico/8/34/Mount Sinai(H1N1)),100,11.0,33.44,1,1.0
IEDB_2259,Dengue virus 2 Jamaica/1409/1983 Antigen,Dengue virus 2 Jamaica/1409/1983,100,11.0,110.53,1,1.0
IEDB_2258,Dengue virus 2 Jamaica/1409/1983 Antigen,Dengue virus 2 Jamaica/1409/1983,100,11.0,111.93,1,1.0
IEDB_2256,Human parvovirus B19 Antigen,Human parvovirus B19,100,11.0,43.3,1,1.0
IEDB_2255,Streptococcus pyogenes Antigen,Streptococcus pyogenes,100,11.0,56.75,1,1.0
IEDB_2254,nan Antigen,,100,11.0,17.6,1,1.0
IEDB_2253,Olea europaea Antigen,Olea europaea,100,11.0,-14.82,1,1.0
IEDB_2252,Leishmania major Antigen,Leishmania major,100,11.0,45.59,1,1.0
IEDB_2251,Mycobacterium leprae Antigen,Mycobacterium leprae,100,11.0,-17.74,1,1.0
IEDB_2250,Mycobacterium leprae Antigen,Mycobacterium leprae,100,11.0,-42.77,1,1.0
IEDB_2249,Human betaherpesvirus 5 Antigen,Human betaherpesvirus 5,100,11.0,41.93,1,1.0
IEDB_2248,Human betaherpesvirus 5 Antigen,Human betaherpesvirus 5,100,11.0,50.01,1,1.0
IEDB_2247,Macaca mulatta cytomegalovirus Antigen,Macaca mulatta cytomegalovirus,100,11.0,51.17,1,1.0
IEDB_2246,Listeria monocytogenes EGD-e Antigen,Listeria monocytogenes EGD-e,100,11.0,51.01,1,1.0
IEDB_2245,Glycine max Antigen,Glycine max,100,11.0,5.47,1,1.0
IEDB_2244,Influenza A virus (A/Puerto Rico/8/1934(H1N1)) Antigen,Influenza A virus (A/Puerto Rico/8/1934(H1N1)),100,11.0,38.35,1,1.0
IEDB_2243,Human immunodeficiency virus 1 Antigen,Human immunodeficiency virus 1,100,11.0,7.96,1,1.0
IEDB_2275,Arachis hypogaea Antigen,Arachis hypogaea,100,11.0,72.2,1,1.0
IEDB_2274,Duck hepatitis B virus Antigen,Duck hepatitis B virus,100,11.0,80.35,1,1.0
IEDB_2273,hepatitis C virus genotype 1a Antigen,hepatitis C virus genotype 1a,100,11.0,14.09,1,1.0
IEDB_2272,Coxsackievirus B4 (strain JVB / Benschoten / New York/51) Antigen,Coxsackievirus B4 (strain JVB / Benschoten / New York/51),100,11.0,10.64,1,1.0
IEDB_2271,nan Antigen,,100,11.0,26.53,1,1.0
IEDB_2270,Helicobacter pylori Antigen,Helicobacter pylori,100,11.0,5.69,1,1.0
IEDB_2269,Homo sapiens Antigen,Homo sapiens,100,11.0,32.59,1,1.0
IEDB_2268,nan Antigen,,100,11.0,36.73,1,1.0
IEDB_2267,Human herpesvirus 5 strain Towne Antigen,Human herpesvirus 5 strain Towne,100,11.0,50.47,1,1.0
IEDB_2266,Dengue virus 2 Jamaica/1409/1983 Antigen,Dengue virus 2 Jamaica/1409/1983,100,11.0,83.23,1,1.0
IEDB_2265,Human alphaherpesvirus 1 Antigen,Human alphaherpesvirus 1,100,11.0,140.01,1,1.0
IEDB_2264,Mus musculus Antigen,Mus musculus,100,11.0,36.17,1,1.0
IEDB_2263,Human herpesvirus 5 strain AD169 Antigen,Human herpesvirus 5 strain AD169,100,11.0,53.67,1,1.0
IEDB_2262,Vaccinia virus WR Antigen,Vaccinia virus WR,100,11.0,47.41,1,1.0
IEDB_2261,Schistosoma japonicum Antigen,Schistosoma japonicum,100,11.0,37.39,1,1.0
IEDB_2260,Schistosoma japonicum Antigen,Schistosoma japonicum,100,11.0,39.34,1,1.0
IEDB_2291,Mycobacterium leprae Antigen,Mycobacterium leprae,100,11.0,75.04,1,1.0
IEDB_2290,Mycobacterium tuberculosis Antigen,Mycobacterium tuberculosis,100,11.0,79.38,1,1.0
IEDB_2289,Mycobacterium leprae Antigen,Mycobacterium leprae,100,11.0,84.34,1,1.0
IEDB_2288,Mycobacterium leprae Antigen,Mycobacterium leprae,100,11.0,90.05,1,1.0
IEDB_2287,Mycobacterium leprae Antigen,Mycobacterium leprae,100,11.0,103.8,1,1.0
IEDB_2286,Mycobacterium leprae Antigen,Mycobacterium leprae,100,11.0,60.25,1,1.0
IEDB_2285,Mycobacterium leprae Antigen,Mycobacterium leprae,100,11.0,65.28,1,1.0
IEDB_2284,Mycobacterium leprae Antigen,Mycobacterium leprae,100,11.0,71.42,1,1.0
IEDB_2283,Mycobacterium leprae Antigen,Mycobacterium leprae,100,11.0,38.35,1,1.0
IEDB_2282,Plasmodium falciparum CAMP/Malaysia Antigen,Plasmodium falciparum CAMP/Malaysia,100,11.0,32.83,1,1.0
IEDB_2281,Mycobacterium leprae Antigen,Mycobacterium leprae,100,11.0,27.46,1,1.0
IEDB_2280,Plasmodium falciparum CAMP/Malaysia Antigen,Plasmodium falciparum CAMP/Malaysia,100,11.0,17.12,1,1.0
IEDB_2279,Influenza A virus (A/Puerto Rico/8/1934(H1N1)) Antigen,Influenza A virus (A/Puerto Rico/8/1934(H1N1)),100,11.0,8.75,1,1.0
IEDB_2278,Orthohepacivirus hominis Antigen,Orthohepacivirus hominis,100,11.0,48.1,1,1.0
IEDB_2277,Holcus lanatus Antigen,Holcus lanatus,100,11.0,-7.89,1,1.0
IEDB_2276,Lolium perenne Antigen,Lolium perenne,100,11.0,-24.36,1,1.0
IEDB_2307,Mycobacterium tuberculosis Antigen,Mycobacterium tuberculosis,100,11.0,47.68,1,1.0
IEDB_2306,Plasmodium vivax Antigen,Plasmodium vivax,100,11.0,10.95,1,1.0
IEDB_2305,Orthohepacivirus hominis Antigen,Orthohepacivirus hominis,100,11.0,-2.15,1,1.0
IEDB_2304,Orthohepacivirus hominis Antigen,Orthohepacivirus hominis,100,11.0,-6.35,1,1.0
IEDB_2303,Hepatitis C virus (isolate H) Antigen,Hepatitis C virus (isolate H),100,11.0,0.51,1,1.0
IEDB_2302,Hepatitis C virus isolate HC-J4 Antigen,Hepatitis C virus isolate HC-J4,100,11.0,-7.98,1,1.0
IEDB_2301,Mycobacterium leprae TN Antigen,Mycobacterium leprae TN,100,11.0,7.59,1,1.0
IEDB_2300,Vibrio cholerae 569B Antigen,Vibrio cholerae 569B,100,11.0,-19.97,1,1.0
IEDB_2299,Mycobacterium tuberculosis str. Erdman = ATCC 35801 Antigen,Mycobacterium tuberculosis str. Erdman = ATCC 35801,100,11.0,-4.58,1,1.0
IEDB_2298,Staphylococcus aureus subsp. aureus MRSA252 Antigen,Staphylococcus aureus subsp. aureus MRSA252,100,11.0,11.42,1,1.0
IEDB_2297,Caprine arthritis encephalitis virus G63 Antigen,Caprine arthritis encephalitis virus G63,100,11.0,73.49,1,1.0
IEDB_2296,Human respiratory syncytial virus A2 Antigen,Human respiratory syncytial virus A2,100,11.0,-12.19,1,1.0
IEDB_2295,Plasmodium falciparum CAMP/Malaysia Antigen,Plasmodium falciparum CAMP/Malaysia,100,11.0,53.06,1,1.0
IEDB_2294,Mycobacterium leprae Antigen,Mycobacterium leprae,100,11.0,60.31,1,1.0
IEDB_2293,Mycobacterium leprae Antigen,Mycobacterium leprae,100,11.0,63.1,1,1.0
IEDB_2292,Mycobacterium leprae Antigen,Mycobacterium leprae,100,11.0,66.22,1,1.0
IEDB_2323,nan Antigen,,100,11.0,42.55,1,1.0
IEDB_2322,nan Antigen,,100,11.0,44.95,1,1.0
IEDB_2321,nan Antigen,,100,11.0,44.95,1,1.0
IEDB_2320,nan Antigen,,100,11.0,32.42,1,1.0
IEDB_2319,nan Antigen,,100,11.0,37.88,1,1.0
IEDB_2318,nan Antigen,,100,11.0,44.95,1,1.0
IEDB_2317,nan Antigen,,100,11.0,44.95,1,1.0
IEDB_2316,nan Antigen,,100,11.0,37.88,1,1.0
IEDB_2315,Human alphaherpesvirus 2 Antigen,Human alphaherpesvirus 2,100,11.0,50.94,1,1.0
IEDB_2314,nan Antigen,,100,11.0,25.12,1,1.0
IEDB_2313,nan Antigen,,100,11.0,37.88,1,1.0
IEDB_2312,nan Antigen,,100,11.0,35.0,1,1.0
IEDB_2311,Measles virus strain Edmonston Antigen,Measles virus strain Edmonston,100,11.0,13.67,1,1.0
IEDB_2310,Plasmodium falciparum CAMP/Malaysia Antigen,Plasmodium falciparum CAMP/Malaysia,100,11.0,-23.09,1,1.0
IEDB_2309,Treponema pallidum subsp. pallidum str. Nichols Antigen,Treponema pallidum subsp. pallidum str. Nichols,100,11.0,3.42,1,1.0
IEDB_2308,Mycobacterium tuberculosis variant bovis BCG Antigen,Mycobacterium tuberculosis variant bovis BCG,100,11.0,40.74,1,1.0
IEDB_2339,Hepatitis B virus subtype adw2 Antigen,Hepatitis B virus subtype adw2,100,11.0,20.93,1,1.0
IEDB_2338,Plasmodium falciparum CAMP/Malaysia Antigen,Plasmodium falciparum CAMP/Malaysia,100,11.0,8.75,1,1.0
IEDB_2337,Bos taurus Antigen,Bos taurus,100,11.0,19.03,1,1.0
IEDB_2336,nan Antigen,,100,11.0,11.86,1,1.0
IEDB_2335,nan Antigen,,100,11.0,37.88,1,1.0
IEDB_2334,nan Antigen,,100,11.0,37.88,1,1.0
IEDB_2333,nan Antigen,,100,11.0,37.88,1,1.0
IEDB_2332,Vespula vulgaris Antigen,Vespula vulgaris,100,11.0,60.24,1,1.0
IEDB_2331,nan Antigen,,100,11.0,37.88,1,1.0
IEDB_2330,nan Antigen,,100,11.0,30.8,1,1.0
IEDB_2329,Helicobacter pylori 26695 Antigen,Helicobacter pylori 26695,100,11.0,97.73,1,1.0
IEDB_2328,nan Antigen,,100,11.0,53.93,1,1.0
IEDB_2327,nan Antigen,,100,11.0,30.8,1,1.0
IEDB_2326,nan Antigen,,100,11.0,53.93,1,1.0
IEDB_2325,Lolium perenne Antigen,Lolium perenne,100,11.0,37.88,1,1.0
IEDB_2324,nan Antigen,,100,11.0,37.88,1,1.0
IEDB_2355,Hepatitis C virus (isolate Taiwan) Antigen,Hepatitis C virus (isolate Taiwan),100,11.0,30.29,1,1.0
IEDB_2354,Hepatitis C virus genotype 3 Antigen,Hepatitis C virus genotype 3,100,11.0,64.31,1,1.0
IEDB_2353,Mycobacterium tuberculosis Antigen,Mycobacterium tuberculosis,100,11.0,0.51,1,1.0
IEDB_2352,Influenza A virus (A/Puerto Rico/8/34/Mount Sinai(H1N1)) Antigen,Influenza A virus (A/Puerto Rico/8/34/Mount Sinai(H1N1)),100,11.0,-9.44,1,1.0
IEDB_2351,nan Antigen,,100,11.0,9.23,1,1.0
IEDB_2350,nan Antigen,,100,11.0,8.89,1,1.0
IEDB_2349,nan Antigen,,100,11.0,9.23,1,1.0
IEDB_2348,nan Antigen,,100,11.0,9.0,1,1.0
IEDB_2347,nan Antigen,,100,11.0,9.23,1,1.0
IEDB_2346,nan Antigen,,100,11.0,9.23,1,1.0
IEDB_2345,nan Antigen,,100,11.0,-2.33,1,1.0
IEDB_2344,nan Antigen,,100,11.0,9.23,1,1.0
IEDB_2343,nan Antigen,,100,11.0,5.61,1,1.0
IEDB_2342,Shigella flexneri Antigen,Shigella flexneri,100,11.0,24.18,1,1.0
IEDB_2341,Trypanosoma cruzi Antigen,Trypanosoma cruzi,100,11.0,-10.04,1,1.0
IEDB_2340,Hepatitis B virus Antigen,Hepatitis B virus,100,11.0,4.32,1,1.0
IEDB_2371,Homo sapiens Antigen,Homo sapiens,100,11.0,-2.37,1,1.0
IEDB_2370,Homo sapiens Antigen,Homo sapiens,100,11.0,5.69,1,1.0
IEDB_2369,hepatitis C virus genotype 1a Antigen,hepatitis C virus genotype 1a,100,11.0,68.19,1,1.0
IEDB_2368,Orthohepacivirus hominis Antigen,Orthohepacivirus hominis,100,11.0,37.05,1,1.0
IEDB_2367,Hepatitis C virus subtype 1b Antigen,Hepatitis C virus subtype 1b,100,11.0,31.86,1,1.0
IEDB_2366,Vaccinia virus WR Antigen,Vaccinia virus WR,100,11.0,64.66,1,1.0
IEDB_2365,Simian immunodeficiency virus (MM142-83 ISOLATE) Antigen,Simian immunodeficiency virus (MM142-83 ISOLATE),100,11.0,-8.92,1,1.0
IEDB_2364,nan Antigen,,100,11.0,29.05,1,1.0
IEDB_2363,Mycobacterium tuberculosis Antigen,Mycobacterium tuberculosis,100,11.0,-2.75,1,1.0
IEDB_2362,Mycobacterium tuberculosis Antigen,Mycobacterium tuberculosis,100,11.0,-15.23,1,1.0
IEDB_2361,Mycobacterium tuberculosis Antigen,Mycobacterium tuberculosis,100,11.0,-22.61,1,1.0
IEDB_2360,nan Antigen,,100,11.0,-0.54,1,1.0
IEDB_2359,Orthopoxvirus vaccinia Antigen,Orthopoxvirus vaccinia,100,11.0,103.8,1,1.0
IEDB_2358,Orthopoxvirus vaccinia Antigen,Orthopoxvirus vaccinia,100,11.0,100.51,1,1.0
IEDB_2357,nan Antigen,,100,11.0,57.71,1,1.0
IEDB_2356,hepatitis C virus genotype 1a Antigen,hepatitis C virus genotype 1a,100,11.0,5.83,1,1.0
IEDB_2387,nan Antigen,,100,11.0,8.89,1,1.0
IEDB_2386,nan Antigen,,100,11.0,8.89,1,1.0
IEDB_2385,nan Antigen,,100,11.0,8.89,1,1.0
IEDB_2384,nan Antigen,,100,11.0,8.89,1,1.0
IEDB_2383,nan Antigen,,100,11.0,8.89,1,1.0
IEDB_2382,nan Antigen,,100,11.0,57.71,1,1.0
IEDB_2381,nan Antigen,,100,11.0,9.0,1,1.0
IEDB_2380,nan Antigen,,100,11.0,8.89,1,1.0
IEDB_2379,Human herpesvirus 4 strain B95-8 Antigen,Human herpesvirus 4 strain B95-8,100,11.0,18.71,1,1.0
IEDB_2378,Influenza A virus (A/Vietnam/1194/2004(H5N1)) Antigen,Influenza A virus (A/Vietnam/1194/2004(H5N1)),100,11.0,8.89,1,1.0
IEDB_2377,Orthohepacivirus hominis Antigen,Orthohepacivirus hominis,100,11.0,-12.07,1,1.0
IEDB_2376,Hepatitis C virus subtype 1b Antigen,Hepatitis C virus subtype 1b,100,11.0,-12.07,1,1.0
IEDB_2375,Human alphaherpesvirus 2 Antigen,Human alphaherpesvirus 2,100,11.0,11.9,1,1.0
IEDB_2374,Helicobacter pylori 26695 Antigen,Helicobacter pylori 26695,100,11.0,-12.94,1,1.0
IEDB_2373,Helicobacter pylori 26695 Antigen,Helicobacter pylori 26695,100,11.0,-8.92,1,1.0
IEDB_2372,Measles virus strain Edmonston Antigen,Measles virus strain Edmonston,100,11.0,12.23,1,1.0
IEDB_2403,nan Antigen,,100,11.0,51.69,1,1.0
IEDB_2402,nan Antigen,,100,11.0,8.89,1,1.0
IEDB_2401,nan Antigen,,100,11.0,8.89,1,1.0
IEDB_2400,nan Antigen,,100,11.0,8.89,1,1.0
IEDB_2399,nan Antigen,,100,11.0,51.69,1,1.0
IEDB_2398,nan Antigen,,100,11.0,8.89,1,1.0
IEDB_2397,nan Antigen,,100,11.0,8.89,1,1.0
IEDB_2396,nan Antigen,,100,11.0,8.89,1,1.0
IEDB_2395,nan Antigen,,100,11.0,8.89,1,1.0
IEDB_2394,nan Antigen,,100,11.0,8.89,1,1.0
IEDB_2393,nan Antigen,,100,11.0,8.89,1,1.0
IEDB_2392,nan Antigen,,100,11.0,8.89,1,1.0
IEDB_2391,nan Antigen,,100,11.0,8.89,1,1.0
IEDB_2390,nan Antigen,,100,11.0,8.89,1,1.0
IEDB_2389,nan Antigen,,100,11.0,30.29,1,1.0
IEDB_2388,nan Antigen,,100,11.0,8.89,1,1.0
IEDB_2419,Human herpesvirus 5 strain AD169 Antigen,Human herpesvirus 5 strain AD169,100,11.0,8.89,1,1.0
IEDB_2418,Vaccinia virus WR Antigen,Vaccinia virus WR,100,11.0,3.04,1,1.0
IEDB_2417,Homo sapiens Antigen,Homo sapiens,100,11.0,131.48,1,1.0
IEDB_2416,nan Antigen,,100,11.0,35.2,1,1.0
IEDB_2415,Vaccinia virus WR Antigen,Vaccinia virus WR,100,11.0,30.29,1,1.0
IEDB_2414,nan Antigen,,100,11.0,8.89,1,1.0
IEDB_2413,nan Antigen,,100,11.0,-0.54,1,1.0
IEDB_2412,nan Antigen,,100,11.0,-9.98,1,1.0
IEDB_2411,Mycobacterium tuberculosis H37Rv Antigen,Mycobacterium tuberculosis H37Rv,100,11.0,4.31,1,1.0
IEDB_2410,nan Antigen,,100,11.0,8.89,1,1.0
IEDB_2409,nan Antigen,,100,11.0,35.2,1,1.0
IEDB_2408,nan Antigen,,100,11.0,8.89,1,1.0
IEDB_2407,nan Antigen,,100,11.0,51.69,1,1.0
IEDB_2406,nan Antigen,,100,11.0,8.89,1,1.0
IEDB_2405,nan Antigen,,100,11.0,-0.54,1,1.0
IEDB_2404,nan Antigen,,100,11.0,35.2,1,1.0
IEDB_2436,Orthopoxvirus vaccinia Antigen,Orthopoxvirus vaccinia,100,11.0,9.0,1,1.0
IEDB_2435,Pseudomonas aeruginosa Antigen,Pseudomonas aeruginosa,100,11.0,8.89,1,1.0
IEDB_2434,Influenza A virus Antigen,Influenza A virus,100,11.0,81.33,1,1.0
IEDB_2433,Dermatophagoides pteronyssinus Antigen,Dermatophagoides pteronyssinus,100,11.0,0.54,1,1.0
IEDB_2432,Simian immunodeficiency virus Antigen,Simian immunodeficiency virus,100,11.0,71.61,1,1.0
IEDB_2431,Simian immunodeficiency virus Antigen,Simian immunodeficiency virus,100,11.0,91.29,1,1.0
IEDB_2430,Homo sapiens Antigen,Homo sapiens,100,11.0,42.26,1,1.0
IEDB_2429,nan Antigen,,100,11.0,98.12,1,1.0
IEDB_2428,nan Antigen,,100,11.0,51.69,1,1.0
IEDB_2427,Duck hepatitis B virus Antigen,Duck hepatitis B virus,100,11.0,37.56,1,1.0
IEDB_2426,Influenza A virus (A/Ann Arbor/6/1960(H2N2)) Antigen,Influenza A virus (A/Ann Arbor/6/1960(H2N2)),100,11.0,48.28,1,1.0
IEDB_2425,Mycobacterium avium subsp. paratuberculosis Antigen,Mycobacterium avium subsp. paratuberculosis,100,11.0,54.03,1,1.0
IEDB_2423,Mycobacterium tuberculosis Antigen,Mycobacterium tuberculosis,100,11.0,9.42,1,1.0
IEDB_2422,SARS coronavirus BJ01 Antigen,SARS coronavirus BJ01,100,11.0,6.88,1,1.0
IEDB_2421,SARS-CoV1 Antigen,SARS-CoV1,100,11.0,1.46,1,1.0
IEDB_2420,SARS-CoV1 Antigen,SARS-CoV1,100,11.0,0.51,1,1.0
IEDB_2452,SARS coronavirus Tor2 Antigen,SARS coronavirus Tor2,100,11.0,85.13,1,1.0
IEDB_2451,Homo sapiens Antigen,Homo sapiens,100,11.0,55.91,1,1.0
IEDB_2450,Homo sapiens Antigen,Homo sapiens,100,11.0,61.01,1,1.0
IEDB_2449,nan Antigen,,100,11.0,51.69,1,1.0
IEDB_2448,Treponema pallidum subsp. pallidum str. Nichols Antigen,Treponema pallidum subsp. pallidum str. Nichols,100,11.0,19.77,1,1.0
IEDB_2447,Treponema pallidum subsp. pallidum str. Nichols Antigen,Treponema pallidum subsp. pallidum str. Nichols,100,11.0,32.83,1,1.0
IEDB_2446,Vaccinia virus WR Antigen,Vaccinia virus WR,100,11.0,11.42,1,1.0
IEDB_2445,Pneumonia virus of mice J3666 Antigen,Pneumonia virus of mice J3666,100,11.0,45.65,1,1.0
IEDB_2444,SARS coronavirus Tor2 Antigen,SARS coronavirus Tor2,100,11.0,-0.54,1,1.0
IEDB_2443,SARS coronavirus Tor2 Antigen,SARS coronavirus Tor2,100,11.0,22.6,1,1.0
IEDB_2442,Chlamydia pneumoniae Antigen,Chlamydia pneumoniae,100,11.0,-28.84,1,1.0
IEDB_2441,nan Antigen,,100,11.0,8.89,1,1.0
IEDB_2440,Orthopoxvirus vaccinia Antigen,Orthopoxvirus vaccinia,100,11.0,0.51,1,1.0
IEDB_2439,Vaccinia virus WR Antigen,Vaccinia virus WR,100,11.0,71.42,1,1.0
IEDB_2438,Plasmodium yoelii Antigen,Plasmodium yoelii,100,11.0,8.89,1,1.0
IEDB_2437,nan Antigen,,100,11.0,8.89,1,1.0
IEDB_2468,nan Antigen,,100,11.0,33.44,1,1.0
IEDB_2467,Bacillus licheniformis Antigen,Bacillus licheniformis,100,11.0,23.69,1,1.0
IEDB_2466,Dengue virus 2 Jamaica/1409/1983 Antigen,Dengue virus 2 Jamaica/1409/1983,100,11.0,1.46,1,1.0
IEDB_2465,Coxsackievirus B3 Antigen,Coxsackievirus B3,100,11.0,0.51,1,1.0
IEDB_2464,Human herpesvirus 4 strain B95-8 Antigen,Human herpesvirus 4 strain B95-8,100,11.0,46.58,1,1.0
IEDB_2463,Homo sapiens Antigen,Homo sapiens,100,11.0,45.11,1,1.0
IEDB_2462,Human betaherpesvirus 5 Antigen,Human betaherpesvirus 5,100,11.0,58.27,1,1.0
IEDB_2461,Orthopoxvirus vaccinia Antigen,Orthopoxvirus vaccinia,100,11.0,8.89,1,1.0
IEDB_2460,SARS-CoV1 Antigen,SARS-CoV1,100,11.0,21.34,1,1.0
IEDB_2459,Vaccinia virus WR Antigen,Vaccinia virus WR,100,11.0,13.17,1,1.0
IEDB_2458,Homo sapiens Antigen,Homo sapiens,100,11.0,26.16,1,1.0
IEDB_2457,Vaccinia virus WR Antigen,Vaccinia virus WR,100,11.0,6.31,1,1.0
IEDB_2456,Orthopoxvirus vaccinia Antigen,Orthopoxvirus vaccinia,100,11.0,-0.54,1,1.0
IEDB_2455,Hepatitis C virus subtype 1b Antigen,Hepatitis C virus subtype 1b,100,11.0,54.54,1,1.0
IEDB_2454,hepatitis C virus genotype 1a Antigen,hepatitis C virus genotype 1a,100,11.0,73.69,1,1.0
IEDB_2453,SARS coronavirus Tor2 Antigen,SARS coronavirus Tor2,100,11.0,41.6,1,1.0
IEDB_2484,Canis lupus familiaris Antigen,Canis lupus familiaris,100,11.0,18.72,1,1.0
IEDB_2483,Plasmodium falciparum CAMP/Malaysia Antigen,Plasmodium falciparum CAMP/Malaysia,100,11.0,32.83,1,1.0
IEDB_2482,Human herpesvirus 3 strain Dumas Antigen,Human herpesvirus 3 strain Dumas,100,11.0,62.76,1,1.0
IEDB_2481,Streptococcus pyogenes Antigen,Streptococcus pyogenes,100,11.0,16.11,1,1.0
IEDB_2480,Homo sapiens Antigen,Homo sapiens,100,11.0,-0.54,1,1.0
IEDB_2479,Mycobacterium tuberculosis Antigen,Mycobacterium tuberculosis,100,11.0,9.0,1,1.0
IEDB_2478,Homo sapiens Antigen,Homo sapiens,100,11.0,-16.19,1,1.0
IEDB_2477,SARS coronavirus Tor2 Antigen,SARS coronavirus Tor2,100,11.0,11.9,1,1.0
IEDB_2476,Helicobacter pylori 26695 Antigen,Helicobacter pylori 26695,100,11.0,16.33,1,1.0
IEDB_2475,Chlamydia psittaci Antigen,Chlamydia psittaci,100,11.0,19.56,1,1.0
IEDB_2474,Human alphaherpesvirus 1 strain 17 Antigen,Human alphaherpesvirus 1 strain 17,100,11.0,7.16,1,1.0
IEDB_2473,hepatitis C virus genotype 1a Antigen,hepatitis C virus genotype 1a,100,11.0,42.11,1,1.0
IEDB_2472,Orthopoxvirus vaccinia Antigen,Orthopoxvirus vaccinia,100,11.0,-23.01,1,1.0
IEDB_2471,Human herpesvirus 5 strain AD169 Antigen,Human herpesvirus 5 strain AD169,100,11.0,21.91,1,1.0
IEDB_2470,Human herpesvirus 5 strain AD169 Antigen,Human herpesvirus 5 strain AD169,100,11.0,8.89,1,1.0
IEDB_2469,Human betaherpesvirus 5 Antigen,Human betaherpesvirus 5,100,11.0,8.89,1,1.0
IEDB_2500,Influenza A virus (A/Switzerland/9715293/2013(H3N2)) Antigen,Influenza A virus (A/Switzerland/9715293/2013(H3N2)),100,11.0,24.96,1,1.0
IEDB_2499,Hepatitis delta virus TW2667 Antigen,Hepatitis delta virus TW2667,100,11.0,97.69,1,1.0
IEDB_2498,Hepatitis delta virus Antigen,Hepatitis delta virus,100,11.0,102.13,1,1.0
IEDB_2497,Physeter macrocephalus Antigen,Physeter macrocephalus,100,11.0,4.73,1,1.0
IEDB_2496,Physeter macrocephalus Antigen,Physeter macrocephalus,100,11.0,-0.02,1,1.0
IEDB_2495,Streptococcus pyogenes serotype M5 Antigen,Streptococcus pyogenes serotype M5,100,11.0,25.77,1,1.0
IEDB_2494,Bos taurus Antigen,Bos taurus,100,11.0,61.1,1,1.0
IEDB_2493,nan Antigen,,100,11.0,8.89,1,1.0
IEDB_2492,Orthopoxvirus vaccinia Antigen,Orthopoxvirus vaccinia,100,11.0,59.86,1,1.0
IEDB_2491,Streptococcus pyogenes Antigen,Streptococcus pyogenes,100,11.0,-3.9,1,1.0
IEDB_2490,Shigella flexneri Antigen,Shigella flexneri,100,11.0,38.89,1,1.0
IEDB_2489,Orthopoxvirus vaccinia Antigen,Orthopoxvirus vaccinia,100,11.0,74.2,1,1.0
IEDB_2488,Shigella flexneri 2a Antigen,Shigella flexneri 2a,100,11.0,155.08,1,1.0
IEDB_2487,Streptococcus pyogenes str. Manfredo Antigen,Streptococcus pyogenes str. Manfredo,100,11.0,29.15,1,1.0
IEDB_2486,Mycobacterium tuberculosis Antigen,Mycobacterium tuberculosis,100,11.0,64.21,1,1.0
IEDB_2485,Mycobacterium tuberculosis variant bovis AF2122/97 Antigen,Mycobacterium tuberculosis variant bovis AF2122/97,100,11.0,71.03,1,1.0
IEDB_2516,Plasmodium falciparum Antigen,Plasmodium falciparum,100,11.0,35.2,1,1.0
IEDB_2515,Human betaherpesvirus 5 Antigen,Human betaherpesvirus 5,100,11.0,21.34,1,1.0
IEDB_2514,Human herpesvirus 5 strain AD169 Antigen,Human herpesvirus 5 strain AD169,100,11.0,22.6,1,1.0
IEDB_2513,Mammarenavirus choriomeningitidis Antigen,Mammarenavirus choriomeningitidis,100,11.0,24.18,1,1.0
IEDB_2512,Brucella melitensis Antigen,Brucella melitensis,100,11.0,44.0,1,1.0
IEDB_2511,Human herpesvirus 5 strain AD169 Antigen,Human herpesvirus 5 strain AD169,100,11.0,35.62,1,1.0
IEDB_2510,Homo sapiens Antigen,Homo sapiens,100,11.0,9.09,1,1.0
IEDB_2509,Vaccinia virus WR Antigen,Vaccinia virus WR,100,11.0,20.86,1,1.0
IEDB_2508,Vaccinia virus WR Antigen,Vaccinia virus WR,100,11.0,89.34,1,1.0
IEDB_2507,nan Antigen,,100,11.0,49.13,1,1.0
IEDB_2506,Hepatitis B virus Antigen,Hepatitis B virus,100,11.0,78.8,1,1.0
IEDB_2505,Plasmodium falciparum 3D7 Antigen,Plasmodium falciparum 3D7,100,11.0,0.51,1,1.0
IEDB_2504,Plasmodium falciparum 3D7 Antigen,Plasmodium falciparum 3D7,100,11.0,-0.54,1,1.0
IEDB_2503,Vaccinia virus WR Antigen,Vaccinia virus WR,100,11.0,39.19,1,1.0
IEDB_2502,Vaccinia virus WR Antigen,Vaccinia virus WR,100,11.0,39.98,1,1.0
IEDB_2501,Pseudomonas aeruginosa Antigen,Pseudomonas aeruginosa,100,11.0,13.59,1,1.0
IEDB_2532,Vaccinia virus WR Antigen,Vaccinia virus WR,100,11.0,111.44,1,1.0
IEDB_2531,Human herpesvirus 5 strain AD169 Antigen,Human herpesvirus 5 strain AD169,100,11.0,57.71,1,1.0
IEDB_2530,Simian immunodeficiency virus (F236/SMH4 ISOLATE) (SOOTY MANGABEY) Antigen,Simian immunodeficiency virus (F236/SMH4 ISOLATE) (SOOTY MANGABEY),100,11.0,45.73,1,1.0
IEDB_2529,Human gammaherpesvirus 8 Antigen,Human gammaherpesvirus 8,100,11.0,30.29,1,1.0
IEDB_2528,Orthopoxvirus vaccinia Antigen,Orthopoxvirus vaccinia,100,11.0,61.59,1,1.0
IEDB_2527,Orthopoxvirus vaccinia Antigen,Orthopoxvirus vaccinia,100,11.0,67.32,1,1.0
IEDB_2526,Apium graveolens Antigen,Apium graveolens,100,11.0,-2.33,1,1.0
IEDB_2525,Glycine max Antigen,Glycine max,100,11.0,16.0,1,1.0
IEDB_2524,Daucus carota Antigen,Daucus carota,100,11.0,31.47,1,1.0
IEDB_2523,nan Antigen,,100,11.0,-7.81,1,1.0
IEDB_2522,"Marburg virus - Musoke, Kenya, 1980 Antigen","Marburg virus - Musoke, Kenya, 1980",100,11.0,74.59,1,1.0
IEDB_2521,nan Antigen,,100,11.0,26.19,1,1.0
IEDB_2520,Mycobacterium tuberculosis Antigen,Mycobacterium tuberculosis,100,11.0,35.2,1,1.0
IEDB_2519,Orthopoxvirus vaccinia Antigen,Orthopoxvirus vaccinia,100,11.0,22.05,1,1.0
IEDB_2518,Orthopoxvirus vaccinia Antigen,Orthopoxvirus vaccinia,100,11.0,23.39,1,1.0
IEDB_2517,Homo sapiens Antigen,Homo sapiens,100,11.0,-0.54,1,1.0
IEDB_2548,Streptococcus pyogenes Antigen,Streptococcus pyogenes,100,11.0,3.17,1,1.0
IEDB_2547,Human parvovirus B19 Antigen,Human parvovirus B19,100,11.0,65.95,1,1.0
IEDB_2546,SARS coronavirus Tor2 Antigen,SARS coronavirus Tor2,100,11.0,19.4,1,1.0
IEDB_2545,Mycobacterium tuberculosis Antigen,Mycobacterium tuberculosis,100,11.0,17.44,1,1.0
IEDB_2544,Vaccinia virus WR Antigen,Vaccinia virus WR,100,11.0,43.31,1,1.0
IEDB_2543,Mycobacterium tuberculosis H37Rv Antigen,Mycobacterium tuberculosis H37Rv,100,11.0,-24.75,1,1.0
IEDB_2542,Human herpesvirus 3 strain Dumas Antigen,Human herpesvirus 3 strain Dumas,100,11.0,131.72,1,1.0
IEDB_2541,Orthopoxvirus vaccinia Antigen,Orthopoxvirus vaccinia,100,11.0,51.69,1,1.0
IEDB_2540,Mycobacterium tuberculosis variant bovis Antigen,Mycobacterium tuberculosis variant bovis,100,11.0,47.95,1,1.0
IEDB_2539,Mycobacterium leprae Antigen,Mycobacterium leprae,100,11.0,19.71,1,1.0
IEDB_2538,Vaccinia virus Copenhagen Antigen,Vaccinia virus Copenhagen,100,11.0,26.25,1,1.0
IEDB_2537,Human herpesvirus 5 strain AD169 Antigen,Human herpesvirus 5 strain AD169,100,11.0,51.69,1,1.0
IEDB_2536,Human T-cell leukemia virus type I Antigen,Human T-cell leukemia virus type I,100,11.0,20.86,1,1.0
IEDB_2535,dengue virus type 3 Antigen,dengue virus type 3,100,11.0,-7.65,1,1.0
IEDB_2534,Plasmodium falciparum Antigen,Plasmodium falciparum,100,11.0,21.91,1,1.0
IEDB_2533,Human alphaherpesvirus 2 Antigen,Human alphaherpesvirus 2,100,11.0,9.17,1,1.0
IEDB_2565,Hepatitis C virus subtype 1b Antigen,Hepatitis C virus subtype 1b,100,11.0,67.18,1,1.0
IEDB_2564,Hepatitis C virus subtype 1b Antigen,Hepatitis C virus subtype 1b,100,11.0,67.18,1,1.0
IEDB_2563,Hepatitis C virus subtype 1b Antigen,Hepatitis C virus subtype 1b,100,11.0,57.04,1,1.0
IEDB_2562,Hepatitis C virus subtype 1b Antigen,Hepatitis C virus subtype 1b,100,11.0,67.18,1,1.0
IEDB_2561,Hepatitis C virus subtype 1b Antigen,Hepatitis C virus subtype 1b,100,11.0,57.04,1,1.0
IEDB_2560,Hepatitis C virus subtype 1b Antigen,Hepatitis C virus subtype 1b,100,11.0,67.18,1,1.0
IEDB_2559,Hepatitis C virus subtype 1b Antigen,Hepatitis C virus subtype 1b,100,11.0,49.21,1,1.0
IEDB_2558,Orthohepacivirus hominis Antigen,Orthohepacivirus hominis,100,11.0,59.35,1,1.0
IEDB_2557,Hepatitis C virus subtype 1b Antigen,Hepatitis C virus subtype 1b,100,11.0,46.91,1,1.0
IEDB_2556,hepatitis C virus genotype 1a Antigen,hepatitis C virus genotype 1a,100,11.0,45.11,1,1.0
IEDB_2555,Orthohepacivirus hominis Antigen,Orthohepacivirus hominis,100,11.0,69.48,1,1.0
IEDB_2554,Orthohepacivirus hominis Antigen,Orthohepacivirus hominis,100,11.0,59.35,1,1.0
IEDB_2553,Hepatitis C virus subtype 1b Antigen,Hepatitis C virus subtype 1b,100,11.0,29.81,1,1.0
IEDB_2552,SARS coronavirus Tor2 Antigen,SARS coronavirus Tor2,100,11.0,-8.9,1,1.0
IEDB_2551,Feline immunodeficiency virus Antigen,Feline immunodeficiency virus,100,11.0,16.62,1,1.0
IEDB_2550,hepatitis C virus genotype 1a Antigen,hepatitis C virus genotype 1a,100,11.0,-5.03,1,1.0
IEDB_2581,Lymphocytic choriomeningitis virus (strain Armstrong) Antigen,Lymphocytic choriomeningitis virus (strain Armstrong),100,11.0,79.11,1,1.0
IEDB_2580,Lymphocytic choriomeningitis virus (strain Armstrong) Antigen,Lymphocytic choriomeningitis virus (strain Armstrong),100,11.0,87.75,1,1.0
IEDB_2579,Hantaan virus 76-118 Antigen,Hantaan virus 76-118,100,11.0,29.35,1,1.0
IEDB_2578,Simian immunodeficiency virus Antigen,Simian immunodeficiency virus,100,11.0,48.63,1,1.0
IEDB_2577,Simian immunodeficiency virus Antigen,Simian immunodeficiency virus,100,11.0,44.89,1,1.0
IEDB_2576,Lassa virus Josiah Antigen,Lassa virus Josiah,100,11.0,-8.13,1,1.0
IEDB_2575,Homo sapiens Antigen,Homo sapiens,100,11.0,71.11,1,1.0
IEDB_2574,nan Antigen,,100,11.0,0.51,1,1.0
IEDB_2573,Homo sapiens Antigen,Homo sapiens,100,11.0,0.51,1,1.0
IEDB_2572,Orthohepacivirus hominis Antigen,Orthohepacivirus hominis,100,11.0,38.63,1,1.0
IEDB_2571,Hepatitis C virus subtype 1b Antigen,Hepatitis C virus subtype 1b,100,11.0,59.35,1,1.0
IEDB_2570,Hepatitis C virus subtype 1b Antigen,Hepatitis C virus subtype 1b,100,11.0,80.17,1,1.0
IEDB_2569,Orthohepacivirus hominis Antigen,Orthohepacivirus hominis,100,11.0,57.04,1,1.0
IEDB_2568,Hepatitis C virus subtype 1b Antigen,Hepatitis C virus subtype 1b,100,11.0,59.35,1,1.0
IEDB_2567,Hepatitis C virus subtype 1b Antigen,Hepatitis C virus subtype 1b,100,11.0,45.24,1,1.0
IEDB_2566,Hepatitis C virus subtype 1b Antigen,Hepatitis C virus subtype 1b,100,11.0,57.04,1,1.0
IEDB_2598,Hepatitis B virus Antigen,Hepatitis B virus,100,11.0,34.88,1,1.0
IEDB_2597,West Nile virus strain 2741 Antigen,West Nile virus strain 2741,100,11.0,17.39,1,1.0
IEDB_2596,SARS coronavirus Tor2 Antigen,SARS coronavirus Tor2,100,11.0,12.15,1,1.0
IEDB_2594,Lymphocytic choriomeningitis virus (strain Armstrong) Antigen,Lymphocytic choriomeningitis virus (strain Armstrong),100,11.0,-7.81,1,1.0
IEDB_2593,Homo sapiens Antigen,Homo sapiens,100,11.0,80.01,1,1.0
IEDB_2592,Homo sapiens Antigen,Homo sapiens,100,11.0,88.85,1,1.0
IEDB_2591,Human herpesvirus 5 strain AD169 Antigen,Human herpesvirus 5 strain AD169,100,11.0,13.59,1,1.0
IEDB_2590,Haemophilus influenzae Antigen,Haemophilus influenzae,100,11.0,69.04,1,1.0
IEDB_2589,Escherichia coli Antigen,Escherichia coli,100,11.0,-5.82,1,1.0
IEDB_2588,Human respiratory syncytial virus A2 Antigen,Human respiratory syncytial virus A2,100,11.0,16.51,1,1.0
IEDB_2587,Measles virus strain Edmonston Antigen,Measles virus strain Edmonston,100,11.0,-23.31,1,1.0
IEDB_2586,Human herpesvirus 5 strain AD169 Antigen,Human herpesvirus 5 strain AD169,100,11.0,13.17,1,1.0
IEDB_2585,Plasmodium falciparum Antigen,Plasmodium falciparum,100,11.0,17.43,1,1.0
IEDB_2584,Human herpesvirus 5 strain AD169 Antigen,Human herpesvirus 5 strain AD169,100,11.0,21.91,1,1.0
IEDB_2583,Haemophilus influenzae NTHi 1479 Antigen,Haemophilus influenzae NTHi 1479,100,11.0,28.62,1,1.0
IEDB_2582,Lymphocytic choriomeningitis virus (strain Armstrong) Antigen,Lymphocytic choriomeningitis virus (strain Armstrong),100,11.0,72.2,1,1.0
IEDB_2615,Measles virus strain Edmonston Antigen,Measles virus strain Edmonston,100,11.0,19.77,1,1.0
IEDB_2614,Hepatitis C virus subtype 1b Antigen,Hepatitis C virus subtype 1b,100,11.0,45.45,1,1.0
IEDB_2613,Hepatitis C virus subtype 2b Antigen,Hepatitis C virus subtype 2b,100,11.0,93.93,1,1.0
IEDB_2612,Hepatitis C virus subtype 1b Antigen,Hepatitis C virus subtype 1b,100,11.0,39.28,1,1.0
IEDB_2611,Puumala virus sotkamo/v-2969/81 Antigen,Puumala virus sotkamo/v-2969/81,100,11.0,16.89,1,1.0
IEDB_2609,nan Antigen,,100,11.0,35.2,1,1.0
IEDB_2608,Human herpesvirus 5 strain AD169 Antigen,Human herpesvirus 5 strain AD169,100,11.0,35.68,1,1.0
IEDB_2607,SARS coronavirus Tor2 Antigen,SARS coronavirus Tor2,100,11.0,35.2,1,1.0
IEDB_2606,Borreliella burgdorferi B31 Antigen,Borreliella burgdorferi B31,100,11.0,81.53,1,1.0
IEDB_2605,Orthopoxvirus vaccinia Antigen,Orthopoxvirus vaccinia,100,11.0,106.53,1,1.0
IEDB_2604,Human parvovirus B19 Antigen,Human parvovirus B19,100,11.0,55.23,1,1.0
IEDB_2603,Shigella flexneri Antigen,Shigella flexneri,100,11.0,56.9,1,1.0
IEDB_2602,Helicobacter pylori Antigen,Helicobacter pylori,100,11.0,-0.54,1,1.0
IEDB_2601,Dengue virus 2 Jamaica/1409/1983 Antigen,Dengue virus 2 Jamaica/1409/1983,100,11.0,-14.52,1,1.0
IEDB_2600,Dengue virus 2 Jamaica/1409/1983 Antigen,Dengue virus 2 Jamaica/1409/1983,100,11.0,-4.23,1,1.0
IEDB_2599,Measles virus strain Edmonston Antigen,Measles virus strain Edmonston,100,11.0,51.47,1,1.0
IEDB_2631,Clostridium tetani Antigen,Clostridium tetani,100,11.0,11.96,1,1.0
IEDB_2630,Clostridium tetani Antigen,Clostridium tetani,100,11.0,2.09,1,1.0
IEDB_2629,Vaccinia virus WR Antigen,Vaccinia virus WR,100,11.0,-15.45,1,1.0
IEDB_2628,Vaccinia virus WR Antigen,Vaccinia virus WR,100,11.0,-18.28,1,1.0
IEDB_2627,Lassa virus Josiah Antigen,Lassa virus Josiah,100,11.0,8.89,1,1.0
IEDB_2626,Vaccinia virus WR Antigen,Vaccinia virus WR,100,11.0,30.29,1,1.0
IEDB_2625,Bacillus amyloliquefaciens Antigen,Bacillus amyloliquefaciens,100,11.0,-22.41,1,1.0
IEDB_2624,Influenza A virus (A/Anas acuta/Primorje/695/1976(H2N3)) Antigen,Influenza A virus (A/Anas acuta/Primorje/695/1976(H2N3)),100,11.0,46.29,1,1.0
IEDB_2623,SARS coronavirus Tor2 Antigen,SARS coronavirus Tor2,100,11.0,56.6,1,1.0
IEDB_2622,Human gammaherpesvirus 8 Antigen,Human gammaherpesvirus 8,100,11.0,17.34,1,1.0
IEDB_2621,Plasmodium falciparum Antigen,Plasmodium falciparum,100,11.0,57.71,1,1.0
IEDB_2620,Homo sapiens Antigen,Homo sapiens,100,11.0,8.89,1,1.0
IEDB_2619,Homo sapiens Antigen,Homo sapiens,100,11.0,39.48,1,1.0
IEDB_2618,Mus musculus Antigen,Mus musculus,100,11.0,-7.81,1,1.0
IEDB_2617,Human gammaherpesvirus 8 Antigen,Human gammaherpesvirus 8,100,11.0,11.28,1,1.0
IEDB_2616,Human gammaherpesvirus 8 Antigen,Human gammaherpesvirus 8,100,11.0,-9.98,1,1.0
IEDB_2647,Simian immunodeficiency virus - mac K6W Antigen,Simian immunodeficiency virus - mac K6W,100,11.0,-5.7,1,1.0
IEDB_2646,Homo sapiens Antigen,Homo sapiens,100,11.0,-14.71,1,1.0
IEDB_2645,Orthomarburgvirus marburgense Antigen,Orthomarburgvirus marburgense,100,11.0,48.28,1,1.0
IEDB_2644,Influenza B virus (B/Malaysia/2506/2004) Antigen,Influenza B virus (B/Malaysia/2506/2004),100,11.0,-9.98,1,1.0
IEDB_2643,Vaccinia virus WR Antigen,Vaccinia virus WR,100,11.0,-7.98,1,1.0
IEDB_2642,Vaccinia virus WR Antigen,Vaccinia virus WR,100,11.0,-0.54,1,1.0
IEDB_2641,SARS-CoV1 Antigen,SARS-CoV1,100,11.0,36.73,1,1.0
IEDB_2640,Orthopoxvirus vaccinia Antigen,Orthopoxvirus vaccinia,100,11.0,18.98,1,1.0
IEDB_2639,Orthopoxvirus vaccinia Antigen,Orthopoxvirus vaccinia,100,11.0,-7.98,1,1.0
IEDB_2638,Helicobacter pylori 26695 Antigen,Helicobacter pylori 26695,100,11.0,-45.54,1,1.0
IEDB_2637,Campylobacter jejuni Antigen,Campylobacter jejuni,100,11.0,-9.98,1,1.0
IEDB_2636,nan Antigen,,100,11.0,61.62,1,1.0
IEDB_2635,Mammarenavirus choriomeningitidis Antigen,Mammarenavirus choriomeningitidis,100,11.0,8.75,1,1.0
IEDB_2634,Helicobacter pylori Antigen,Helicobacter pylori,100,11.0,48.28,1,1.0
IEDB_2633,Human immunodeficiency virus type 1 (SF33 ISOLATE) Antigen,Human immunodeficiency virus type 1 (SF33 ISOLATE),100,11.0,87.91,1,1.0
IEDB_2632,SARS coronavirus Tor2 Antigen,SARS coronavirus Tor2,100,11.0,8.89,1,1.0
IEDB_2663,Vaccinia virus WR Antigen,Vaccinia virus WR,100,11.0,145.16,1,1.0
IEDB_2662,Homo sapiens Antigen,Homo sapiens,100,11.0,105.9,1,1.0
IEDB_2661,Streptococcus mutans MT 8148 Antigen,Streptococcus mutans MT 8148,100,11.0,3.53,1,1.0
IEDB_2660,Vaccinia virus WR Antigen,Vaccinia virus WR,100,11.0,19.77,1,1.0
IEDB_2659,Vaccinia virus WR Antigen,Vaccinia virus WR,100,11.0,20.86,1,1.0
IEDB_2658,Trypanosoma cruzi Antigen,Trypanosoma cruzi,100,11.0,-36.11,1,1.0
IEDB_2657,Influenza A virus (A/X-31(H3N2)) Antigen,Influenza A virus (A/X-31(H3N2)),100,11.0,65.21,1,1.0
IEDB_2656,Influenza A virus (A/Puerto Rico/8/1934(H1N1)) Antigen,Influenza A virus (A/Puerto Rico/8/1934(H1N1)),100,11.0,46.19,1,1.0
IEDB_2655,Foot-and-mouth disease virus - type O isolate O/UKG/35/2001 Antigen,Foot-and-mouth disease virus - type O isolate O/UKG/35/2001,100,11.0,14.72,1,1.0
IEDB_2654,Foot-and-mouth disease virus C1 CS8 Antigen,Foot-and-mouth disease virus C1 CS8,100,11.0,44.01,1,1.0
IEDB_2653,Vaccinia virus WR Antigen,Vaccinia virus WR,100,11.0,-18.36,1,1.0
IEDB_2652,Homo sapiens Antigen,Homo sapiens,100,11.0,-9.98,1,1.0
IEDB_2651,Shigella flexneri Antigen,Shigella flexneri,100,11.0,22.21,1,1.0
IEDB_2650,nan Antigen,,100,11.0,-0.54,1,1.0
IEDB_2649,Plasmodium falciparum 3D7 Antigen,Plasmodium falciparum 3D7,100,11.0,47.64,1,1.0
IEDB_2648,Bacillus licheniformis Antigen,Bacillus licheniformis,100,11.0,78.87,1,1.0
IEDB_2679,Mycobacterium tuberculosis C Antigen,Mycobacterium tuberculosis C,100,11.0,5.9,1,1.0
IEDB_2678,Clostridium tetani Antigen,Clostridium tetani,100,11.0,-7.38,1,1.0
IEDB_2677,Homo sapiens Antigen,Homo sapiens,100,11.0,-9.98,1,1.0
IEDB_2676,Human herpesvirus 4 strain B95-8 Antigen,Human herpesvirus 4 strain B95-8,100,11.0,16.98,1,1.0
IEDB_2675,Haemophilus influenzae Antigen,Haemophilus influenzae,100,11.0,35.68,1,1.0
IEDB_2674,Homo sapiens Antigen,Homo sapiens,100,11.0,30.29,1,1.0
IEDB_2673,Homo sapiens Antigen,Homo sapiens,100,11.0,9.0,1,1.0
IEDB_2672,Homo sapiens Antigen,Homo sapiens,100,11.0,8.89,1,1.0
IEDB_2671,SARS-CoV1 Antigen,SARS-CoV1,100,11.0,32.82,1,1.0
IEDB_2670,Plasmodium falciparum 3D7 Antigen,Plasmodium falciparum 3D7,100,11.0,51.47,1,1.0
IEDB_2669,Plasmodium falciparum 3D7 Antigen,Plasmodium falciparum 3D7,100,11.0,52.94,1,1.0
IEDB_2668,SARS coronavirus Tor2 Antigen,SARS coronavirus Tor2,100,11.0,11.42,1,1.0
IEDB_2667,Human herpesvirus 5 strain AD169 Antigen,Human herpesvirus 5 strain AD169,100,11.0,53.88,1,1.0
IEDB_2666,Homo sapiens Antigen,Homo sapiens,100,11.0,51.75,1,1.0
IEDB_2665,Homo sapiens Antigen,Homo sapiens,100,11.0,24.0,1,1.0
IEDB_2664,Plasmodium falciparum CAMP/Malaysia Antigen,Plasmodium falciparum CAMP/Malaysia,100,11.0,-30.08,1,1.0
IEDB_2695,Human T-cell leukemia virus type I Antigen,Human T-cell leukemia virus type I,100,11.0,12.48,1,1.0
IEDB_2694,SARS coronavirus Tor2 Antigen,SARS coronavirus Tor2,100,11.0,77.15,1,1.0
IEDB_2693,SARS coronavirus Tor2 Antigen,SARS coronavirus Tor2,100,11.0,52.94,1,1.0
IEDB_2692,SARS-CoV1 Antigen,SARS-CoV1,100,11.0,57.71,1,1.0
IEDB_2691,Orthopoxvirus vaccinia Antigen,Orthopoxvirus vaccinia,100,11.0,9.0,1,1.0
IEDB_2690,Treponema pallidum subsp. pallidum str. Nichols Antigen,Treponema pallidum subsp. pallidum str. Nichols,100,11.0,6.52,1,1.0
IEDB_2689,Treponema pallidum subsp. pallidum str. Nichols Antigen,Treponema pallidum subsp. pallidum str. Nichols,100,11.0,-16.07,1,1.0
IEDB_2688,Hepatitis C virus subtype 1b Antigen,Hepatitis C virus subtype 1b,100,11.0,17.31,1,1.0
IEDB_2687,Human alphaherpesvirus 1 strain 17 Antigen,Human alphaherpesvirus 1 strain 17,100,11.0,32.82,1,1.0
IEDB_2686,Theileria parva strain Muguga Antigen,Theileria parva strain Muguga,100,11.0,36.31,1,1.0
IEDB_2685,Human herpesvirus 5 strain AD169 Antigen,Human herpesvirus 5 strain AD169,100,11.0,14.22,1,1.0
IEDB_2684,Mycobacterium tuberculosis Antigen,Mycobacterium tuberculosis,100,11.0,38.39,1,1.0
IEDB_2683,Mycobacterium tuberculosis variant bovis BCG Antigen,Mycobacterium tuberculosis variant bovis BCG,100,11.0,47.85,1,1.0
IEDB_2682,Mycobacterium tuberculosis variant bovis Antigen,Mycobacterium tuberculosis variant bovis,100,11.0,28.76,1,1.0
IEDB_2681,Mycobacterium tuberculosis Antigen,Mycobacterium tuberculosis,100,11.0,51.69,1,1.0
IEDB_2680,Hepatitis B virus subtype adr Antigen,Hepatitis B virus subtype adr,100,11.0,11.72,1,1.0
IEDB_2711,Rubella virus strain M33 Antigen,Rubella virus strain M33,100,11.0,39.42,1,1.0
IEDB_2710,Rubella virus Antigen,Rubella virus,100,11.0,45.3,1,1.0
IEDB_2709,Clostridium botulinum A Antigen,Clostridium botulinum A,100,11.0,34.91,1,1.0
IEDB_2708,Vaccinia virus WR Antigen,Vaccinia virus WR,100,11.0,35.2,1,1.0
IEDB_2707,Vaccinia virus WR Antigen,Vaccinia virus WR,100,11.0,32.68,1,1.0
IEDB_2706,Vaccinia virus WR Antigen,Vaccinia virus WR,100,11.0,35.2,1,1.0
IEDB_2705,Glycine max Antigen,Glycine max,100,11.0,22.44,1,1.0
IEDB_2704,Homo sapiens Antigen,Homo sapiens,100,11.0,41.87,1,1.0
IEDB_2703,SARS-CoV1 Antigen,SARS-CoV1,100,11.0,11.49,1,1.0
IEDB_2702,SARS coronavirus Urbani Antigen,SARS coronavirus Urbani,100,11.0,6.46,1,1.0
IEDB_2701,Human herpesvirus 4 strain B95-8 Antigen,Human herpesvirus 4 strain B95-8,100,11.0,18.1,1,1.0
IEDB_2700,Influenza A virus (A/Hong Kong/213/2003(H5N1)) Antigen,Influenza A virus (A/Hong Kong/213/2003(H5N1)),100,11.0,20.86,1,1.0
IEDB_2699,Vaccinia virus WR Antigen,Vaccinia virus WR,100,11.0,-1.86,1,1.0
IEDB_2698,Plasmodium falciparum 3D7 Antigen,Plasmodium falciparum 3D7,100,11.0,81.41,1,1.0
IEDB_2697,Trypanosoma cruzi Antigen,Trypanosoma cruzi,100,11.0,57.08,1,1.0
IEDB_2696,Haemophilus influenzae Antigen,Haemophilus influenzae,100,11.0,21.91,1,1.0
IEDB_2727,SARS coronavirus Tor2 Antigen,SARS coronavirus Tor2,100,11.0,25.77,1,1.0
IEDB_2726,Hepatitis C virus genotype 3 Antigen,Hepatitis C virus genotype 3,100,11.0,71.65,1,1.0
IEDB_2725,Vaccinia virus WR Antigen,Vaccinia virus WR,100,11.0,30.29,1,1.0
IEDB_2724,Mycobacterium avium Antigen,Mycobacterium avium,100,11.0,41.48,1,1.0
IEDB_2723,Human herpesvirus 5 strain AD169 Antigen,Human herpesvirus 5 strain AD169,100,11.0,3.73,1,1.0
IEDB_2722,Mycobacterium tuberculosis Antigen,Mycobacterium tuberculosis,100,11.0,65.4,1,1.0
IEDB_2721,Hepatitis C virus (isolate 1) Antigen,Hepatitis C virus (isolate 1),100,11.0,87.91,1,1.0
IEDB_2720,Orthohepacivirus hominis Antigen,Orthohepacivirus hominis,100,11.0,63.31,1,1.0
IEDB_2719,Vaccinia virus WR Antigen,Vaccinia virus WR,100,11.0,58.82,1,1.0
IEDB_2718,Norovirus GII Antigen,Norovirus GII,100,11.0,29.75,1,1.0
IEDB_2717,Simian immunodeficiency virus - mac K6W Antigen,Simian immunodeficiency virus - mac K6W,100,11.0,-1.8,1,1.0
IEDB_2716,SARS coronavirus Tor2 Antigen,SARS coronavirus Tor2,100,11.0,47.52,1,1.0
IEDB_2715,Plasmodium falciparum 3D7 Antigen,Plasmodium falciparum 3D7,100,11.0,21.01,1,1.0
IEDB_2714,Treponema pallidum subsp. pallidum str. Nichols Antigen,Treponema pallidum subsp. pallidum str. Nichols,100,11.0,126.79,1,1.0
IEDB_2713,Treponema pallidum subsp. pallidum str. Nichols Antigen,Treponema pallidum subsp. pallidum str. Nichols,100,11.0,176.02,1,1.0
IEDB_2712,Orthopoxvirus vaccinia Antigen,Orthopoxvirus vaccinia,100,11.0,42.26,1,1.0
IEDB_2743,Influenza A virus (A/Puerto Rico/8/1934(H1N1)) Antigen,Influenza A virus (A/Puerto Rico/8/1934(H1N1)),100,11.0,46.28,1,1.0
IEDB_2742,nan Antigen,,100,11.0,-3.53,1,1.0
IEDB_2741,Human herpesvirus 5 strain AD169 Antigen,Human herpesvirus 5 strain AD169,100,11.0,0.51,1,1.0
IEDB_2740,Bacillus licheniformis Antigen,Bacillus licheniformis,100,11.0,43.31,1,1.0
IEDB_2739,Lymphocytic choriomeningitis virus (strain Armstrong) (clone 53b) Antigen,Lymphocytic choriomeningitis virus (strain Armstrong) (clone 53b),100,11.0,9.0,1,1.0
IEDB_2738,Lymphocytic choriomeningitis virus (strain Armstrong) Antigen,Lymphocytic choriomeningitis virus (strain Armstrong),100,11.0,8.89,1,1.0
IEDB_2737,nan Antigen,,100,11.0,-28.84,1,1.0
IEDB_2736,Homo sapiens Antigen,Homo sapiens,100,11.0,-0.54,1,1.0
IEDB_2735,Lassa virus Josiah Antigen,Lassa virus Josiah,100,11.0,21.34,1,1.0
IEDB_2734,Lymphocytic choriomeningitis virus (strain Armstrong) Antigen,Lymphocytic choriomeningitis virus (strain Armstrong),100,11.0,28.26,1,1.0
IEDB_2733,Vaccinia virus Copenhagen Antigen,Vaccinia virus Copenhagen,100,11.0,22.6,1,1.0
IEDB_2732,human gammaherpesvirus 4 Antigen,human gammaherpesvirus 4,100,11.0,19.13,1,1.0
IEDB_2731,human gammaherpesvirus 4 Antigen,human gammaherpesvirus 4,100,11.0,9.0,1,1.0
IEDB_2730,Human herpesvirus 4 strain B95-8 Antigen,Human herpesvirus 4 strain B95-8,100,11.0,31.14,1,1.0
IEDB_2729,West Nile virus Antigen,West Nile virus,100,11.0,27.96,1,1.0
IEDB_2728,"Marburg virus - Musoke, Kenya, 1980 Antigen","Marburg virus - Musoke, Kenya, 1980",100,11.0,-9.98,1,1.0
IEDB_2760,Plasmodium falciparum CAMP/Malaysia Antigen,Plasmodium falciparum CAMP/Malaysia,100,11.0,22.21,1,1.0
IEDB_2758,SARS-CoV1 Antigen,SARS-CoV1,100,11.0,-13.75,1,1.0
IEDB_2757,Hepatitis C virus (isolate H77) Antigen,Hepatitis C virus (isolate H77),100,11.0,25.39,1,1.0
IEDB_2756,Hepatitis C virus (isolate H) Antigen,Hepatitis C virus (isolate H),100,11.0,18.95,1,1.0
IEDB_2755,Human alphaherpesvirus 3 Antigen,Human alphaherpesvirus 3,100,11.0,1.01,1,1.0
IEDB_2754,Vaccinia virus WR Antigen,Vaccinia virus WR,100,11.0,6.12,1,1.0
IEDB_2753,Vaccinia virus WR Antigen,Vaccinia virus WR,100,11.0,5.69,1,1.0
IEDB_2752,Orthohepacivirus hominis Antigen,Orthohepacivirus hominis,100,11.0,0.81,1,1.0
IEDB_2751,Hepatitis C virus (isolate H77) Antigen,Hepatitis C virus (isolate H77),100,11.0,12.13,1,1.0
IEDB_2750,Orthohepacivirus hominis Antigen,Orthohepacivirus hominis,100,11.0,12.29,1,1.0
IEDB_2749,Salmonella enterica Antigen,Salmonella enterica,100,11.0,73.98,1,1.0
IEDB_2748,Vaccinia virus WR Antigen,Vaccinia virus WR,100,11.0,64.16,1,1.0
IEDB_2747,Hepatitis B virus Antigen,Hepatitis B virus,100,11.0,132.84,1,1.0
IEDB_2746,Chlamydia pneumoniae CWL029 Antigen,Chlamydia pneumoniae CWL029,100,11.0,8.89,1,1.0
IEDB_2745,nan Antigen,,100,11.0,8.89,1,1.0
IEDB_2744,nan Antigen,,100,11.0,-3.74,1,1.0
IEDB_2778,Influenza A virus (A/Memphis/102/1972(H3N2)) Antigen,Influenza A virus (A/Memphis/102/1972(H3N2)),100,11.0,-3.83,1,1.0
IEDB_2777,Human parvovirus B19 Antigen,Human parvovirus B19,100,11.0,49.2,1,1.0
IEDB_2776,Homo sapiens Antigen,Homo sapiens,100,11.0,63.04,1,1.0
IEDB_2775,nan Antigen,,100,11.0,37.88,1,1.0
IEDB_2772,Clostridium tetani Antigen,Clostridium tetani,100,11.0,35.57,1,1.0
IEDB_2771,SARS coronavirus Tor2 Antigen,SARS coronavirus Tor2,100,11.0,0.51,1,1.0
IEDB_2770,Vaccinia virus WR Antigen,Vaccinia virus WR,100,11.0,8.89,1,1.0
IEDB_2769,Influenza A virus (A/Puerto Rico/8/1934(H1N1)) Antigen,Influenza A virus (A/Puerto Rico/8/1934(H1N1)),100,11.0,-23.01,1,1.0
IEDB_2768,Homo sapiens Antigen,Homo sapiens,100,11.0,34.99,1,1.0
IEDB_2767,nan Antigen,,100,11.0,8.89,1,1.0
IEDB_2766,Plasmodium falciparum K1 Antigen,Plasmodium falciparum K1,100,11.0,7.23,1,1.0
IEDB_2765,Salmonella typhimurium SL3261 Antigen,Salmonella typhimurium SL3261,100,11.0,43.91,1,1.0
IEDB_2762,Clostridium botulinum Antigen,Clostridium botulinum,100,11.0,27.32,1,1.0
IEDB_2761,Clostridium botulinum Antigen,Clostridium botulinum,100,11.0,28.34,1,1.0
IEDB_2794,Simian immunodeficiency virus (MM142-83 ISOLATE) Antigen,Simian immunodeficiency virus (MM142-83 ISOLATE),100,11.0,47.61,1,1.0
IEDB_2793,Simian immunodeficiency virus (MM142-83 ISOLATE) Antigen,Simian immunodeficiency virus (MM142-83 ISOLATE),100,11.0,46.29,1,1.0
IEDB_2792,Plasmodium falciparum Antigen,Plasmodium falciparum,100,11.0,17.81,1,1.0
IEDB_2791,SARS-CoV1 Antigen,SARS-CoV1,100,11.0,48.28,1,1.0
IEDB_2790,Severe acute respiratory syndrome coronavirus 2 Antigen,Severe acute respiratory syndrome coronavirus 2,100,11.0,22.52,1,1.0
IEDB_2789,Yellow fever virus Antigen,Yellow fever virus,100,11.0,-26.68,1,1.0
IEDB_2788,West Nile virus Antigen,West Nile virus,100,11.0,-5.22,1,1.0
IEDB_2787,Vaccinia virus WR Antigen,Vaccinia virus WR,100,11.0,52.94,1,1.0
IEDB_2786,Homo sapiens Antigen,Homo sapiens,100,11.0,8.89,1,1.0
IEDB_2785,Human hepatitis A virus Hu/Australia/HM175/1976 Antigen,Human hepatitis A virus Hu/Australia/HM175/1976,100,11.0,-10.27,1,1.0
IEDB_2784,Homo sapiens Antigen,Homo sapiens,100,11.0,12.23,1,1.0
IEDB_2783,Vaccinia virus WR Antigen,Vaccinia virus WR,100,11.0,5.69,1,1.0
IEDB_2782,Clostridium tetani Antigen,Clostridium tetani,100,11.0,34.91,1,1.0
IEDB_2781,Clostridium tetani Antigen,Clostridium tetani,100,11.0,45.28,1,1.0
IEDB_2780,Foot-and-mouth disease virus C1 CS8 Antigen,Foot-and-mouth disease virus C1 CS8,100,11.0,10.09,1,1.0
IEDB_2779,Influenza A virus (A/Perth/16/2009(H3N2)) Antigen,Influenza A virus (A/Perth/16/2009(H3N2)),100,11.0,-7.65,1,1.0
IEDB_2810,Homo sapiens Antigen,Homo sapiens,100,11.0,158.69,1,1.0
IEDB_2809,Bos taurus Antigen,Bos taurus,100,11.0,115.9,1,1.0
IEDB_2808,Human alphaherpesvirus 2 Antigen,Human alphaherpesvirus 2,100,11.0,100.91,1,1.0
IEDB_2807,Human betaherpesvirus 5 Antigen,Human betaherpesvirus 5,100,11.0,105.9,1,1.0
IEDB_2806,macacine betaherpesvirus 3 Antigen,macacine betaherpesvirus 3,100,11.0,46.29,1,1.0
IEDB_2805,Bean-pod mottle virus (strain Kentucky G7) Antigen,Bean-pod mottle virus (strain Kentucky G7),100,11.0,30.33,1,1.0
IEDB_2804,macacine betaherpesvirus 3 Antigen,macacine betaherpesvirus 3,100,11.0,63.66,1,1.0
IEDB_2803,Lymphocytic choriomeningitis virus (strain Armstrong) (clone 53b) Antigen,Lymphocytic choriomeningitis virus (strain Armstrong) (clone 53b),100,11.0,79.11,1,1.0
IEDB_2802,Homo sapiens Antigen,Homo sapiens,100,11.0,73.09,1,1.0
IEDB_2801,Human betaherpesvirus 5 Antigen,Human betaherpesvirus 5,100,11.0,17.15,1,1.0
IEDB_2800,Homo sapiens Antigen,Homo sapiens,100,11.0,92.4,1,1.0
IEDB_2799,Human T-cell leukemia virus type I Antigen,Human T-cell leukemia virus type I,100,11.0,85.82,1,1.0
IEDB_2798,Pseudomonas aeruginosa Antigen,Pseudomonas aeruginosa,100,11.0,59.01,1,1.0
IEDB_2797,Vaccinia virus WR Antigen,Vaccinia virus WR,100,11.0,12.23,1,1.0
IEDB_2796,Human T-cell leukemia virus type I Antigen,Human T-cell leukemia virus type I,100,11.0,73.09,1,1.0
IEDB_2795,Clostridium botulinum Antigen,Clostridium botulinum,100,11.0,42.56,1,1.0
IEDB_2826,Human T-cell leukemia virus type I Antigen,Human T-cell leukemia virus type I,100,11.0,79.53,1,1.0
IEDB_2825,SARS coronavirus Tor2 Antigen,SARS coronavirus Tor2,100,11.0,61.43,1,1.0
IEDB_2824,Human immunodeficiency virus type 1 BH10 Antigen,Human immunodeficiency virus type 1 BH10,100,11.0,87.91,1,1.0
IEDB_2823,Human betaherpesvirus 5 Antigen,Human betaherpesvirus 5,100,11.0,90.55,1,1.0
IEDB_2822,Andes virus CHI-7913 Antigen,Andes virus CHI-7913,100,11.0,48.52,1,1.0
IEDB_2821,Kilham polyomavirus Antigen,Kilham polyomavirus,100,11.0,46.1,1,1.0
IEDB_2820,Homo sapiens Antigen,Homo sapiens,100,11.0,15.78,1,1.0
IEDB_2819,Hepatitis C virus (isolate H) Antigen,Hepatitis C virus (isolate H),100,11.0,62.19,1,1.0
IEDB_2818,Candida albicans Antigen,Candida albicans,100,11.0,30.38,1,1.0
IEDB_2817,Candida albicans Antigen,Candida albicans,100,11.0,44.83,1,1.0
IEDB_2816,Candida albicans Antigen,Candida albicans,100,11.0,53.54,1,1.0
IEDB_2815,Human herpesvirus 5 strain AD169 Antigen,Human herpesvirus 5 strain AD169,100,11.0,30.29,1,1.0
IEDB_2814,nan Antigen,,100,11.0,78.5,1,1.0
IEDB_2813,Escherichia coli Antigen,Escherichia coli,100,11.0,72.53,1,1.0
IEDB_2812,Lassa virus Josiah Antigen,Lassa virus Josiah,100,11.0,35.62,1,1.0
IEDB_2811,nan Antigen,,100,11.0,129.12,1,1.0
IEDB_2842,Human T-cell leukemia virus type I Antigen,Human T-cell leukemia virus type I,100,11.0,26.24,1,1.0
IEDB_2841,Chlamydia pneumoniae Antigen,Chlamydia pneumoniae,100,11.0,85.54,1,1.0
IEDB_2840,Human herpesvirus 5 strain AD169 Antigen,Human herpesvirus 5 strain AD169,100,11.0,57.08,1,1.0
IEDB_2839,Arachis hypogaea Antigen,Arachis hypogaea,100,11.0,99.53,1,1.0
IEDB_2838,Arachis hypogaea Antigen,Arachis hypogaea,100,11.0,84.88,1,1.0
IEDB_2837,Human T-cell leukemia virus type I Antigen,Human T-cell leukemia virus type I,100,11.0,49.76,1,1.0
IEDB_2836,Human T-cell leukemia virus type I Antigen,Human T-cell leukemia virus type I,100,11.0,100.93,1,1.0
IEDB_2835,Vaccinia virus WR Antigen,Vaccinia virus WR,100,11.0,45.11,1,1.0
IEDB_2834,Mycobacterium leprae Antigen,Mycobacterium leprae,100,11.0,27.49,1,1.0
IEDB_2833,Mycobacterium tuberculosis Antigen,Mycobacterium tuberculosis,100,11.0,38.73,1,1.0
IEDB_2832,Mycobacterium tuberculosis variant bovis Antigen,Mycobacterium tuberculosis variant bovis,100,11.0,45.11,1,1.0
IEDB_2831,Influenza A virus (A/Ann Arbor/6/1960(H2N2)) Antigen,Influenza A virus (A/Ann Arbor/6/1960(H2N2)),100,11.0,35.68,1,1.0
IEDB_2830,Simian immunodeficiency virus (MM142-83 ISOLATE) Antigen,Simian immunodeficiency virus (MM142-83 ISOLATE),100,11.0,41.01,1,1.0
IEDB_2829,Homo sapiens Antigen,Homo sapiens,100,11.0,70.41,1,1.0
IEDB_2828,Human T-cell leukemia virus type I Antigen,Human T-cell leukemia virus type I,100,11.0,25.16,1,1.0
IEDB_2827,Human T-cell leukemia virus type I Antigen,Human T-cell leukemia virus type I,100,11.0,105.82,1,1.0
IEDB_2858,Shigella flexneri 2a Antigen,Shigella flexneri 2a,100,11.0,32.83,1,1.0
IEDB_2857,Homo sapiens Antigen,Homo sapiens,100,11.0,104.02,1,1.0
IEDB_2856,Mycobacterium tuberculosis H37Rv Antigen,Mycobacterium tuberculosis H37Rv,100,11.0,78.19,1,1.0
IEDB_2855,Homo sapiens Antigen,Homo sapiens,100,11.0,129.98,1,1.0
IEDB_2854,Orthopoxvirus vaccinia Antigen,Orthopoxvirus vaccinia,100,11.0,97.76,1,1.0
IEDB_2853,Orthopoxvirus vaccinia Antigen,Orthopoxvirus vaccinia,100,11.0,106.53,1,1.0
IEDB_2852,Shigella flexneri 2a Antigen,Shigella flexneri 2a,100,11.0,32.83,1,1.0
IEDB_2851,nan Antigen,,100,11.0,20.86,1,1.0
IEDB_2850,Hepatitis C virus subtype 2b Antigen,Hepatitis C virus subtype 2b,100,11.0,19.77,1,1.0
IEDB_2849,Orthohepacivirus hominis Antigen,Orthohepacivirus hominis,100,11.0,20.86,1,1.0
IEDB_2848,Dengue virus 2 Jamaica/1409/1983 Antigen,Dengue virus 2 Jamaica/1409/1983,100,11.0,33.88,1,1.0
IEDB_2847,Hepatitis B virus Antigen,Hepatitis B virus,100,11.0,85.54,1,1.0
IEDB_2846,Homo sapiens Antigen,Homo sapiens,100,11.0,138.96,1,1.0
IEDB_2845,Human herpesvirus 5 strain AD169 Antigen,Human herpesvirus 5 strain AD169,100,11.0,51.69,1,1.0
IEDB_2844,Severe acute respiratory syndrome coronavirus 2 Antigen,Severe acute respiratory syndrome coronavirus 2,100,11.0,27.09,1,1.0
IEDB_2843,Orthohepacivirus hominis Antigen,Orthohepacivirus hominis,100,11.0,75.99,1,1.0
IEDB_2875,hepatitis C virus genotype 1a Antigen,hepatitis C virus genotype 1a,100,11.0,45.77,1,1.0
IEDB_2874,Mycobacterium tuberculosis Antigen,Mycobacterium tuberculosis,100,11.0,22.36,1,1.0
IEDB_2872,Trypanosoma cruzi Antigen,Trypanosoma cruzi,100,11.0,9.0,1,1.0
IEDB_2871,Trypanosoma cruzi Antigen,Trypanosoma cruzi,100,11.0,8.89,1,1.0
IEDB_2870,nan Antigen,,100,11.0,8.89,1,1.0
IEDB_2869,SARS coronavirus Tor2 Antigen,SARS coronavirus Tor2,100,11.0,8.89,1,1.0
IEDB_2868,Mycobacterium tuberculosis H37Rv Antigen,Mycobacterium tuberculosis H37Rv,100,11.0,-5.3,1,1.0
IEDB_2867,Mycobacterium tuberculosis variant bovis Antigen,Mycobacterium tuberculosis variant bovis,100,11.0,5.15,1,1.0
IEDB_2866,Dengue virus 2 Jamaica/1409/1983 Antigen,Dengue virus 2 Jamaica/1409/1983,100,11.0,71.0,1,1.0
IEDB_2865,Human immunodeficiency virus type 2 (ISOLATE GHANA-1) Antigen,Human immunodeficiency virus type 2 (ISOLATE GHANA-1),100,11.0,66.51,1,1.0
IEDB_2864,SARS coronavirus Tor2 Antigen,SARS coronavirus Tor2,100,11.0,12.23,1,1.0
IEDB_2863,Homo sapiens Antigen,Homo sapiens,100,11.0,57.71,1,1.0
IEDB_2862,Human herpesvirus 5 strain AD169 Antigen,Human herpesvirus 5 strain AD169,100,11.0,-0.54,1,1.0
IEDB_2861,Escherichia coli K-12 Antigen,Escherichia coli K-12,100,11.0,7.68,1,1.0
IEDB_2860,nan Antigen,,100,11.0,21.91,1,1.0
IEDB_2859,Homo sapiens Antigen,Homo sapiens,100,11.0,28.26,1,1.0
IEDB_2891,hepatitis C virus genotype 1a Antigen,hepatitis C virus genotype 1a,100,11.0,25.51,1,1.0
IEDB_2890,Hepatitis C virus (isolate H) Antigen,Hepatitis C virus (isolate H),100,11.0,12.38,1,1.0
IEDB_2889,Hepatitis C virus genotype 1 Antigen,Hepatitis C virus genotype 1,100,11.0,13.17,1,1.0
IEDB_2888,Orthohepacivirus hominis Antigen,Orthohepacivirus hominis,100,11.0,61.99,1,1.0
IEDB_2887,Hepatitis C virus (isolate H77) Antigen,Hepatitis C virus (isolate H77),100,11.0,13.56,1,1.0
IEDB_2886,Mycobacterium tuberculosis H37Rv Antigen,Mycobacterium tuberculosis H37Rv,100,11.0,-19.41,1,1.0
IEDB_2885,Shigella flexneri 2a Antigen,Shigella flexneri 2a,100,11.0,46.29,1,1.0
IEDB_2884,nan Antigen,,100,11.0,126.25,1,1.0
IEDB_2883,Orthopoxvirus vaccinia Antigen,Orthopoxvirus vaccinia,100,11.0,39.98,1,1.0
IEDB_2882,Arachis hypogaea Antigen,Arachis hypogaea,100,11.0,145.29,1,1.0
IEDB_2881,Homo sapiens Antigen,Homo sapiens,100,11.0,19.77,1,1.0
IEDB_2880,Homo sapiens Antigen,Homo sapiens,100,11.0,20.86,1,1.0
IEDB_2879,Glycine max Antigen,Glycine max,100,11.0,116.0,1,1.0
IEDB_2878,Helicobacter pylori 26695 Antigen,Helicobacter pylori 26695,100,11.0,30.29,1,1.0
IEDB_2877,Homo sapiens Antigen,Homo sapiens,100,11.0,143.31,1,1.0
IEDB_2876,Orthopoxvirus vaccinia Antigen,Orthopoxvirus vaccinia,100,11.0,52.94,1,1.0
IEDB_2908,Vaccinia virus WR Antigen,Vaccinia virus WR,100,11.0,60.86,1,1.0
IEDB_2907,Vaccinia virus WR Antigen,Vaccinia virus WR,100,11.0,45.11,1,1.0
IEDB_2906,Lassa virus Josiah Antigen,Lassa virus Josiah,100,11.0,8.89,1,1.0
IEDB_2905,Mycobacterium tuberculosis str. Haarlem Antigen,Mycobacterium tuberculosis str. Haarlem,100,11.0,-9.98,1,1.0
IEDB_2904,Influenza A virus (A/Vietnam/1194/2004(H5N1)) Antigen,Influenza A virus (A/Vietnam/1194/2004(H5N1)),100,11.0,-9.98,1,1.0
IEDB_2902,Plasmodium falciparum CAMP/Malaysia Antigen,Plasmodium falciparum CAMP/Malaysia,100,11.0,32.83,1,1.0
IEDB_2901,Influenza A virus (A/X-31(H3N2)) Antigen,Influenza A virus (A/X-31(H3N2)),100,11.0,47.85,1,1.0
IEDB_2900,Mycobacterium avium subsp. paratuberculosis Antigen,Mycobacterium avium subsp. paratuberculosis,100,11.0,86.04,1,1.0
IEDB_2899,Plasmodium yoelii Antigen,Plasmodium yoelii,100,11.0,30.29,1,1.0
IEDB_2898,Orthopoxvirus vaccinia Antigen,Orthopoxvirus vaccinia,100,11.0,0.51,1,1.0
IEDB_2897,Haemophilus influenzae Serotype B Antigen,Haemophilus influenzae Serotype B,100,11.0,54.79,1,1.0
IEDB_2896,SARS coronavirus Tor2 Antigen,SARS coronavirus Tor2,100,11.0,6.98,1,1.0
IEDB_2895,Mycobacterium tuberculosis Antigen,Mycobacterium tuberculosis,100,11.0,6.35,1,1.0
IEDB_2894,Mycobacterium tuberculosis Antigen,Mycobacterium tuberculosis,100,11.0,24.19,1,1.0
IEDB_2893,Orthohepacivirus hominis Antigen,Orthohepacivirus hominis,100,11.0,29.15,1,1.0
IEDB_2892,hepatitis C virus genotype 1a Antigen,hepatitis C virus genotype 1a,100,11.0,24.54,1,1.0
IEDB_2925,Hepatitis C virus subtype 1b AD78 Antigen,Hepatitis C virus subtype 1b AD78,100,11.0,46.42,1,1.0
IEDB_2924,Hepatitis C virus isolate HC-J4 Antigen,Hepatitis C virus isolate HC-J4,100,11.0,21.34,1,1.0
IEDB_2923,Vaccinia virus WR Antigen,Vaccinia virus WR,100,11.0,-16.19,1,1.0
IEDB_2922,Influenza A virus (A/California/07/2009(H1N1)) Antigen,Influenza A virus (A/California/07/2009(H1N1)),100,11.0,-9.57,1,1.0
IEDB_2921,Influenza A virus (A/quail/Hong Kong/FY298/00(H9N2)) Antigen,Influenza A virus (A/quail/Hong Kong/FY298/00(H9N2)),100,11.0,-3.74,1,1.0
IEDB_2920,Yellow fever virus 17D Antigen,Yellow fever virus 17D,100,11.0,2.77,1,1.0
IEDB_2918,Plasmodium falciparum CAMP/Malaysia Antigen,Plasmodium falciparum CAMP/Malaysia,100,11.0,-0.68,1,1.0
IEDB_2917,Homo sapiens Antigen,Homo sapiens,100,11.0,1.99,1,1.0
IEDB_2916,Homo sapiens Antigen,Homo sapiens,100,11.0,0.99,1,1.0
IEDB_2915,Lyssavirus rabies Antigen,Lyssavirus rabies,100,11.0,24.74,1,1.0
IEDB_2914,Triticum aestivum Antigen,Triticum aestivum,100,11.0,-5.82,1,1.0
IEDB_2913,Dengue virus 2 Jamaica/1409/1983 Antigen,Dengue virus 2 Jamaica/1409/1983,100,11.0,-19.97,1,1.0
IEDB_2912,Yellow fever virus Antigen,Yellow fever virus,100,11.0,-32.71,1,1.0
IEDB_2911,Equine infectious anemia virus Antigen,Equine infectious anemia virus,100,11.0,29.12,1,1.0
IEDB_2910,Mycobacterium tuberculosis Antigen,Mycobacterium tuberculosis,100,11.0,16.21,1,1.0
IEDB_2909,Lolium perenne Antigen,Lolium perenne,100,11.0,34.19,1,1.0
IEDB_2942,Human immunodeficiency virus type 1 (isolate YU2) Antigen,Human immunodeficiency virus type 1 (isolate YU2),100,11.0,87.91,1,1.0
IEDB_2941,Rubella virus Antigen,Rubella virus,100,11.0,52.78,1,1.0
IEDB_2940,Helicobacter pylori Antigen,Helicobacter pylori,100,11.0,-4.22,1,1.0
IEDB_2939,SARS coronavirus Tor2 Antigen,SARS coronavirus Tor2,100,11.0,63.71,1,1.0
IEDB_2938,Vaccinia virus WR Antigen,Vaccinia virus WR,100,11.0,13.59,1,1.0
IEDB_2937,Homo sapiens Antigen,Homo sapiens,100,11.0,8.89,1,1.0
IEDB_2936,Vaccinia virus WR Antigen,Vaccinia virus WR,100,11.0,8.89,1,1.0
IEDB_2935,Homo sapiens Antigen,Homo sapiens,100,11.0,22.6,1,1.0
IEDB_2934,Homo sapiens Antigen,Homo sapiens,100,11.0,24.18,1,1.0
IEDB_2933,Human herpesvirus 5 strain AD169 Antigen,Human herpesvirus 5 strain AD169,100,11.0,20.72,1,1.0
IEDB_2932,Aspergillus fumigatus Antigen,Aspergillus fumigatus,100,11.0,16.91,1,1.0
IEDB_2931,Human herpesvirus 5 strain AD169 Antigen,Human herpesvirus 5 strain AD169,100,11.0,13.59,1,1.0
IEDB_2930,Trypanosoma cruzi Antigen,Trypanosoma cruzi,100,11.0,8.89,1,1.0
IEDB_2928,Euroglyphus maynei Antigen,Euroglyphus maynei,100,11.0,-7.4,1,1.0
IEDB_2927,Dermatophagoides farinae Antigen,Dermatophagoides farinae,100,11.0,2.74,1,1.0
IEDB_2926,SARS coronavirus Urbani Antigen,SARS coronavirus Urbani,100,11.0,28.46,1,1.0
IEDB_2958,Hepatitis C virus (isolate Taiwan) Antigen,Hepatitis C virus (isolate Taiwan),100,11.0,40.6,1,1.0
IEDB_2957,Homo sapiens Antigen,Homo sapiens,100,11.0,42.93,1,1.0
IEDB_2956,Mycobacterium tuberculosis Antigen,Mycobacterium tuberculosis,100,11.0,47.52,1,1.0
IEDB_2955,Mycobacterium tuberculosis Antigen,Mycobacterium tuberculosis,100,11.0,51.69,1,1.0
IEDB_2954,SARS coronavirus Tor2 Antigen,SARS coronavirus Tor2,100,11.0,31.01,1,1.0
IEDB_2953,SARS-CoV1 Antigen,SARS-CoV1,100,11.0,25.38,1,1.0
IEDB_2952,Lederbergia lenta Antigen,Lederbergia lenta,100,11.0,34.09,1,1.0
IEDB_2951,Coxsackievirus B3 Antigen,Coxsackievirus B3,100,11.0,-3.74,1,1.0
IEDB_2950,SARS coronavirus Tor2 Antigen,SARS coronavirus Tor2,100,11.0,0.51,1,1.0
IEDB_2949,Trypanosoma cruzi Antigen,Trypanosoma cruzi,100,11.0,3.73,1,1.0
IEDB_2948,Homo sapiens Antigen,Homo sapiens,100,11.0,-0.54,1,1.0
IEDB_2947,Mycobacterium tuberculosis H37Rv Antigen,Mycobacterium tuberculosis H37Rv,100,11.0,0.83,1,1.0
IEDB_2946,nan Antigen,,100,11.0,48.49,1,1.0
IEDB_2945,nan Antigen,,100,11.0,51.69,1,1.0
IEDB_2944,SARS-CoV1 Antigen,SARS-CoV1,100,11.0,28.26,1,1.0
IEDB_2943,Orthopoxvirus vaccinia Antigen,Orthopoxvirus vaccinia,100,11.0,-12.07,1,1.0
IEDB_2974,Orthohepacivirus hominis Antigen,Orthohepacivirus hominis,100,11.0,40.4,1,1.0
IEDB_2973,SARS coronavirus Tor2 Antigen,SARS coronavirus Tor2,100,11.0,-0.54,1,1.0
IEDB_2972,Vaccinia virus WR Antigen,Vaccinia virus WR,100,11.0,9.0,1,1.0
IEDB_2971,Vaccinia virus WR Antigen,Vaccinia virus WR,100,11.0,8.89,1,1.0
IEDB_2970,Orthopoxvirus vaccinia Antigen,Orthopoxvirus vaccinia,100,11.0,35.16,1,1.0
IEDB_2969,Mycobacterium tuberculosis Antigen,Mycobacterium tuberculosis,100,11.0,22.02,1,1.0
IEDB_2968,Mycobacterium tuberculosis Antigen,Mycobacterium tuberculosis,100,11.0,40.6,1,1.0
IEDB_2967,Chlamydia pneumoniae Antigen,Chlamydia pneumoniae,100,11.0,5.69,1,1.0
IEDB_2966,Hepatitis C virus genotype 3 Antigen,Hepatitis C virus genotype 3,100,11.0,12.48,1,1.0
IEDB_2965,nan Antigen,,100,11.0,-8.76,1,1.0
IEDB_2964,nan Antigen,,100,11.0,55.55,1,1.0
IEDB_2963,nan Antigen,,100,11.0,59.23,1,1.0
IEDB_2962,nan Antigen,,100,11.0,43.38,1,1.0
IEDB_2961,Human herpesvirus 5 strain AD169 Antigen,Human herpesvirus 5 strain AD169,100,11.0,34.99,1,1.0
IEDB_2960,Human herpesvirus 5 strain AD169 Antigen,Human herpesvirus 5 strain AD169,100,11.0,25.77,1,1.0
IEDB_2959,Hepatitis C virus subtype 1b AD78 Antigen,Hepatitis C virus subtype 1b AD78,100,11.0,43.12,1,1.0
IEDB_2990,Chlamydia pneumoniae CWL029 Antigen,Chlamydia pneumoniae CWL029,100,11.0,26.82,1,1.0
IEDB_2989,Trypanosoma cruzi Antigen,Trypanosoma cruzi,100,11.0,38.35,1,1.0
IEDB_2988,Vaccinia virus WR Antigen,Vaccinia virus WR,100,11.0,23.62,1,1.0
IEDB_2987,Chlamydia pneumoniae CWL029 Antigen,Chlamydia pneumoniae CWL029,100,11.0,49.99,1,1.0
IEDB_2986,Homo sapiens Antigen,Homo sapiens,100,11.0,66.48,1,1.0
IEDB_2985,SARS-CoV1 Antigen,SARS-CoV1,100,11.0,69.62,1,1.0
IEDB_2984,Vaccinia virus WR Antigen,Vaccinia virus WR,100,11.0,39.9,1,1.0
IEDB_2983,Variola major virus Antigen,Variola major virus,100,11.0,56.6,1,1.0
IEDB_2982,Homo sapiens Antigen,Homo sapiens,100,11.0,74.49,1,1.0
IEDB_2981,SARS coronavirus Tor2 Antigen,SARS coronavirus Tor2,100,11.0,34.27,1,1.0
IEDB_2980,Human alphaherpesvirus 1 Antigen,Human alphaherpesvirus 1,100,11.0,41.83,1,1.0
IEDB_2979,Hepatitis C virus subtype 1b Antigen,Hepatitis C virus subtype 1b,100,11.0,51.69,1,1.0
IEDB_2978,hepatitis C virus genotype 1a Antigen,hepatitis C virus genotype 1a,100,11.0,54.77,1,1.0
IEDB_2977,Hepatitis C virus genotype 1 Antigen,Hepatitis C virus genotype 1,100,11.0,-0.54,1,1.0
IEDB_2976,Orthohepacivirus hominis Antigen,Orthohepacivirus hominis,100,11.0,33.09,1,1.0
IEDB_2975,nan Antigen,,100,11.0,11.42,1,1.0
IEDB_3006,Orthohepacivirus hominis Antigen,Orthohepacivirus hominis,100,11.0,16.33,1,1.0
IEDB_3005,Hepatitis C virus subtype 1b Antigen,Hepatitis C virus subtype 1b,100,11.0,35.2,1,1.0
IEDB_3004,Orthohepacivirus hominis Antigen,Orthohepacivirus hominis,100,11.0,25.77,1,1.0
IEDB_3003,Hepatitis C virus subtype 1b Antigen,Hepatitis C virus subtype 1b,100,11.0,47.8,1,1.0
IEDB_3002,Hepatitis C virus (isolate H77) Antigen,Hepatitis C virus (isolate H77),100,11.0,35.2,1,1.0
IEDB_3001,Orthopoxvirus vaccinia Antigen,Orthopoxvirus vaccinia,100,11.0,120.24,1,1.0
IEDB_3000,Human herpesvirus 5 strain AD169 Antigen,Human herpesvirus 5 strain AD169,100,11.0,56.6,1,1.0
IEDB_2999,nan Antigen,,100,11.0,65.0,1,1.0
IEDB_2998,Hevea brasiliensis Antigen,Hevea brasiliensis,100,11.0,61.0,1,1.0
IEDB_2997,Human gammaherpesvirus 8 Antigen,Human gammaherpesvirus 8,100,11.0,24.19,1,1.0
IEDB_2996,hepatitis C virus genotype 1a Antigen,hepatitis C virus genotype 1a,100,11.0,45.12,1,1.0
IEDB_2995,hepatitis C virus genotype 1a Antigen,hepatitis C virus genotype 1a,100,11.0,72.53,1,1.0
IEDB_2994,Hepatitis C virus (isolate 1) Antigen,Hepatitis C virus (isolate 1),100,11.0,65.28,1,1.0
IEDB_2993,human gammaherpesvirus 4 Antigen,human gammaherpesvirus 4,100,11.0,13.83,1,1.0
IEDB_2992,human gammaherpesvirus 4 Antigen,human gammaherpesvirus 4,100,11.0,14.79,1,1.0
IEDB_2991,Human herpesvirus 4 strain B95-8 Antigen,Human herpesvirus 4 strain B95-8,100,11.0,37.39,1,1.0
IEDB_3022,Hepatitis C virus subtype 1b Antigen,Hepatitis C virus subtype 1b,100,11.0,91.4,1,1.0
IEDB_3021,Orthohepacivirus hominis Antigen,Orthohepacivirus hominis,100,11.0,95.17,1,1.0
IEDB_3020,Human herpesvirus 5 strain AD169 Antigen,Human herpesvirus 5 strain AD169,100,11.0,32.48,1,1.0
IEDB_3019,Human herpesvirus 5 strain AD169 Antigen,Human herpesvirus 5 strain AD169,100,11.0,11.5,1,1.0
IEDB_3018,Mycobacterium tuberculosis H37Rv Antigen,Mycobacterium tuberculosis H37Rv,100,11.0,32.27,1,1.0
IEDB_3017,Mycobacterium tuberculosis Antigen,Mycobacterium tuberculosis,100,11.0,28.26,1,1.0
IEDB_3016,SARS-CoV1 Antigen,SARS-CoV1,100,11.0,-8.92,1,1.0
IEDB_3015,Orthopoxvirus vaccinia Antigen,Orthopoxvirus vaccinia,100,11.0,22.6,1,1.0
IEDB_3014,Bovine respiratory syncytial virus strain snook Antigen,Bovine respiratory syncytial virus strain snook,100,11.0,28.6,1,1.0
IEDB_3013,Hepatitis C virus subtype 1b Antigen,Hepatitis C virus subtype 1b,100,11.0,-0.54,1,1.0
IEDB_3012,nan Antigen,,100,11.0,-9.98,1,1.0
IEDB_3011,Hepatitis C virus (isolate H77) Antigen,Hepatitis C virus (isolate H77),100,11.0,-8.92,1,1.0
IEDB_3010,SARS coronavirus Tor2 Antigen,SARS coronavirus Tor2,100,11.0,13.18,1,1.0
IEDB_3009,Yellow fever virus 17D Antigen,Yellow fever virus 17D,100,11.0,-8.92,1,1.0
IEDB_3008,Reston ebolavirus Antigen,Reston ebolavirus,100,11.0,27.3,1,1.0
IEDB_3007,Woodchuck hepatitis virus 8 Antigen,Woodchuck hepatitis virus 8,100,11.0,66.38,1,1.0
IEDB_3038,Human betaherpesvirus 5 Antigen,Human betaherpesvirus 5,100,11.0,93.3,1,1.0
IEDB_3037,Mycobacterium tuberculosis variant bovis BCG str. Pasteur 1173P2 Antigen,Mycobacterium tuberculosis variant bovis BCG str. Pasteur 1173P2,100,11.0,44.0,1,1.0
IEDB_3036,Vaccinia virus WR Antigen,Vaccinia virus WR,100,11.0,21.34,1,1.0
IEDB_3035,Vaccinia virus WR Antigen,Vaccinia virus WR,100,11.0,22.6,1,1.0
IEDB_3034,Vibrio cholerae Antigen,Vibrio cholerae,100,11.0,2.07,1,1.0
IEDB_3033,Fagopyrum esculentum Antigen,Fagopyrum esculentum,100,11.0,-11.27,1,1.0
IEDB_3032,Vaccinia virus WR Antigen,Vaccinia virus WR,100,11.0,32.68,1,1.0
IEDB_3031,Plasmodium falciparum Antigen,Plasmodium falciparum,100,11.0,38.59,1,1.0
IEDB_3030,Camelpox virus M-96 Antigen,Camelpox virus M-96,100,11.0,35.2,1,1.0
IEDB_3029,Vaccinia virus WR Antigen,Vaccinia virus WR,100,11.0,38.35,1,1.0
IEDB_3028,Vaccinia virus WR Antigen,Vaccinia virus WR,100,11.0,72.2,1,1.0
IEDB_3027,Orthopoxvirus vaccinia Antigen,Orthopoxvirus vaccinia,100,11.0,84.02,1,1.0
IEDB_3026,Human alphaherpesvirus 2 Antigen,Human alphaherpesvirus 2,100,11.0,10.09,1,1.0
IEDB_3025,Vaccinia virus WR Antigen,Vaccinia virus WR,100,11.0,117.39,1,1.0
IEDB_3024,Hepatitis C virus subtype 1b Antigen,Hepatitis C virus subtype 1b,100,11.0,77.09,1,1.0
IEDB_3023,Hepatitis B virus Antigen,Hepatitis B virus,100,11.0,71.92,1,1.0
IEDB_3054,Triticum aestivum Antigen,Triticum aestivum,100,11.0,35.11,1,1.0
IEDB_3053,Triticum aestivum Antigen,Triticum aestivum,100,11.0,17.84,1,1.0
IEDB_3052,Human alphaherpesvirus 1 strain 17 Antigen,Human alphaherpesvirus 1 strain 17,100,11.0,96.58,1,1.0
IEDB_3051,Mycobacterium tuberculosis Antigen,Mycobacterium tuberculosis,100,11.0,34.57,1,1.0
IEDB_3050,Mus musculus Antigen,Mus musculus,100,11.0,35.62,1,1.0
IEDB_3049,nan Antigen,,100,11.0,20.85,1,1.0
IEDB_3048,Borreliella burgdorferi B31 Antigen,Borreliella burgdorferi B31,100,11.0,13.8,1,1.0
IEDB_3047,Mycobacterium tuberculosis Antigen,Mycobacterium tuberculosis,100,11.0,59.86,1,1.0
IEDB_3046,Trypanosoma cruzi Antigen,Trypanosoma cruzi,100,11.0,40.6,1,1.0
IEDB_3045,nan Antigen,,100,11.0,22.6,1,1.0
IEDB_3044,Human herpesvirus 5 strain AD169 Antigen,Human herpesvirus 5 strain AD169,100,11.0,33.63,1,1.0
IEDB_3043,Escherichia coli O157:H7 Antigen,Escherichia coli O157:H7,100,11.0,34.57,1,1.0
IEDB_3042,Orthopoxvirus vaccinia Antigen,Orthopoxvirus vaccinia,100,11.0,12.85,1,1.0
IEDB_3041,SARS-CoV1 Antigen,SARS-CoV1,100,11.0,38.13,1,1.0
IEDB_3040,Bordetella pertussis Antigen,Bordetella pertussis,100,11.0,29.22,1,1.0
IEDB_3039,Bos taurus Antigen,Bos taurus,100,11.0,19.45,1,1.0
IEDB_3070,Orthopoxvirus vaccinia Antigen,Orthopoxvirus vaccinia,100,11.0,44.0,1,1.0
IEDB_3069,Mycobacterium leprae Antigen,Mycobacterium leprae,100,11.0,23.28,1,1.0
IEDB_3068,Mycobacterium tuberculosis Antigen,Mycobacterium tuberculosis,100,11.0,62.11,1,1.0
IEDB_3067,Bos taurus Antigen,Bos taurus,100,11.0,43.41,1,1.0
IEDB_3066,Mycobacterium tuberculosis Antigen,Mycobacterium tuberculosis,100,11.0,77.58,1,1.0
IEDB_3065,Influenza A virus Antigen,Influenza A virus,100,11.0,20.86,1,1.0
IEDB_3064,Orthohepacivirus hominis Antigen,Orthohepacivirus hominis,100,11.0,36.83,1,1.0
IEDB_3063,SARS-CoV1 Antigen,SARS-CoV1,100,11.0,46.0,1,1.0
IEDB_3062,Mycobacterium tuberculosis Antigen,Mycobacterium tuberculosis,100,11.0,20.56,1,1.0
IEDB_3061,Clostridium tetani Antigen,Clostridium tetani,100,11.0,45.78,1,1.0
IEDB_3060,Tityus serrulatus Antigen,Tityus serrulatus,100,11.0,43.91,1,1.0
IEDB_3059,SARS coronavirus Tor2 Antigen,SARS coronavirus Tor2,100,11.0,1.46,1,1.0
IEDB_3058,SARS coronavirus Tor2 Antigen,SARS coronavirus Tor2,100,11.0,0.51,1,1.0
IEDB_3057,Influenza A virus (A/Ann Arbor/6/1960(H2N2)) Antigen,Influenza A virus (A/Ann Arbor/6/1960(H2N2)),100,11.0,-0.68,1,1.0
IEDB_3056,Human T-lymphotropic virus 2 Antigen,Human T-lymphotropic virus 2,100,11.0,109.37,1,1.0
IEDB_3055,Pneumonia virus of mice J3666 Antigen,Pneumonia virus of mice J3666,100,11.0,22.91,1,1.0
IEDB_3088,Vaccinia virus WR Antigen,Vaccinia virus WR,100,11.0,68.56,1,1.0
IEDB_3087,Vaccinia virus WR Antigen,Vaccinia virus WR,100,11.0,53.67,1,1.0
IEDB_3086,Helicobacter pylori 26695 Antigen,Helicobacter pylori 26695,100,11.0,-8.92,1,1.0
IEDB_3085,Mycobacterium tuberculosis H37Rv Antigen,Mycobacterium tuberculosis H37Rv,100,11.0,46.69,1,1.0
IEDB_3084,Mycobacterium tuberculosis H37Rv Antigen,Mycobacterium tuberculosis H37Rv,100,11.0,11.43,1,1.0
IEDB_3083,SARS coronavirus Tor2 Antigen,SARS coronavirus Tor2,100,11.0,31.49,1,1.0
IEDB_3081,Mycobacterium tuberculosis Antigen,Mycobacterium tuberculosis,100,11.0,13.17,1,1.0
IEDB_3080,Vaccinia virus WR Antigen,Vaccinia virus WR,100,11.0,84.02,1,1.0
IEDB_3079,Dengue virus 2 Jamaica/1409/1983 Antigen,Dengue virus 2 Jamaica/1409/1983,100,11.0,8.33,1,1.0
IEDB_3078,Vaccinia virus WR Antigen,Vaccinia virus WR,100,11.0,57.71,1,1.0
IEDB_3076,Human papillomavirus 16 Antigen,Human papillomavirus 16,100,11.0,73.09,1,1.0
IEDB_3075,Helicobacter pylori Antigen,Helicobacter pylori,100,11.0,3.04,1,1.0
IEDB_3074,West Nile virus Antigen,West Nile virus,100,11.0,58.13,1,1.0
IEDB_3073,Influenza A virus (A/Puerto Rico/8/1934(H1N1)) Antigen,Influenza A virus (A/Puerto Rico/8/1934(H1N1)),100,11.0,52.51,1,1.0
IEDB_3072,Coxsackievirus B3 Antigen,Coxsackievirus B3,100,11.0,27.09,1,1.0
IEDB_3071,Vaccinia virus WR Antigen,Vaccinia virus WR,100,11.0,0.51,1,1.0
IEDB_3104,Homo sapiens Antigen,Homo sapiens,100,11.0,41.6,1,1.0
IEDB_3103,nan Antigen,,100,11.0,61.62,1,1.0
IEDB_3102,Vaccinia virus WR 65-16 Antigen,Vaccinia virus WR 65-16,100,11.0,-0.54,1,1.0
IEDB_3101,Prescottella equi Antigen,Prescottella equi,100,11.0,46.58,1,1.0
IEDB_3099,Clostridium tetani Antigen,Clostridium tetani,100,11.0,92.17,1,1.0
IEDB_3098,Vaccinia virus WR Antigen,Vaccinia virus WR,100,11.0,127.93,1,1.0
IEDB_3097,Mycobacterium tuberculosis Antigen,Mycobacterium tuberculosis,100,11.0,40.8,1,1.0
IEDB_3096,Vaccinia virus WR Antigen,Vaccinia virus WR,100,11.0,45.02,1,1.0
IEDB_3095,Vaccinia virus WR Antigen,Vaccinia virus WR,100,11.0,44.45,1,1.0
IEDB_3094,Vibrio vulnificus Antigen,Vibrio vulnificus,100,11.0,0.51,1,1.0
IEDB_3093,nan Antigen,,100,11.0,35.2,1,1.0
IEDB_3092,Borreliella burgdorferi B31 Antigen,Borreliella burgdorferi B31,100,11.0,13.18,1,1.0
IEDB_3091,Haemophilus influenzae PittGG Antigen,Haemophilus influenzae PittGG,100,11.0,142.76,1,1.0
IEDB_3090,Human herpesvirus 5 strain AD169 Antigen,Human herpesvirus 5 strain AD169,100,11.0,85.56,1,1.0
IEDB_3089,Dengue virus 2 Jamaica/1409/1983 Antigen,Dengue virus 2 Jamaica/1409/1983,100,11.0,91.23,1,1.0
IEDB_3120,nan Antigen,,100,11.0,14.4,1,1.0
IEDB_3119,nan Antigen,,100,11.0,14.4,1,1.0
IEDB_3118,nan Antigen,,100,11.0,14.4,1,1.0
IEDB_3117,nan Antigen,,100,11.0,14.4,1,1.0
IEDB_3116,nan Antigen,,100,11.0,3.08,1,1.0
IEDB_3115,Bacillus licheniformis Antigen,Bacillus licheniformis,100,11.0,25.2,1,1.0
IEDB_3114,Mycobacterium leprae Antigen,Mycobacterium leprae,100,11.0,31.39,1,1.0
IEDB_3113,Mycobacterium scrofulaceum Antigen,Mycobacterium scrofulaceum,100,11.0,30.65,1,1.0
IEDB_3112,nan Antigen,,100,11.0,-20.17,1,1.0
IEDB_3111,Dengue virus type 3 CH53489 Antigen,Dengue virus type 3 CH53489,100,11.0,12.48,1,1.0
IEDB_3110,Mycobacterium tuberculosis Antigen,Mycobacterium tuberculosis,100,11.0,69.86,1,1.0
IEDB_3109,nan Antigen,,100,11.0,-20.17,1,1.0
IEDB_3108,nan Antigen,,100,11.0,-20.17,1,1.0
IEDB_3107,Homo sapiens Antigen,Homo sapiens,100,11.0,1.46,1,1.0
IEDB_3106,nan Antigen,,100,11.0,-25.83,1,1.0
IEDB_3105,Mycobacterium tuberculosis Antigen,Mycobacterium tuberculosis,100,11.0,-0.54,1,1.0
IEDB_3137,Cryptomeria japonica Antigen,Cryptomeria japonica,100,11.0,33.89,1,1.0
IEDB_3136,Vaccinia virus WR Antigen,Vaccinia virus WR,100,11.0,88.39,1,1.0
IEDB_3135,Yellow fever virus Antigen,Yellow fever virus,100,11.0,27.09,1,1.0
IEDB_3134,Homo sapiens Antigen,Homo sapiens,100,11.0,-7.03,1,1.0
IEDB_3133,Homo sapiens Antigen,Homo sapiens,100,11.0,-0.54,1,1.0
IEDB_3132,Mycobacterium tuberculosis Antigen,Mycobacterium tuberculosis,100,11.0,-0.54,1,1.0
IEDB_3131,Orthopoxvirus vaccinia Antigen,Orthopoxvirus vaccinia,100,11.0,-9.98,1,1.0
IEDB_3130,Vaccinia virus WR Antigen,Vaccinia virus WR,100,11.0,-17.24,1,1.0
IEDB_3129,Vaccinia virus WR Antigen,Vaccinia virus WR,100,11.0,45.11,1,1.0
IEDB_3128,nan Antigen,,100,11.0,8.74,1,1.0
IEDB_3127,nan Antigen,,100,11.0,22.63,1,1.0
IEDB_3126,nan Antigen,,100,11.0,25.72,1,1.0
IEDB_3124,nan Antigen,,100,11.0,25.72,1,1.0
IEDB_3123,nan Antigen,,100,11.0,25.72,1,1.0
IEDB_3122,nan Antigen,,100,11.0,25.72,1,1.0
IEDB_3121,nan Antigen,,100,11.0,25.67,1,1.0
IEDB_3153,Mycobacterium avium subsp. paratuberculosis Antigen,Mycobacterium avium subsp. paratuberculosis,100,11.0,-28.35,1,1.0
IEDB_3152,Homo sapiens Antigen,Homo sapiens,100,11.0,30.29,1,1.0
IEDB_3151,SARS coronavirus Tor2 Antigen,SARS coronavirus Tor2,100,11.0,57.71,1,1.0
IEDB_3150,Orthopoxvirus vaccinia Antigen,Orthopoxvirus vaccinia,100,11.0,8.89,1,1.0
IEDB_3149,Human herpesvirus 4 strain B95-8 Antigen,Human herpesvirus 4 strain B95-8,100,11.0,83.55,1,1.0
IEDB_3148,nan Antigen,,100,11.0,8.89,1,1.0
IEDB_3147,Zaire ebolavirus Antigen,Zaire ebolavirus,100,11.0,45.11,1,1.0
IEDB_3146,Trypanosoma cruzi Antigen,Trypanosoma cruzi,100,11.0,-10.14,1,1.0
IEDB_3145,Homo sapiens Antigen,Homo sapiens,100,11.0,35.65,1,1.0
IEDB_3144,Human herpesvirus 5 strain AD169 Antigen,Human herpesvirus 5 strain AD169,100,11.0,69.68,1,1.0
IEDB_3143,Clostridium tetani Antigen,Clostridium tetani,100,11.0,23.46,1,1.0
IEDB_3142,Mus musculus Antigen,Mus musculus,100,11.0,51.69,1,1.0
IEDB_3141,Lassa virus Josiah Antigen,Lassa virus Josiah,100,11.0,45.11,1,1.0
IEDB_3140,Mycobacterium tuberculosis Antigen,Mycobacterium tuberculosis,100,11.0,101.62,1,1.0
IEDB_3139,Salmonella typhi Ty21a Antigen,Salmonella typhi Ty21a,100,11.0,66.51,1,1.0
IEDB_3138,Variola virus Antigen,Variola virus,100,11.0,-7.81,1,1.0
IEDB_3170,Yellow fever virus Antigen,Yellow fever virus,100,11.0,-21.39,1,1.0
IEDB_3169,Glycine max Antigen,Glycine max,100,11.0,94.11,1,1.0
IEDB_3168,Hepatitis B virus Antigen,Hepatitis B virus,100,11.0,24.67,1,1.0
IEDB_3167,Hepatitis B virus subtype adw2 Antigen,Hepatitis B virus subtype adw2,100,11.0,13.8,1,1.0
IEDB_3166,SARS-CoV1 Antigen,SARS-CoV1,100,11.0,0.51,1,1.0
IEDB_3165,Human herpesvirus 4 strain B95-8 Antigen,Human herpesvirus 4 strain B95-8,100,11.0,62.36,1,1.0
IEDB_3164,Human immunodeficiency virus Antigen,Human immunodeficiency virus,100,11.0,-8.92,1,1.0
IEDB_3163,SARS-CoV1 Antigen,SARS-CoV1,100,11.0,-6.39,1,1.0
IEDB_3162,SARS coronavirus Tor2 Antigen,SARS coronavirus Tor2,100,11.0,21.91,1,1.0
IEDB_3161,Mycobacterium leprae Antigen,Mycobacterium leprae,100,11.0,21.49,1,1.0
IEDB_3160,Vaccinia virus WR Antigen,Vaccinia virus WR,100,11.0,119.56,1,1.0
IEDB_3159,Human herpesvirus 5 strain AD169 Antigen,Human herpesvirus 5 strain AD169,100,11.0,112.98,1,1.0
IEDB_3158,SARS coronavirus Tor2 Antigen,SARS coronavirus Tor2,100,11.0,78.0,1,1.0
IEDB_3157,Lechiguanas virus Antigen,Lechiguanas virus,100,11.0,49.33,1,1.0
IEDB_3156,Mammarenavirus juninense Antigen,Mammarenavirus juninense,100,11.0,57.71,1,1.0
IEDB_3154,Mycobacterium avium Antigen,Mycobacterium avium,100,11.0,82.63,1,1.0
IEDB_3186,hepatitis C virus genotype 1a Antigen,hepatitis C virus genotype 1a,100,11.0,21.77,1,1.0
IEDB_3185,Vaccinia virus WR Antigen,Vaccinia virus WR,100,11.0,-2.69,1,1.0
IEDB_3184,Hepatitis B virus Antigen,Hepatitis B virus,100,11.0,57.71,1,1.0
IEDB_3183,Mycobacterium tuberculosis Antigen,Mycobacterium tuberculosis,100,11.0,43.6,1,1.0
IEDB_3182,Mesocricetus auratus Antigen,Mesocricetus auratus,100,11.0,43.42,1,1.0
IEDB_3181,Mesocricetus auratus Antigen,Mesocricetus auratus,100,11.0,50.61,1,1.0
IEDB_3180,Mus musculus Antigen,Mus musculus,100,11.0,36.5,1,1.0
IEDB_3179,Human respiratory syncytial virus A2 Antigen,Human respiratory syncytial virus A2,100,11.0,59.08,1,1.0
IEDB_3178,West Nile virus Antigen,West Nile virus,100,11.0,48.28,1,1.0
IEDB_3177,Human herpesvirus 5 strain AD169 Antigen,Human herpesvirus 5 strain AD169,100,11.0,29.41,1,1.0
IEDB_3176,Mycobacterium tuberculosis H37Rv Antigen,Mycobacterium tuberculosis H37Rv,100,11.0,50.73,1,1.0
IEDB_3175,Vaccinia virus WR Antigen,Vaccinia virus WR,100,11.0,71.42,1,1.0
IEDB_3174,Phleum pratense Antigen,Phleum pratense,100,11.0,59.74,1,1.0
IEDB_3173,Lassa virus Josiah Antigen,Lassa virus Josiah,100,11.0,86.08,1,1.0
IEDB_3172,Mycobacterium tuberculosis F11 Antigen,Mycobacterium tuberculosis F11,100,11.0,57.71,1,1.0
IEDB_3171,Human papillomavirus 16 Antigen,Human papillomavirus 16,100,11.0,149.33,1,1.0
IEDB_3204,SARS coronavirus Tor2 Antigen,SARS coronavirus Tor2,100,11.0,17.39,1,1.0
IEDB_3203,Plasmodium falciparum CAMP/Malaysia Antigen,Plasmodium falciparum CAMP/Malaysia,100,11.0,92.03,1,1.0
IEDB_3202,Vaccinia virus WR Antigen,Vaccinia virus WR,100,11.0,28.93,1,1.0
IEDB_3201,Mus musculus Antigen,Mus musculus,100,11.0,26.82,1,1.0
IEDB_3200,nan Antigen,,100,11.0,15.88,1,1.0
IEDB_3199,SARS coronavirus Tor2 Antigen,SARS coronavirus Tor2,100,11.0,22.6,1,1.0
IEDB_3198,Vaccinia virus WR Antigen,Vaccinia virus WR,100,11.0,21.91,1,1.0
IEDB_3196,"Ebola virus - Mayinga, Zaire, 1976 Antigen","Ebola virus - Mayinga, Zaire, 1976",100,11.0,19.77,1,1.0
IEDB_3195,SARS coronavirus Tor2 Antigen,SARS coronavirus Tor2,100,11.0,35.2,1,1.0
IEDB_3194,Mus musculus Antigen,Mus musculus,100,11.0,21.91,1,1.0
IEDB_3193,Haemophilus influenzae Antigen,Haemophilus influenzae,100,11.0,30.29,1,1.0
IEDB_3191,Triticum aestivum Antigen,Triticum aestivum,100,11.0,43.72,1,1.0
IEDB_3190,Homo sapiens Antigen,Homo sapiens,100,11.0,-9.98,1,1.0
IEDB_3189,Influenza A virus (A/X-31(H3N2)) Antigen,Influenza A virus (A/X-31(H3N2)),100,11.0,63.93,1,1.0
IEDB_3188,Lolium perenne Antigen,Lolium perenne,100,11.0,3.18,1,1.0
IEDB_3187,Hepatitis C virus subtype 1b AD78 Antigen,Hepatitis C virus subtype 1b AD78,100,11.0,53.33,1,1.0
IEDB_3221,Mycobacterium tuberculosis variant bovis Antigen,Mycobacterium tuberculosis variant bovis,100,11.0,54.25,1,1.0
IEDB_3220,PRRSV VR2332 Antigen,PRRSV VR2332,100,11.0,36.07,1,1.0
IEDB_3219,Plasmodium falciparum CAMP/Malaysia Antigen,Plasmodium falciparum CAMP/Malaysia,100,11.0,-0.68,1,1.0
IEDB_3218,Staphylococcus aureus subsp. aureus MRSA252 Antigen,Staphylococcus aureus subsp. aureus MRSA252,100,11.0,35.16,1,1.0
IEDB_3217,Bean pod mottle virus Antigen,Bean pod mottle virus,100,11.0,102.29,1,1.0
IEDB_3216,Clostridium botulinum C 92-13 Antigen,Clostridium botulinum C 92-13,100,11.0,-18.32,1,1.0
IEDB_3215,Plasmodium falciparum T4/Thailand Antigen,Plasmodium falciparum T4/Thailand,100,11.0,5.69,1,1.0
IEDB_3214,Plasmodium falciparum 7G8 Antigen,Plasmodium falciparum 7G8,100,11.0,5.15,1,1.0
IEDB_3213,Lederbergia lenta Antigen,Lederbergia lenta,100,11.0,6.24,1,1.0
IEDB_3212,SARS coronavirus Tor2 Antigen,SARS coronavirus Tor2,100,11.0,64.31,1,1.0
IEDB_3211,nan Antigen,,100,11.0,8.89,1,1.0
IEDB_3209,Murine hepatitis virus strain A59 Antigen,Murine hepatitis virus strain A59,100,11.0,9.0,1,1.0
IEDB_3208,Streptococcus mutans Antigen,Streptococcus mutans,100,11.0,10.67,1,1.0
IEDB_3207,Vaccinia virus WR Antigen,Vaccinia virus WR,100,11.0,87.96,1,1.0
IEDB_3206,Homo sapiens Antigen,Homo sapiens,100,11.0,32.68,1,1.0
IEDB_3205,Homo sapiens Antigen,Homo sapiens,100,11.0,35.2,1,1.0
IEDB_3238,Theileria sergenti Type C Antigen,Theileria sergenti Type C,100,11.0,-28.67,1,1.0
IEDB_3237,nan Antigen,,100,11.0,63.89,1,1.0
IEDB_3236,Equine infectious anemia virus Antigen,Equine infectious anemia virus,100,11.0,119.04,1,1.0
IEDB_3235,Mycobacterium tuberculosis Antigen,Mycobacterium tuberculosis,100,11.0,2.86,1,1.0
IEDB_3234,Mycobacterium tuberculosis Antigen,Mycobacterium tuberculosis,100,11.0,9.0,1,1.0
IEDB_3233,Plasmodium falciparum CAMP/Malaysia Antigen,Plasmodium falciparum CAMP/Malaysia,100,11.0,-4.28,1,1.0
IEDB_3232,Streptococcus mutans Antigen,Streptococcus mutans,100,11.0,21.36,1,1.0
IEDB_3231,Orthohepacivirus hominis Antigen,Orthohepacivirus hominis,100,11.0,19.33,1,1.0
IEDB_3230,Trypanosoma cruzi Antigen,Trypanosoma cruzi,100,11.0,33.0,1,1.0
IEDB_3229,Plasmodium berghei ANKA Antigen,Plasmodium berghei ANKA,100,11.0,72.53,1,1.0
IEDB_3228,Trypanosoma cruzi Antigen,Trypanosoma cruzi,100,11.0,-1.86,1,1.0
IEDB_3227,Human herpesvirus 5 strain AD169 Antigen,Human herpesvirus 5 strain AD169,100,11.0,-1.19,1,1.0
IEDB_3226,Human herpesvirus 5 strain AD169 Antigen,Human herpesvirus 5 strain AD169,100,11.0,-1.94,1,1.0
IEDB_3225,Streptococcus mutans Antigen,Streptococcus mutans,100,11.0,11.54,1,1.0
IEDB_3224,Trypanosoma cruzi Antigen,Trypanosoma cruzi,100,11.0,-13.64,1,1.0
IEDB_3223,Measles virus strain Edmonston Antigen,Measles virus strain Edmonston,100,11.0,3.27,1,1.0
IEDB_3255,nan Antigen,,100,11.0,-1.24,1,1.0
IEDB_3254,nan Antigen,,100,11.0,41.0,1,1.0
IEDB_3253,nan Antigen,,100,11.0,8.23,1,1.0
IEDB_3252,nan Antigen,,100,11.0,13.54,1,1.0
IEDB_3251,Manduca sexta Antigen,Manduca sexta,100,11.0,13.54,1,1.0
IEDB_3250,nan Antigen,,100,11.0,13.54,1,1.0
IEDB_3249,nan Antigen,,100,11.0,8.23,1,1.0
IEDB_3248,nan Antigen,,100,11.0,-1.24,1,1.0
IEDB_3247,nan Antigen,,100,11.0,16.11,1,1.0
IEDB_3246,nan Antigen,,100,11.0,9.45,1,1.0
IEDB_3245,nan Antigen,,100,11.0,33.64,1,1.0
IEDB_3244,nan Antigen,,100,11.0,13.54,1,1.0
IEDB_3243,nan Antigen,,100,11.0,13.54,1,1.0
IEDB_3241,Bacillus licheniformis Antigen,Bacillus licheniformis,100,11.0,29.15,1,1.0
IEDB_3240,Theileria parva Antigen,Theileria parva,100,11.0,23.69,1,1.0
IEDB_3239,Plasmodium falciparum CAMP/Malaysia Antigen,Plasmodium falciparum CAMP/Malaysia,100,11.0,-1.86,1,1.0
IEDB_3271,Vaccinia virus WR Antigen,Vaccinia virus WR,100,11.0,14.04,1,1.0
IEDB_3270,nan Antigen,,100,11.0,23.17,1,1.0
IEDB_3269,Mus musculus Antigen,Mus musculus,100,11.0,-3.53,1,1.0
IEDB_3268,nan Antigen,,100,11.0,59.21,1,1.0
IEDB_3267,Simian immunodeficiency virus Antigen,Simian immunodeficiency virus,100,11.0,13.94,1,1.0
IEDB_3266,Lymphocytic choriomeningitis virus (strain Armstrong) Antigen,Lymphocytic choriomeningitis virus (strain Armstrong),100,11.0,-31.9,1,1.0
IEDB_3265,Lymphocytic choriomeningitis virus (strain Armstrong) Antigen,Lymphocytic choriomeningitis virus (strain Armstrong),100,11.0,-21.06,1,1.0
IEDB_3264,Lymphocytic choriomeningitis virus (strain Armstrong) Antigen,Lymphocytic choriomeningitis virus (strain Armstrong),100,11.0,-24.51,1,1.0
IEDB_3263,Lymphocytic choriomeningitis virus (strain Armstrong) Antigen,Lymphocytic choriomeningitis virus (strain Armstrong),100,11.0,-28.82,1,1.0
IEDB_3262,Vaccinia virus WR Antigen,Vaccinia virus WR,100,11.0,-25.7,1,1.0
IEDB_3261,Human herpesvirus 5 strain AD169 Antigen,Human herpesvirus 5 strain AD169,100,11.0,-11.73,1,1.0
IEDB_3260,Human betaherpesvirus 5 Antigen,Human betaherpesvirus 5,100,11.0,-7.65,1,1.0
IEDB_3259,nan Antigen,,100,11.0,3.52,1,1.0
IEDB_3258,nan Antigen,,100,11.0,13.54,1,1.0
IEDB_3257,nan Antigen,,100,11.0,28.14,1,1.0
IEDB_3256,nan Antigen,,100,11.0,36.48,1,1.0
IEDB_3287,Orthohepacivirus hominis Antigen,Orthohepacivirus hominis,100,11.0,61.76,1,1.0
IEDB_3286,Helicobacter pylori Antigen,Helicobacter pylori,100,11.0,-13.66,1,1.0
IEDB_3285,Trypanosoma cruzi Antigen,Trypanosoma cruzi,100,11.0,29.46,1,1.0
IEDB_3284,Neisseria meningitidis Antigen,Neisseria meningitidis,100,11.0,-12.6,1,1.0
IEDB_3283,Trypanosoma cruzi Antigen,Trypanosoma cruzi,100,11.0,-19.46,1,1.0
IEDB_3282,Theiler's encephalomyelitis virus (STRAIN BEAN 8386) Antigen,Theiler's encephalomyelitis virus (STRAIN BEAN 8386),100,11.0,31.71,1,1.0
IEDB_3281,Plasmodium vivax Antigen,Plasmodium vivax,100,11.0,12.33,1,1.0
IEDB_3280,Plasmodium vivax Antigen,Plasmodium vivax,100,11.0,1.76,1,1.0
IEDB_3279,Plasmodium vivax Antigen,Plasmodium vivax,100,11.0,-19.9,1,1.0
IEDB_3278,Plasmodium vivax VK247 Antigen,Plasmodium vivax VK247,100,11.0,-26.17,1,1.0
IEDB_3277,Plasmodium vivax Antigen,Plasmodium vivax,100,11.0,-19.2,1,1.0
IEDB_3276,Plasmodium vivax Antigen,Plasmodium vivax,100,11.0,-17.82,1,1.0
IEDB_3275,Plasmodium vivax Antigen,Plasmodium vivax,100,11.0,-12.76,1,1.0
IEDB_3274,Plasmodium vivax Antigen,Plasmodium vivax,100,11.0,-13.66,1,1.0
IEDB_3273,Staphylococcus aureus subsp. aureus MRSA252 Antigen,Staphylococcus aureus subsp. aureus MRSA252,100,11.0,-12.97,1,1.0
IEDB_3272,nan Antigen,,100,11.0,15.06,1,1.0
IEDB_3303,nan Antigen,,100,11.0,84.02,1,1.0
IEDB_3302,Homo sapiens Antigen,Homo sapiens,100,11.0,52.75,1,1.0
IEDB_3301,Trypanosoma cruzi Antigen,Trypanosoma cruzi,100,11.0,8.75,1,1.0
IEDB_3300,Trypanosoma cruzi Antigen,Trypanosoma cruzi,100,11.0,-1.86,1,1.0
IEDB_3299,Trypanosoma cruzi Antigen,Trypanosoma cruzi,100,11.0,38.35,1,1.0
IEDB_3298,Trypanosoma cruzi Antigen,Trypanosoma cruzi,100,11.0,19.56,1,1.0
IEDB_3297,Trypanosoma cruzi Antigen,Trypanosoma cruzi,100,11.0,19.56,1,1.0
IEDB_3296,Trypanosoma cruzi Antigen,Trypanosoma cruzi,100,11.0,38.35,1,1.0
IEDB_3295,hepatitis C virus genotype 1a Antigen,hepatitis C virus genotype 1a,100,11.0,75.73,1,1.0
IEDB_3294,Trypanosoma cruzi Antigen,Trypanosoma cruzi,100,11.0,-0.68,1,1.0
IEDB_3293,Foot-and-mouth disease virus C1 CS8 Antigen,Foot-and-mouth disease virus C1 CS8,100,11.0,60.36,1,1.0
IEDB_3292,Trypanosoma cruzi Antigen,Trypanosoma cruzi,100,11.0,8.75,1,1.0
IEDB_3291,Trypanosoma cruzi Antigen,Trypanosoma cruzi,100,11.0,8.75,1,1.0
IEDB_3290,Trypanosoma cruzi Antigen,Trypanosoma cruzi,100,11.0,8.75,1,1.0
IEDB_3289,Cryptomeria japonica Antigen,Cryptomeria japonica,100,11.0,33.87,1,1.0
IEDB_3288,Cryptomeria japonica Antigen,Cryptomeria japonica,100,11.0,35.57,1,1.0
IEDB_3319,Plasmodium falciparum 7G8 Antigen,Plasmodium falciparum 7G8,100,11.0,28.93,1,1.0
IEDB_3318,Clostridium tetani Antigen,Clostridium tetani,100,11.0,51.68,1,1.0
IEDB_3317,Andes virus CHI-7913 Antigen,Andes virus CHI-7913,100,11.0,-9.51,1,1.0
IEDB_3316,Leishmania infantum LEM 75 Antigen,Leishmania infantum LEM 75,100,11.0,29.15,1,1.0
IEDB_3315,Glycine max Antigen,Glycine max,100,11.0,87.32,1,1.0
IEDB_3314,dengue virus type 3 Antigen,dengue virus type 3,100,11.0,-2.31,1,1.0
IEDB_3313,Homo sapiens Antigen,Homo sapiens,100,11.0,61.88,1,1.0
IEDB_3312,Mycobacterium tuberculosis H37Rv Antigen,Mycobacterium tuberculosis H37Rv,100,11.0,54.47,1,1.0
IEDB_3311,SARS coronavirus Tor2 Antigen,SARS coronavirus Tor2,100,11.0,14.99,1,1.0
IEDB_3310,SARS-CoV1 Antigen,SARS-CoV1,100,11.0,15.32,1,1.0
IEDB_3309,Clostridium tetani Antigen,Clostridium tetani,100,11.0,102.13,1,1.0
IEDB_3308,Helicobacter pylori 26695 Antigen,Helicobacter pylori 26695,100,11.0,92.82,1,1.0
IEDB_3307,nan Antigen,,100,11.0,101.56,1,1.0
IEDB_3306,Penaeus aztecus Antigen,Penaeus aztecus,100,11.0,32.97,1,1.0
IEDB_3305,Plasmodium falciparum CAMP/Malaysia Antigen,Plasmodium falciparum CAMP/Malaysia,100,11.0,118.6,1,1.0
IEDB_3304,Vaccinia virus WR Antigen,Vaccinia virus WR,100,11.0,65.44,1,1.0
IEDB_3335,Borreliella burgdorferi B31 Antigen,Borreliella burgdorferi B31,100,11.0,12.23,1,1.0
IEDB_3334,Arachis hypogaea Antigen,Arachis hypogaea,100,11.0,45.87,1,1.0
IEDB_3333,Arachis hypogaea Antigen,Arachis hypogaea,100,11.0,32.14,1,1.0
IEDB_3332,Bacillus licheniformis Antigen,Bacillus licheniformis,100,11.0,2.87,1,1.0
IEDB_3331,hepatitis C virus genotype 1a Antigen,hepatitis C virus genotype 1a,100,11.0,82.66,1,1.0
IEDB_3330,Staphylococcus aureus subsp. aureus MRSA252 Antigen,Staphylococcus aureus subsp. aureus MRSA252,100,11.0,-0.54,1,1.0
IEDB_3329,Mus musculus Antigen,Mus musculus,100,11.0,0.6,1,1.0
IEDB_3328,Borreliella burgdorferi B31 Antigen,Borreliella burgdorferi B31,100,11.0,0.51,1,1.0
IEDB_3327,Borreliella burgdorferi Antigen,Borreliella burgdorferi,100,11.0,-3.1,1,1.0
IEDB_3326,Borreliella burgdorferi B31 Antigen,Borreliella burgdorferi B31,100,11.0,-7.03,1,1.0
IEDB_3325,Plasmodium falciparum CAMP/Malaysia Antigen,Plasmodium falciparum CAMP/Malaysia,100,11.0,8.75,1,1.0
IEDB_3324,Clostridium tetani Antigen,Clostridium tetani,100,11.0,9.3,1,1.0
IEDB_3323,Shigella flexneri Antigen,Shigella flexneri,100,11.0,77.85,1,1.0
IEDB_3322,Helicobacter pylori 26695 Antigen,Helicobacter pylori 26695,100,11.0,25.77,1,1.0
IEDB_3321,Trypanosoma cruzi Antigen,Trypanosoma cruzi,100,11.0,79.1,1,1.0
IEDB_3320,Plasmodium falciparum Antigen,Plasmodium falciparum,100,11.0,31.52,1,1.0
IEDB_3352,Brassica juncea Antigen,Brassica juncea,100,11.0,7.41,1,1.0
IEDB_3351,Cryptomeria japonica Antigen,Cryptomeria japonica,100,11.0,38.59,1,1.0
IEDB_3350,Cryptomeria japonica Antigen,Cryptomeria japonica,100,11.0,37.19,1,1.0
IEDB_3349,Cryptomeria japonica Antigen,Cryptomeria japonica,100,11.0,33.71,1,1.0
IEDB_3348,Chamaecyparis obtusa Antigen,Chamaecyparis obtusa,100,11.0,46.1,1,1.0
IEDB_3347,Juniperus ashei Antigen,Juniperus ashei,100,11.0,86.74,1,1.0
IEDB_3346,Campylobacter fetus subsp. fetus Antigen,Campylobacter fetus subsp. fetus,100,11.0,68.46,1,1.0
IEDB_3345,Human immunodeficiency virus 1 Antigen,Human immunodeficiency virus 1,100,11.0,7.96,1,1.0
IEDB_3344,Trypanosoma cruzi Antigen,Trypanosoma cruzi,100,11.0,17.12,1,1.0
IEDB_3343,Trypanosoma cruzi Antigen,Trypanosoma cruzi,100,11.0,38.35,1,1.0
IEDB_3342,nan Antigen,,100,11.0,8.89,1,1.0
IEDB_3341,Trypanosoma cruzi Antigen,Trypanosoma cruzi,100,11.0,8.75,1,1.0
IEDB_3340,Plasmodium falciparum T4/Thailand Antigen,Plasmodium falciparum T4/Thailand,100,11.0,5.69,1,1.0
IEDB_3339,Plasmodium falciparum 7G8 Antigen,Plasmodium falciparum 7G8,100,11.0,5.15,1,1.0
IEDB_3338,Clostridium tetani Antigen,Clostridium tetani,100,11.0,-3.36,1,1.0
IEDB_3336,Borreliella burgdorferi Antigen,Borreliella burgdorferi,100,11.0,9.97,1,1.0
IEDB_3369,Hepatitis E virus (strain Burma) Antigen,Hepatitis E virus (strain Burma),100,11.0,67.01,1,1.0
IEDB_3368,Hepatitis E virus (strain Burma) Antigen,Hepatitis E virus (strain Burma),100,11.0,57.83,1,1.0
IEDB_3367,Hepatitis E virus (strain Burma) Antigen,Hepatitis E virus (strain Burma),100,11.0,23.07,1,1.0
IEDB_3366,Bordetella pertussis Antigen,Bordetella pertussis,100,11.0,97.69,1,1.0
IEDB_3365,Plasmodium falciparum Antigen,Plasmodium falciparum,100,11.0,38.18,1,1.0
IEDB_3364,SARS coronavirus Tor2 Antigen,SARS coronavirus Tor2,100,11.0,28.59,1,1.0
IEDB_3362,Pseudomonas aeruginosa Antigen,Pseudomonas aeruginosa,100,11.0,2.49,1,1.0
IEDB_3361,Plasmodium falciparum FC27/Papua New Guinea Antigen,Plasmodium falciparum FC27/Papua New Guinea,100,11.0,-16.07,1,1.0
IEDB_3360,Hepatitis B virus Antigen,Hepatitis B virus,100,11.0,-0.28,1,1.0
IEDB_3359,Simian immunodeficiency virus (MM142-83 ISOLATE) Antigen,Simian immunodeficiency virus (MM142-83 ISOLATE),100,11.0,-17.45,1,1.0
IEDB_3358,Simian immunodeficiency virus (MM142-83 ISOLATE) Antigen,Simian immunodeficiency virus (MM142-83 ISOLATE),100,11.0,-14.89,1,1.0
IEDB_3357,Human immunodeficiency virus type 2 (ISOLATE BEN) Antigen,Human immunodeficiency virus type 2 (ISOLATE BEN),100,11.0,-12.12,1,1.0
IEDB_3356,Human immunodeficiency virus type 2 (ISOLATE BEN) Antigen,Human immunodeficiency virus type 2 (ISOLATE BEN),100,11.0,-14.89,1,1.0
IEDB_3355,Shigella flexneri Antigen,Shigella flexneri,100,11.0,46.29,1,1.0
IEDB_3354,Influenza A virus (A/California/04/2009(H1N1)) Antigen,Influenza A virus (A/California/04/2009(H1N1)),100,11.0,-20.73,1,1.0
IEDB_3353,Plasmodium falciparum Antigen,Plasmodium falciparum,100,11.0,15.39,1,1.0
IEDB_3385,Mycobacterium tuberculosis Antigen,Mycobacterium tuberculosis,100,11.0,6.21,1,1.0
IEDB_3384,Mycobacterium tuberculosis H37Rv Antigen,Mycobacterium tuberculosis H37Rv,100,11.0,-3.27,1,1.0
IEDB_3383,Influenza A virus (A/X-31(H3N2)) Antigen,Influenza A virus (A/X-31(H3N2)),100,11.0,54.31,1,1.0
IEDB_3382,Hepatitis E virus (strain Mexico) Antigen,Hepatitis E virus (strain Mexico),100,11.0,101.62,1,1.0
IEDB_3381,Hepatitis E virus (strain Mexico) Antigen,Hepatitis E virus (strain Mexico),100,11.0,69.37,1,1.0
IEDB_3380,Hepatitis E virus (strain Mexico) Antigen,Hepatitis E virus (strain Mexico),100,11.0,50.64,1,1.0
IEDB_3379,Hepatitis E virus (strain Mexico) Antigen,Hepatitis E virus (strain Mexico),100,11.0,27.87,1,1.0
IEDB_3378,Listeria monocytogenes EGD-e Antigen,Listeria monocytogenes EGD-e,100,11.0,18.93,1,1.0
IEDB_3377,SARS-CoV1 Antigen,SARS-CoV1,100,11.0,53.59,1,1.0
IEDB_3376,Trypanosoma cruzi Antigen,Trypanosoma cruzi,100,11.0,47.48,1,1.0
IEDB_3375,Borreliella burgdorferi B31 Antigen,Borreliella burgdorferi B31,100,11.0,20.72,1,1.0
IEDB_3374,Vespula vulgaris Antigen,Vespula vulgaris,100,11.0,-35.57,1,1.0
IEDB_3373,nan Antigen,,100,11.0,76.26,1,1.0
IEDB_3372,Mycobacterium tuberculosis variant bovis Antigen,Mycobacterium tuberculosis variant bovis,100,11.0,18.61,1,1.0
IEDB_3371,Trypanosoma cruzi Antigen,Trypanosoma cruzi,100,11.0,82.07,1,1.0
IEDB_3370,Hepatitis B virus Antigen,Hepatitis B virus,100,11.0,90.89,1,1.0
IEDB_3401,Clostridium tetani Antigen,Clostridium tetani,100,11.0,11.07,1,1.0
IEDB_3400,Shigella flexneri Antigen,Shigella flexneri,100,11.0,8.75,1,1.0
IEDB_3399,Shigella flexneri Antigen,Shigella flexneri,100,11.0,24.18,1,1.0
IEDB_3398,Lymphocytic choriomeningitis virus (strain Armstrong) Antigen,Lymphocytic choriomeningitis virus (strain Armstrong),100,11.0,84.05,1,1.0
IEDB_3397,Lymphocytic choriomeningitis virus (strain Armstrong) Antigen,Lymphocytic choriomeningitis virus (strain Armstrong),100,11.0,91.46,1,1.0
IEDB_3396,Lymphocytic choriomeningitis virus (strain Armstrong) Antigen,Lymphocytic choriomeningitis virus (strain Armstrong),100,11.0,79.11,1,1.0
IEDB_3395,Lymphocytic choriomeningitis virus (strain Armstrong) Antigen,Lymphocytic choriomeningitis virus (strain Armstrong),100,11.0,63.67,1,1.0
IEDB_3394,Plasmodium falciparum CAMP/Malaysia Antigen,Plasmodium falciparum CAMP/Malaysia,100,11.0,-12.48,1,1.0
IEDB_3393,Staphylococcus aureus subsp. aureus MRSA252 Antigen,Staphylococcus aureus subsp. aureus MRSA252,100,11.0,35.2,1,1.0
IEDB_3392,nan Antigen,,100,11.0,0.51,1,1.0
IEDB_3391,Taenia solium Antigen,Taenia solium,100,11.0,91.61,1,1.0
IEDB_3390,Coxsackievirus B4 (strain JVB / Benschoten / New York/51) Antigen,Coxsackievirus B4 (strain JVB / Benschoten / New York/51),100,11.0,67.93,1,1.0
IEDB_3389,Homo sapiens Antigen,Homo sapiens,100,11.0,66.17,1,1.0
IEDB_3388,Mycobacterium tuberculosis Antigen,Mycobacterium tuberculosis,100,11.0,11.6,1,1.0
IEDB_3387,Mycobacterium tuberculosis Antigen,Mycobacterium tuberculosis,100,11.0,3.91,1,1.0
IEDB_3386,Trypanosoma cruzi Antigen,Trypanosoma cruzi,100,11.0,8.75,1,1.0
IEDB_3418,Chimpanzee adenovirus Antigen,Chimpanzee adenovirus,100,11.0,1.15,1,1.0
IEDB_3417,Rickettsia conorii str. Malish 7 Antigen,Rickettsia conorii str. Malish 7,100,11.0,-0.54,1,1.0
IEDB_3415,Equine infectious anemia virus Antigen,Equine infectious anemia virus,100,11.0,18.83,1,1.0
IEDB_3414,Vaccinia virus WR Antigen,Vaccinia virus WR,100,11.0,-33.94,1,1.0
IEDB_3413,Vespula vulgaris Antigen,Vespula vulgaris,100,11.0,-12.06,1,1.0
IEDB_3412,Trypanosoma cruzi Antigen,Trypanosoma cruzi,100,11.0,22.21,1,1.0
IEDB_3411,Hepatitis B virus Antigen,Hepatitis B virus,100,11.0,5.57,1,1.0
IEDB_3410,Fagopyrum esculentum Antigen,Fagopyrum esculentum,100,11.0,28.9,1,1.0
IEDB_3409,Rickettsia conorii str. Malish 7 Antigen,Rickettsia conorii str. Malish 7,100,11.0,58.82,1,1.0
IEDB_3408,Trypanosoma cruzi Antigen,Trypanosoma cruzi,100,11.0,32.83,1,1.0
IEDB_3407,Mycobacterium tuberculosis Antigen,Mycobacterium tuberculosis,100,11.0,56.59,1,1.0
IEDB_3406,Theiler's encephalomyelitis virus (STRAIN BEAN 8386) Antigen,Theiler's encephalomyelitis virus (STRAIN BEAN 8386),100,11.0,-12.09,1,1.0
IEDB_3405,Streptococcus pyogenes Antigen,Streptococcus pyogenes,100,11.0,33.37,1,1.0
IEDB_3404,Trypanosoma cruzi Antigen,Trypanosoma cruzi,100,11.0,8.75,1,1.0
IEDB_3403,Clostridium tetani Antigen,Clostridium tetani,100,11.0,23.62,1,1.0
IEDB_3402,Clostridium tetani Antigen,Clostridium tetani,100,11.0,10.98,1,1.0
IEDB_3434,Trypanosoma cruzi Antigen,Trypanosoma cruzi,100,11.0,-1.86,1,1.0
IEDB_3433,Trypanosoma cruzi Antigen,Trypanosoma cruzi,100,11.0,-0.68,1,1.0
IEDB_3432,Trypanosoma cruzi Antigen,Trypanosoma cruzi,100,11.0,28.93,1,1.0
IEDB_3431,Theiler's encephalomyelitis virus (STRAIN BEAN 8386) Antigen,Theiler's encephalomyelitis virus (STRAIN BEAN 8386),100,11.0,48.53,1,1.0
IEDB_3430,Human betaherpesvirus 5 Antigen,Human betaherpesvirus 5,100,11.0,-14.09,1,1.0
IEDB_3429,Hevea brasiliensis Antigen,Hevea brasiliensis,100,11.0,18.93,1,1.0
IEDB_3428,Vaccinia virus WR Antigen,Vaccinia virus WR,100,11.0,51.69,1,1.0
IEDB_3427,Penicillium chrysogenum Antigen,Penicillium chrysogenum,100,11.0,31.73,1,1.0
IEDB_3426,Penicillium chrysogenum Antigen,Penicillium chrysogenum,100,11.0,44.0,1,1.0
IEDB_3425,Mycobacterium tuberculosis variant bovis Antigen,Mycobacterium tuberculosis variant bovis,100,11.0,11.6,1,1.0
IEDB_3424,Vaccinia virus WR Antigen,Vaccinia virus WR,100,11.0,54.25,1,1.0
IEDB_3423,Human alphaherpesvirus 2 Antigen,Human alphaherpesvirus 2,100,11.0,3.67,1,1.0
IEDB_3422,Holcus lanatus Antigen,Holcus lanatus,100,11.0,44.76,1,1.0
IEDB_3421,Leishmania major Antigen,Leishmania major,100,11.0,34.74,1,1.0
IEDB_3420,Staphylococcus aureus subsp. aureus MRSA252 Antigen,Staphylococcus aureus subsp. aureus MRSA252,100,11.0,30.29,1,1.0
IEDB_3419,nan Antigen,,100,11.0,55.78,1,1.0
IEDB_3450,Listeria monocytogenes EGD-e Antigen,Listeria monocytogenes EGD-e,100,11.0,93.07,1,1.0
IEDB_3449,Mus musculus Antigen,Mus musculus,100,11.0,70.29,1,1.0
IEDB_3448,Homo sapiens Antigen,Homo sapiens,100,11.0,51.69,1,1.0
IEDB_3447,Trypanosoma cruzi Antigen,Trypanosoma cruzi,100,11.0,24.18,1,1.0
IEDB_3446,Porphyromonas gingivalis Antigen,Porphyromonas gingivalis,100,11.0,-25.44,1,1.0
IEDB_3445,Trypanosoma cruzi Antigen,Trypanosoma cruzi,100,11.0,13.56,1,1.0
IEDB_3444,Porphyromonas gingivalis Antigen,Porphyromonas gingivalis,100,11.0,-25.44,1,1.0
IEDB_3443,Trypanosoma cruzi Antigen,Trypanosoma cruzi,100,11.0,8.75,1,1.0
IEDB_3442,Trypanosoma cruzi Antigen,Trypanosoma cruzi,100,11.0,-10.04,1,1.0
IEDB_3441,Trypanosoma cruzi Antigen,Trypanosoma cruzi,100,11.0,-10.04,1,1.0
IEDB_3440,Trypanosoma cruzi Antigen,Trypanosoma cruzi,100,11.0,5.39,1,1.0
IEDB_3439,Trypanosoma cruzi Antigen,Trypanosoma cruzi,100,11.0,-10.04,1,1.0
IEDB_3438,Trypanosoma cruzi Antigen,Trypanosoma cruzi,100,11.0,-10.04,1,1.0
IEDB_3437,Trypanosoma cruzi Antigen,Trypanosoma cruzi,100,11.0,8.75,1,1.0
IEDB_3436,Trypanosoma cruzi Antigen,Trypanosoma cruzi,100,11.0,8.75,1,1.0
IEDB_3435,Trypanosoma cruzi Antigen,Trypanosoma cruzi,100,11.0,8.75,1,1.0
IEDB_3466,SARS coronavirus Tor2 Antigen,SARS coronavirus Tor2,100,11.0,123.02,1,1.0
IEDB_3465,Hepatitis C virus (isolate H) Antigen,Hepatitis C virus (isolate H),100,11.0,86.26,1,1.0
IEDB_3464,Bacillus amyloliquefaciens Antigen,Bacillus amyloliquefaciens,100,11.0,28.95,1,1.0
IEDB_3463,Francisella tularensis subsp. holarctica LVS Antigen,Francisella tularensis subsp. holarctica LVS,100,11.0,42.26,1,1.0
IEDB_3462,nan Antigen,,100,11.0,51.69,1,1.0
IEDB_3461,SARS coronavirus Tor2 Antigen,SARS coronavirus Tor2,100,11.0,71.63,1,1.0
IEDB_3460,SARS coronavirus Tor2 Antigen,SARS coronavirus Tor2,100,11.0,39.03,1,1.0
IEDB_3459,Hepatitis E virus (strain Burma) Antigen,Hepatitis E virus (strain Burma),100,11.0,81.31,1,1.0
IEDB_3458,Francisella tularensis subsp. tularensis SCHU S4 Antigen,Francisella tularensis subsp. tularensis SCHU S4,100,11.0,39.03,1,1.0
IEDB_3457,Hevea brasiliensis Antigen,Hevea brasiliensis,100,11.0,110.59,1,1.0
IEDB_3456,Dermatophagoides pteronyssinus Antigen,Dermatophagoides pteronyssinus,100,11.0,47.75,1,1.0
IEDB_3455,Trypanosoma cruzi Antigen,Trypanosoma cruzi,100,11.0,6.74,1,1.0
IEDB_3454,Mycobacterium avium Antigen,Mycobacterium avium,100,11.0,106.0,1,1.0
IEDB_3453,Lederbergia lenta Antigen,Lederbergia lenta,100,11.0,31.9,1,1.0
IEDB_3452,nan Antigen,,100,11.0,42.26,1,1.0
IEDB_3451,Listeria monocytogenes EGD-e Antigen,Listeria monocytogenes EGD-e,100,11.0,74.62,1,1.0
IEDB_3483,Homo sapiens Antigen,Homo sapiens,100,11.0,80.97,1,1.0
IEDB_3482,West Nile virus strain 385-99 Antigen,West Nile virus strain 385-99,100,11.0,63.9,1,1.0
IEDB_3481,Japanese encephalitis virus strain Nakayama Antigen,Japanese encephalitis virus strain Nakayama,100,11.0,69.89,1,1.0
IEDB_3480,Human alphaherpesvirus 2 Antigen,Human alphaherpesvirus 2,100,11.0,136.73,1,1.0
IEDB_3479,Francisella tularensis subsp. tularensis SCHU S4 Antigen,Francisella tularensis subsp. tularensis SCHU S4,100,11.0,51.69,1,1.0
IEDB_3478,Hepatitis C virus (isolate 1) Antigen,Hepatitis C virus (isolate 1),100,11.0,10.47,1,1.0
IEDB_3477,hepatitis C virus genotype 1a Antigen,hepatitis C virus genotype 1a,100,11.0,23.47,1,1.0
IEDB_3476,Poa pratensis Antigen,Poa pratensis,100,11.0,18.83,1,1.0
IEDB_3475,SARS coronavirus Tor2 Antigen,SARS coronavirus Tor2,100,11.0,39.03,1,1.0
IEDB_3474,Vaccinia virus Copenhagen Antigen,Vaccinia virus Copenhagen,100,11.0,105.3,1,1.0
IEDB_3473,Orthopoxvirus vaccinia Antigen,Orthopoxvirus vaccinia,100,11.0,115.89,1,1.0
IEDB_3472,Francisella tularensis subsp. tularensis SCHU S4 Antigen,Francisella tularensis subsp. tularensis SCHU S4,100,11.0,42.26,1,1.0
IEDB_3471,nan Antigen,,100,11.0,118.63,1,1.0
IEDB_3469,Human betaherpesvirus 5 Antigen,Human betaherpesvirus 5,100,11.0,56.39,1,1.0
IEDB_3468,Human betaherpesvirus 5 Antigen,Human betaherpesvirus 5,100,11.0,58.23,1,1.0
IEDB_3467,Human betaherpesvirus 5 Antigen,Human betaherpesvirus 5,100,11.0,71.07,1,1.0
IEDB_3499,Homo sapiens Antigen,Homo sapiens,100,11.0,34.92,1,1.0
IEDB_3498,Mus musculus C57BL/6 Antigen,Mus musculus C57BL/6,100,11.0,18.44,1,1.0
IEDB_3497,Homo sapiens Antigen,Homo sapiens,100,11.0,1.38,1,1.0
IEDB_3496,Coxsackievirus B4 (strain JVB / Benschoten / New York/51) Antigen,Coxsackievirus B4 (strain JVB / Benschoten / New York/51),100,11.0,26.13,1,1.0
IEDB_3495,Mycobacterium tuberculosis str. Haarlem Antigen,Mycobacterium tuberculosis str. Haarlem,100,11.0,64.71,1,1.0
IEDB_3494,nan Antigen,,100,11.0,76.62,1,1.0
IEDB_3493,Borreliella burgdorferi Antigen,Borreliella burgdorferi,100,11.0,20.72,1,1.0
IEDB_3492,Shigella flexneri 2a Antigen,Shigella flexneri 2a,100,11.0,78.32,1,1.0
IEDB_3491,Hepatitis C virus subtype 2a Antigen,Hepatitis C virus subtype 2a,100,11.0,15.02,1,1.0
IEDB_3490,Hepatitis C virus subtype 2b Antigen,Hepatitis C virus subtype 2b,100,11.0,42.54,1,1.0
IEDB_3489,Helicobacter pylori 26695 Antigen,Helicobacter pylori 26695,100,11.0,3.04,1,1.0
IEDB_3488,Mycobacterium tuberculosis Antigen,Mycobacterium tuberculosis,100,11.0,30.74,1,1.0
IEDB_3487,Mycobacterium tuberculosis H37Rv Antigen,Mycobacterium tuberculosis H37Rv,100,11.0,24.57,1,1.0
IEDB_3486,nan Antigen,,100,11.0,64.15,1,1.0
IEDB_3485,Prunus persica Antigen,Prunus persica,100,11.0,21.69,1,1.0
IEDB_3484,Orthopoxvirus vaccinia Antigen,Orthopoxvirus vaccinia,100,11.0,13.53,1,1.0
IEDB_3515,Theiler's encephalomyelitis virus (STRAIN BEAN 8386) Antigen,Theiler's encephalomyelitis virus (STRAIN BEAN 8386),100,11.0,37.91,1,1.0
IEDB_3514,Mycobacterium tuberculosis H37Rv Antigen,Mycobacterium tuberculosis H37Rv,100,11.0,40.17,1,1.0
IEDB_3513,Homo sapiens Antigen,Homo sapiens,100,11.0,95.64,1,1.0
IEDB_3512,Human betaherpesvirus 5 Antigen,Human betaherpesvirus 5,100,11.0,140.71,1,1.0
IEDB_3511,Avihepevirus magniiecur Antigen,Avihepevirus magniiecur,100,11.0,137.31,1,1.0
IEDB_3510,Staphylococcus aureus subsp. aureus MRSA252 Antigen,Staphylococcus aureus subsp. aureus MRSA252,100,11.0,113.8,1,1.0
IEDB_3509,Hepatitis C virus subtype 1b Antigen,Hepatitis C virus subtype 1b,100,11.0,92.37,1,1.0
IEDB_3508,Hepatitis C virus subtype 1b Antigen,Hepatitis C virus subtype 1b,100,11.0,48.68,1,1.0
IEDB_3507,Hepatitis C virus subtype 1b Antigen,Hepatitis C virus subtype 1b,100,11.0,101.5,1,1.0
IEDB_3506,nan Antigen,,100,11.0,39.79,1,1.0
IEDB_3505,nan Antigen,,100,11.0,53.62,1,1.0
IEDB_3504,nan Antigen,,100,11.0,44.78,1,1.0
IEDB_3503,Hevea brasiliensis Antigen,Hevea brasiliensis,100,11.0,92.0,1,1.0
IEDB_3502,Pseudomonas aeruginosa Antigen,Pseudomonas aeruginosa,100,11.0,41.87,1,1.0
IEDB_3501,Hepatitis C virus genotype 3 Antigen,Hepatitis C virus genotype 3,100,11.0,51.09,1,1.0
IEDB_3500,Homo sapiens Antigen,Homo sapiens,100,11.0,76.84,1,1.0
IEDB_3531,Mus musculus Antigen,Mus musculus,100,11.0,56.64,1,1.0
IEDB_3530,Vaccinia virus WR Antigen,Vaccinia virus WR,100,11.0,123.02,1,1.0
IEDB_3529,Plasmodium falciparum 3D7 Antigen,Plasmodium falciparum 3D7,100,11.0,67.13,1,1.0
IEDB_3528,Zaire ebolavirus Antigen,Zaire ebolavirus,100,11.0,51.69,1,1.0
IEDB_3527,Francisella tularensis Antigen,Francisella tularensis,100,11.0,39.03,1,1.0
IEDB_3526,Mus musculus Antigen,Mus musculus,100,11.0,94.13,1,1.0
IEDB_3525,Hevea brasiliensis Antigen,Hevea brasiliensis,100,11.0,101.5,1,1.0
IEDB_3524,Mycobacterium avium Antigen,Mycobacterium avium,100,11.0,78.68,1,1.0
IEDB_3523,Plasmodium falciparum FC27/Papua New Guinea Antigen,Plasmodium falciparum FC27/Papua New Guinea,100,11.0,56.93,1,1.0
IEDB_3522,Plasmodium falciparum 3D7 Antigen,Plasmodium falciparum 3D7,100,11.0,52.31,1,1.0
IEDB_3521,human gammaherpesvirus 4 Antigen,human gammaherpesvirus 4,100,11.0,68.55,1,1.0
IEDB_3520,human gammaherpesvirus 4 Antigen,human gammaherpesvirus 4,100,11.0,49.6,1,1.0
IEDB_3519,nan Antigen,,100,11.0,39.79,1,1.0
IEDB_3518,nan Antigen,,100,11.0,53.62,1,1.0
IEDB_3517,nan Antigen,,100,11.0,44.78,1,1.0
IEDB_3516,Mycobacterium tuberculosis H37Rv Antigen,Mycobacterium tuberculosis H37Rv,100,11.0,54.83,1,1.0
IEDB_3547,Hepatitis C virus (isolate H) Antigen,Hepatitis C virus (isolate H),100,11.0,90.02,1,1.0
IEDB_3546,Orthohepacivirus hominis Antigen,Orthohepacivirus hominis,100,11.0,76.73,1,1.0
IEDB_3545,Brucella abortus Antigen,Brucella abortus,100,11.0,29.81,1,1.0
IEDB_3544,Apium graveolens Antigen,Apium graveolens,100,11.0,20.04,1,1.0
IEDB_3543,Mycobacterium avium Antigen,Mycobacterium avium,100,11.0,83.44,1,1.0
IEDB_3542,Plasmodium vivax-like sp. Antigen,Plasmodium vivax-like sp.,100,11.0,33.64,1,1.0
IEDB_3541,Plasmodium vivax-like sp. Antigen,Plasmodium vivax-like sp.,100,11.0,33.49,1,1.0
IEDB_3540,Human alphaherpesvirus 2 Antigen,Human alphaherpesvirus 2,100,11.0,83.66,1,1.0
IEDB_3539,hepatitis C virus genotype 1a Antigen,hepatitis C virus genotype 1a,100,11.0,6.79,1,1.0
IEDB_3538,Bacillus licheniformis Antigen,Bacillus licheniformis,100,11.0,19.71,1,1.0
IEDB_3537,Human herpesvirus 4 strain B95-8 Antigen,Human herpesvirus 4 strain B95-8,100,11.0,52.86,1,1.0
IEDB_3536,nan Antigen,,100,11.0,118.71,1,1.0
IEDB_3535,Human alphaherpesvirus 2 Antigen,Human alphaherpesvirus 2,100,11.0,114.51,1,1.0
IEDB_3534,Orthopoxvirus vaccinia Antigen,Orthopoxvirus vaccinia,100,11.0,34.99,1,1.0
IEDB_3533,Orthopoxvirus vaccinia Antigen,Orthopoxvirus vaccinia,100,11.0,73.09,1,1.0
IEDB_3532,Homo sapiens Antigen,Homo sapiens,100,11.0,71.41,1,1.0
IEDB_3566,Vaccinia virus WR Antigen,Vaccinia virus WR,100,11.0,57.17,1,1.0
IEDB_3565,nan Antigen,,100,11.0,46.83,1,1.0
IEDB_3564,Helianthus annuus Antigen,Helianthus annuus,100,11.0,17.66,1,1.0
IEDB_3563,Leishmania aethiopica Antigen,Leishmania aethiopica,100,11.0,105.05,1,1.0
IEDB_3562,human gammaherpesvirus 4 Antigen,human gammaherpesvirus 4,100,11.0,53.41,1,1.0
IEDB_3561,Rubella virus Antigen,Rubella virus,100,11.0,23.4,1,1.0
IEDB_3560,Bos taurus Antigen,Bos taurus,100,11.0,31.45,1,1.0
IEDB_3559,nan Antigen,,100,11.0,84.16,1,1.0
IEDB_3558,Sendai virus (Z) Antigen,Sendai virus (Z),100,11.0,61.71,1,1.0
IEDB_3557,Foot-and-mouth disease virus C1 CS8 Antigen,Foot-and-mouth disease virus C1 CS8,100,11.0,87.75,1,1.0
IEDB_3551,Clostridium botulinum Antigen,Clostridium botulinum,100,11.0,8.43,1,1.0
IEDB_3550,Hepatitis delta virus Antigen,Hepatitis delta virus,100,11.0,81.57,1,1.0
IEDB_3549,Mycobacterium tuberculosis Antigen,Mycobacterium tuberculosis,100,11.0,89.91,1,1.0
IEDB_3584,Vaccinia virus WR Antigen,Vaccinia virus WR,100,11.0,-3.75,1,1.0
IEDB_3583,human gammaherpesvirus 4 Antigen,human gammaherpesvirus 4,100,11.0,123.02,1,1.0
IEDB_3582,Influenza A virus (A/camel/Mongolia/1982(H1N1)) Antigen,Influenza A virus (A/camel/Mongolia/1982(H1N1)),100,11.0,119.56,1,1.0
IEDB_3581,Influenza A virus (A/X-31(H3N2)) Antigen,Influenza A virus (A/X-31(H3N2)),100,11.0,40.24,1,1.0
IEDB_3579,nan Antigen,,100,11.0,56.6,1,1.0
IEDB_3578,Orthopoxvirus vaccinia Antigen,Orthopoxvirus vaccinia,100,11.0,30.29,1,1.0
IEDB_3577,Foot-and-mouth disease virus (strain O1) (O1BFS 1860) Antigen,Foot-and-mouth disease virus (strain O1) (O1BFS 1860),100,11.0,38.08,1,1.0
IEDB_3576,Foot-and-mouth disease virus (strain O1) Kaufbeuren Antigen,Foot-and-mouth disease virus (strain O1) Kaufbeuren,100,11.0,35.69,1,1.0
IEDB_3575,Hepatitis C virus subtype 1b Antigen,Hepatitis C virus subtype 1b,100,11.0,66.75,1,1.0
IEDB_3574,SARS coronavirus Tor2 Antigen,SARS coronavirus Tor2,100,11.0,20.86,1,1.0
IEDB_3573,SARS coronavirus Tor2 Antigen,SARS coronavirus Tor2,100,11.0,30.29,1,1.0
IEDB_3572,SARS coronavirus Tor2 Antigen,SARS coronavirus Tor2,100,11.0,17.89,1,1.0
IEDB_3571,nan Antigen,,100,11.0,50.89,1,1.0
IEDB_3570,Hepatitis C virus (isolate Japanese) Antigen,Hepatitis C virus (isolate Japanese),100,11.0,34.57,1,1.0
IEDB_3569,human gammaherpesvirus 4 Antigen,human gammaherpesvirus 4,100,11.0,41.01,1,1.0
IEDB_3567,Vaccinia virus WR Antigen,Vaccinia virus WR,100,11.0,61.3,1,1.0
IEDB_3601,Leishmania braziliensis Antigen,Leishmania braziliensis,100,11.0,45.06,1,1.0
IEDB_3600,Francisella tularensis subsp. holarctica LVS Antigen,Francisella tularensis subsp. holarctica LVS,100,11.0,11.42,1,1.0
IEDB_3599,Shigella flexneri Antigen,Shigella flexneri,100,11.0,32.83,1,1.0
IEDB_3598,Orthopoxvirus vaccinia Antigen,Orthopoxvirus vaccinia,100,11.0,26.61,1,1.0
IEDB_3597,Poa pratensis Antigen,Poa pratensis,100,11.0,51.03,1,1.0
IEDB_3596,Listeria monocytogenes EGD-e Antigen,Listeria monocytogenes EGD-e,100,11.0,67.08,1,1.0
IEDB_3594,nan Antigen,,100,11.0,32.83,1,1.0
IEDB_3593,nan Antigen,,100,11.0,59.24,1,1.0
IEDB_3592,Orthohepacivirus hominis Antigen,Orthohepacivirus hominis,100,11.0,39.28,1,1.0
IEDB_3591,Orthohepacivirus hominis Antigen,Orthohepacivirus hominis,100,11.0,45.14,1,1.0
IEDB_3590,Mus musculus Antigen,Mus musculus,100,11.0,58.34,1,1.0
IEDB_3589,Orthopoxvirus vaccinia Antigen,Orthopoxvirus vaccinia,100,11.0,2.86,1,1.0
IEDB_3588,Influenza A virus (A/Puerto Rico/8/1934(H1N1)) Antigen,Influenza A virus (A/Puerto Rico/8/1934(H1N1)),100,11.0,92.82,1,1.0
IEDB_3587,Rickettsia typhi Antigen,Rickettsia typhi,100,11.0,42.26,1,1.0
IEDB_3586,Vaccinia virus WR Antigen,Vaccinia virus WR,100,11.0,105.3,1,1.0
IEDB_3585,GB virus-B Antigen,GB virus-B,100,11.0,44.56,1,1.0
IEDB_3617,Vaccinia virus WR Antigen,Vaccinia virus WR,100,11.0,47.52,1,1.0
IEDB_3616,Vaccinia virus WR Antigen,Vaccinia virus WR,100,11.0,51.69,1,1.0
IEDB_3615,nan Antigen,,100,11.0,28.26,1,1.0
IEDB_3614,nan Antigen,,100,11.0,19.03,1,1.0
IEDB_3613,Listeria monocytogenes EGD-e Antigen,Listeria monocytogenes EGD-e,100,11.0,34.19,1,1.0
IEDB_3612,Mycobacterium tuberculosis Antigen,Mycobacterium tuberculosis,100,11.0,29.13,1,1.0
IEDB_3611,human gammaherpesvirus 4 Antigen,human gammaherpesvirus 4,100,11.0,92.13,1,1.0
IEDB_3610,nan Antigen,,100,11.0,21.91,1,1.0
IEDB_3609,Escherichia coli Antigen,Escherichia coli,100,11.0,40.43,1,1.0
IEDB_3608,Mycoplasmopsis bovis Antigen,Mycoplasmopsis bovis,100,11.0,55.65,1,1.0
IEDB_3607,Homo sapiens Antigen,Homo sapiens,100,11.0,130.71,1,1.0
IEDB_3606,Vaccinia virus WR Antigen,Vaccinia virus WR,100,11.0,27.38,1,1.0
IEDB_3605,nan Antigen,,100,11.0,76.62,1,1.0
IEDB_3604,Homo sapiens Antigen,Homo sapiens,100,11.0,53.93,1,1.0
IEDB_3603,Plasmodium falciparum Antigen,Plasmodium falciparum,100,11.0,40.43,1,1.0
IEDB_3602,Leishmania braziliensis Antigen,Leishmania braziliensis,100,11.0,14.81,1,1.0
IEDB_3633,Hepatitis E virus (strain Burma) Antigen,Hepatitis E virus (strain Burma),100,11.0,56.39,1,1.0
IEDB_3632,Hepatitis E virus (strain Burma) Antigen,Hepatitis E virus (strain Burma),100,11.0,68.69,1,1.0
IEDB_3631,Hepatitis E virus (strain Burma) Antigen,Hepatitis E virus (strain Burma),100,11.0,80.74,1,1.0
IEDB_3630,Aspergillus fumigatus Antigen,Aspergillus fumigatus,100,11.0,28.75,1,1.0
IEDB_3629,Bos taurus Antigen,Bos taurus,100,11.0,58.79,1,1.0
IEDB_3628,Rubella virus strain Therien Antigen,Rubella virus strain Therien,100,11.0,83.86,1,1.0
IEDB_3627,Human betaherpesvirus 5 Antigen,Human betaherpesvirus 5,100,11.0,33.99,1,1.0
IEDB_3626,SARS coronavirus Tor2 Antigen,SARS coronavirus Tor2,100,11.0,20.86,1,1.0
IEDB_3625,Mycobacterium tuberculosis Antigen,Mycobacterium tuberculosis,100,11.0,45.11,1,1.0
IEDB_3624,Mycobacterium tuberculosis Antigen,Mycobacterium tuberculosis,100,11.0,43.41,1,1.0
IEDB_3623,Orthopoxvirus vaccinia Antigen,Orthopoxvirus vaccinia,100,11.0,55.97,1,1.0
IEDB_3622,Hepatitis E virus (strain Burma) Antigen,Hepatitis E virus (strain Burma),100,11.0,26.28,1,1.0
IEDB_3621,Hepatitis C virus (isolate H) Antigen,Hepatitis C virus (isolate H),100,11.0,12.17,1,1.0
IEDB_3620,Hepatitis C virus (isolate 1) Antigen,Hepatitis C virus (isolate 1),100,11.0,34.57,1,1.0
IEDB_3619,Hepatitis E virus (strain Mexico) Antigen,Hepatitis E virus (strain Mexico),100,11.0,59.97,1,1.0
IEDB_3618,Pseudomonas aeruginosa Antigen,Pseudomonas aeruginosa,100,11.0,21.35,1,1.0
IEDB_3649,Hepatitis delta virus Antigen,Hepatitis delta virus,100,11.0,104.63,1,1.0
IEDB_3648,Vaccinia virus WR Antigen,Vaccinia virus WR,100,11.0,42.26,1,1.0
IEDB_3647,Influenza A virus (A/Puerto Rico/8/34/Mount Sinai(H1N1)) Antigen,Influenza A virus (A/Puerto Rico/8/34/Mount Sinai(H1N1)),100,11.0,112.38,1,1.0
IEDB_3646,Vaccinia virus WR Antigen,Vaccinia virus WR,100,11.0,27.09,1,1.0
IEDB_3645,nan Antigen,,100,11.0,30.29,1,1.0
IEDB_3644,Human alphaherpesvirus 2 Antigen,Human alphaherpesvirus 2,100,11.0,46.41,1,1.0
IEDB_3643,SARS coronavirus Tor2 Antigen,SARS coronavirus Tor2,100,11.0,109.31,1,1.0
IEDB_3642,Plasmodium falciparum FC27/Papua New Guinea Antigen,Plasmodium falciparum FC27/Papua New Guinea,100,11.0,3.43,1,1.0
IEDB_3641,Mus musculus Antigen,Mus musculus,100,11.0,7.88,1,1.0
IEDB_3640,Influenza A virus (A/Puerto Rico/8/34/Mount Sinai(H1N1)) Antigen,Influenza A virus (A/Puerto Rico/8/34/Mount Sinai(H1N1)),100,11.0,55.9,1,1.0
IEDB_3639,Taenia crassiceps Strain ORF Antigen,Taenia crassiceps Strain ORF,100,11.0,71.6,1,1.0
IEDB_3638,Toxoplasma gondii Antigen,Toxoplasma gondii,100,11.0,6.08,1,1.0
IEDB_3637,Toxoplasma gondii Antigen,Toxoplasma gondii,100,11.0,-1.83,1,1.0
IEDB_3636,Coxsackievirus B4 (strain JVB / Benschoten / New York/51) Antigen,Coxsackievirus B4 (strain JVB / Benschoten / New York/51),100,11.0,85.54,1,1.0
IEDB_3635,Human gammaherpesvirus 8 Antigen,Human gammaherpesvirus 8,100,11.0,123.28,1,1.0
IEDB_3634,Hepatitis E virus (strain Burma) Antigen,Hepatitis E virus (strain Burma),100,11.0,53.71,1,1.0
IEDB_3665,Influenza A virus (A/X-31(H3N2)) Antigen,Influenza A virus (A/X-31(H3N2)),100,11.0,95.69,1,1.0
IEDB_3664,Influenza A virus (A/Puerto Rico/8/1934(H1N1)) Antigen,Influenza A virus (A/Puerto Rico/8/1934(H1N1)),100,11.0,119.28,1,1.0
IEDB_3663,Human herpesvirus 4 strain B95-8 Antigen,Human herpesvirus 4 strain B95-8,100,11.0,19.96,1,1.0
IEDB_3662,Homo sapiens Antigen,Homo sapiens,100,11.0,99.04,1,1.0
IEDB_3661,Simian immunodeficiency virus - mac  - mac 239 Antigen,Simian immunodeficiency virus - mac  - mac 239,100,11.0,89.97,1,1.0
IEDB_3660,Simian immunodeficiency virus - mac K6W Antigen,Simian immunodeficiency virus - mac K6W,100,11.0,75.89,1,1.0
IEDB_3659,Human alphaherpesvirus 2 Antigen,Human alphaherpesvirus 2,100,11.0,130.72,1,1.0
IEDB_3658,Hepatitis C virus (isolate 1) Antigen,Hepatitis C virus (isolate 1),100,11.0,112.44,1,1.0
IEDB_3657,Simian immunodeficiency virus - mac K6W Antigen,Simian immunodeficiency virus - mac K6W,100,11.0,81.26,1,1.0
IEDB_3656,Simian immunodeficiency virus - mac K6W Antigen,Simian immunodeficiency virus - mac K6W,100,11.0,88.39,1,1.0
IEDB_3655,Simian immunodeficiency virus - mac K6W Antigen,Simian immunodeficiency virus - mac K6W,100,11.0,126.78,1,1.0
IEDB_3654,Orthohepacivirus hominis Antigen,Orthohepacivirus hominis,100,11.0,23.6,1,1.0
IEDB_3653,Hepatitis C virus (isolate H77) Antigen,Hepatitis C virus (isolate H77),100,11.0,16.21,1,1.0
IEDB_3652,Hepatitis C virus (isolate Glasgow) Antigen,Hepatitis C virus (isolate Glasgow),100,11.0,48.64,1,1.0
IEDB_3651,Hepatitis C virus (isolate NZL1) Antigen,Hepatitis C virus (isolate NZL1),100,11.0,38.05,1,1.0
IEDB_3650,Listeria monocytogenes Antigen,Listeria monocytogenes,100,11.0,162.65,1,1.0
IEDB_3681,Human alphaherpesvirus 2 Antigen,Human alphaherpesvirus 2,100,11.0,123.56,1,1.0
IEDB_3680,Orthohepacivirus hominis Antigen,Orthohepacivirus hominis,100,11.0,73.53,1,1.0
IEDB_3679,Hepatitis C virus (isolate 1) Antigen,Hepatitis C virus (isolate 1),100,11.0,86.04,1,1.0
IEDB_3678,Orthohepacivirus hominis Antigen,Orthohepacivirus hominis,100,11.0,94.49,1,1.0
IEDB_3677,Hepatitis C virus (isolate HCV-K3a/650) Antigen,Hepatitis C virus (isolate HCV-K3a/650),100,11.0,63.51,1,1.0
IEDB_3676,Human alphaherpesvirus 2 Antigen,Human alphaherpesvirus 2,100,11.0,75.61,1,1.0
IEDB_3675,Human alphaherpesvirus 2 Antigen,Human alphaherpesvirus 2,100,11.0,103.14,1,1.0
IEDB_3674,Mycobacterium tuberculosis H37Rv Antigen,Mycobacterium tuberculosis H37Rv,100,11.0,115.89,1,1.0
IEDB_3673,Plasmodium berghei Antigen,Plasmodium berghei,100,11.0,94.73,1,1.0
IEDB_3672,Plasmodium berghei Antigen,Plasmodium berghei,100,11.0,86.54,1,1.0
IEDB_3671,Rubella virus vaccine strain RA27/3 Antigen,Rubella virus vaccine strain RA27/3,100,11.0,83.53,1,1.0
IEDB_3670,Hepatitis C virus subtype 2a Antigen,Hepatitis C virus subtype 2a,100,11.0,53.58,1,1.0
IEDB_3669,Hepatitis C virus subtype 2b Antigen,Hepatitis C virus subtype 2b,100,11.0,64.31,1,1.0
IEDB_3668,Hepatitis E virus (strain Mexico) Antigen,Hepatitis E virus (strain Mexico),100,11.0,136.73,1,1.0
IEDB_3667,Hepatitis E virus (strain Burma) Antigen,Hepatitis E virus (strain Burma),100,11.0,104.63,1,1.0
IEDB_3666,Human T-cell leukemia virus type I Antigen,Human T-cell leukemia virus type I,100,11.0,95.7,1,1.0
IEDB_3697,nan Antigen,,100,11.0,103.42,1,1.0
IEDB_3696,Human herpesvirus 4 strain B95-8 Antigen,Human herpesvirus 4 strain B95-8,100,11.0,86.54,1,1.0
IEDB_3695,Betula pendula Antigen,Betula pendula,100,11.0,90.76,1,1.0
IEDB_3694,Betula pendula Antigen,Betula pendula,100,11.0,130.55,1,1.0
IEDB_3693,Streptococcus pyogenes serotype M5 Antigen,Streptococcus pyogenes serotype M5,100,11.0,50.97,1,1.0
IEDB_3692,nan Antigen,,100,11.0,63.66,1,1.0
IEDB_3691,Candida albicans Antigen,Candida albicans,100,11.0,53.3,1,1.0
IEDB_3690,Simian immunodeficiency virus (MM142-83 ISOLATE) Antigen,Simian immunodeficiency virus (MM142-83 ISOLATE),100,11.0,20.11,1,1.0
IEDB_3689,Simian immunodeficiency virus (MM142-83 ISOLATE) Antigen,Simian immunodeficiency virus (MM142-83 ISOLATE),100,11.0,22.36,1,1.0
IEDB_3688,Rubella virus Antigen,Rubella virus,100,11.0,70.05,1,1.0
IEDB_3687,Rubella virus strain Therien Antigen,Rubella virus strain Therien,100,11.0,70.05,1,1.0
IEDB_3686,macacine betaherpesvirus 3 Antigen,macacine betaherpesvirus 3,100,11.0,134.16,1,1.0
IEDB_3685,Human T-lymphotropic virus 2 Antigen,Human T-lymphotropic virus 2,100,11.0,85.08,1,1.0
IEDB_3684,Macaca mulatta cytomegalovirus Antigen,Macaca mulatta cytomegalovirus,100,11.0,96.64,1,1.0
IEDB_3683,Macaca mulatta cytomegalovirus Antigen,Macaca mulatta cytomegalovirus,100,11.0,73.09,1,1.0
IEDB_3682,Macaca mulatta cytomegalovirus Antigen,Macaca mulatta cytomegalovirus,100,11.0,80.97,1,1.0
IEDB_3713,nan Antigen,,100,11.0,122.68,1,1.0
IEDB_3712,nan Antigen,,100,11.0,114.19,1,1.0
IEDB_3711,nan Antigen,,100,11.0,141.94,1,1.0
IEDB_3710,nan Antigen,,100,11.0,97.76,1,1.0
IEDB_3709,nan Antigen,,100,11.0,86.04,1,1.0
IEDB_3708,nan Antigen,,100,11.0,78.5,1,1.0
IEDB_3707,nan Antigen,,100,11.0,77.55,1,1.0
IEDB_3706,Mycobacterium tuberculosis variant bovis BCG str. Pasteur 1173P2 Antigen,Mycobacterium tuberculosis variant bovis BCG str. Pasteur 1173P2,100,11.0,51.69,1,1.0
IEDB_3705,nan Antigen,,100,11.0,84.16,1,1.0
IEDB_3704,nan Antigen,,100,11.0,59.86,1,1.0
IEDB_3703,Human alphaherpesvirus 1 strain 17 Antigen,Human alphaherpesvirus 1 strain 17,100,11.0,47.79,1,1.0
IEDB_3702,Human alphaherpesvirus 1 Antigen,Human alphaherpesvirus 1,100,11.0,52.49,1,1.0
IEDB_3701,Human alphaherpesvirus 1 strain 17 Antigen,Human alphaherpesvirus 1 strain 17,100,11.0,72.83,1,1.0
IEDB_3700,Corylus avellana Antigen,Corylus avellana,100,11.0,32.63,1,1.0
IEDB_3699,Orthohepacivirus hominis Antigen,Orthohepacivirus hominis,100,11.0,93.85,1,1.0
IEDB_3698,nan Antigen,,100,11.0,75.67,1,1.0
IEDB_3729,nan Antigen,,100,11.0,105.3,1,1.0
IEDB_3728,nan Antigen,,100,11.0,124.56,1,1.0
IEDB_3727,nan Antigen,,100,11.0,124.56,1,1.0
IEDB_3726,nan Antigen,,100,11.0,105.3,1,1.0
IEDB_3725,nan Antigen,,100,11.0,96.81,1,1.0
IEDB_3724,nan Antigen,,100,11.0,146.36,1,1.0
IEDB_3723,nan Antigen,,100,11.0,122.68,1,1.0
IEDB_3722,nan Antigen,,100,11.0,141.94,1,1.0
IEDB_3721,nan Antigen,,100,11.0,135.02,1,1.0
IEDB_3720,nan Antigen,,100,11.0,115.14,1,1.0
IEDB_3719,nan Antigen,,100,11.0,122.68,1,1.0
IEDB_3718,nan Antigen,,100,11.0,146.36,1,1.0
IEDB_3717,nan Antigen,,100,11.0,99.16,1,1.0
IEDB_3716,nan Antigen,,100,11.0,122.68,1,1.0
IEDB_3715,Human herpesvirus 4 strain B95-8 Antigen,Human herpesvirus 4 strain B95-8,100,11.0,122.68,1,1.0
IEDB_3714,human gammaherpesvirus 4 Antigen,human gammaherpesvirus 4,100,11.0,135.2,1,1.0
IEDB_3745,nan Antigen,,100,11.0,96.5,1,1.0
IEDB_3744,nan Antigen,,100,11.0,122.68,1,1.0
IEDB_3743,nan Antigen,,100,11.0,147.36,1,1.0
IEDB_3742,nan Antigen,,100,11.0,73.09,1,1.0
IEDB_3741,nan Antigen,,100,11.0,76.62,1,1.0
IEDB_3740,Bordetella pertussis Antigen,Bordetella pertussis,100,11.0,166.27,1,1.0
IEDB_3739,nan Antigen,,100,11.0,84.16,1,1.0
IEDB_3738,Mus musculus Antigen,Mus musculus,100,11.0,36.72,1,1.0
IEDB_3737,nan Antigen,,100,11.0,56.39,1,1.0
IEDB_3736,human gammaherpesvirus 4 Antigen,human gammaherpesvirus 4,100,11.0,64.54,1,1.0
IEDB_3735,Human herpesvirus 4 strain B95-8 Antigen,Human herpesvirus 4 strain B95-8,100,11.0,47.85,1,1.0
IEDB_3734,Macacine gammaherpesvirus 4 Antigen,Macacine gammaherpesvirus 4,100,11.0,42.19,1,1.0
IEDB_3733,nan Antigen,,100,11.0,76.62,1,1.0
IEDB_3732,nan Antigen,,100,11.0,78.5,1,1.0
IEDB_3731,nan Antigen,,100,11.0,86.04,1,1.0
IEDB_3730,nan Antigen,,100,11.0,105.3,1,1.0
IEDB_3761,Orthopoxvirus vaccinia Antigen,Orthopoxvirus vaccinia,100,11.0,12.48,1,1.0
IEDB_3760,Viscum album Antigen,Viscum album,100,11.0,2.18,1,1.0
IEDB_3759,Bos taurus Antigen,Bos taurus,100,11.0,9.33,1,1.0
IEDB_3758,Camelpox virus M-96 Antigen,Camelpox virus M-96,100,11.0,49.76,1,1.0
IEDB_3757,Cryptomeria japonica Antigen,Cryptomeria japonica,100,11.0,30.96,1,1.0
IEDB_3756,nan Antigen,,100,11.0,71.84,1,1.0
IEDB_3755,human gammaherpesvirus 4 Antigen,human gammaherpesvirus 4,100,11.0,43.31,1,1.0
IEDB_3754,Homo sapiens Antigen,Homo sapiens,100,11.0,21.91,1,1.0
IEDB_3753,nan Antigen,,100,11.0,100.3,1,1.0
IEDB_3752,nan Antigen,,100,11.0,76.62,1,1.0
IEDB_3751,hepatitis C virus genotype 1a Antigen,hepatitis C virus genotype 1a,100,11.0,52.99,1,1.0
IEDB_3750,nan Antigen,,100,11.0,81.41,1,1.0
IEDB_3749,Escherichia coli ETEC H10407 Antigen,Escherichia coli ETEC H10407,100,11.0,110.72,1,1.0
IEDB_3748,nan Antigen,,100,11.0,128.1,1,1.0
IEDB_3747,nan Antigen,,100,11.0,25.56,1,1.0
IEDB_3746,nan Antigen,,100,11.0,73.09,1,1.0
IEDB_3777,nan Antigen,,100,11.0,21.91,1,1.0
IEDB_3776,Homo sapiens Antigen,Homo sapiens,100,11.0,21.91,1,1.0
IEDB_3775,nan Antigen,,100,11.0,9.28,1,1.0
IEDB_3774,nan Antigen,,100,11.0,21.91,1,1.0
IEDB_3773,nan Antigen,,100,11.0,5.21,1,1.0
IEDB_3772,nan Antigen,,100,11.0,21.91,1,1.0
IEDB_3771,nan Antigen,,100,11.0,12.48,1,1.0
IEDB_3770,nan Antigen,,100,11.0,4.1,1,1.0
IEDB_3769,Mycobacterium tuberculosis str. Haarlem Antigen,Mycobacterium tuberculosis str. Haarlem,100,11.0,185.42,1,1.0
IEDB_3768,Human herpesvirus 4 strain B95-8 Antigen,Human herpesvirus 4 strain B95-8,100,11.0,83.76,1,1.0
IEDB_3767,Homo sapiens Antigen,Homo sapiens,100,11.0,78.42,1,1.0
IEDB_3766,Homo sapiens Antigen,Homo sapiens,100,11.0,119.87,1,1.0
IEDB_3765,human gammaherpesvirus 4 Antigen,human gammaherpesvirus 4,100,11.0,34.93,1,1.0
IEDB_3764,nan Antigen,,100,11.0,4.1,1,1.0
IEDB_3763,Hevea brasiliensis Antigen,Hevea brasiliensis,100,11.0,12.23,1,1.0
IEDB_3762,SARS-CoV1 Antigen,SARS-CoV1,100,11.0,36.18,1,1.0
IEDB_3793,SARS coronavirus Tor2 Antigen,SARS coronavirus Tor2,100,11.0,47.52,1,1.0
IEDB_3792,Homo sapiens Antigen,Homo sapiens,100,11.0,21.91,1,1.0
IEDB_3791,nan Antigen,,100,11.0,13.53,1,1.0
IEDB_3790,nan Antigen,,100,11.0,39.84,1,1.0
IEDB_3789,nan Antigen,,100,11.0,13.53,1,1.0
IEDB_3788,nan Antigen,,100,11.0,13.53,1,1.0
IEDB_3787,nan Antigen,,100,11.0,49.76,1,1.0
IEDB_3786,nan Antigen,,100,11.0,13.53,1,1.0
IEDB_3785,nan Antigen,,100,11.0,13.53,1,1.0
IEDB_3784,nan Antigen,,100,11.0,13.53,1,1.0
IEDB_3783,nan Antigen,,100,11.0,4.1,1,1.0
IEDB_3782,nan Antigen,,100,11.0,13.53,1,1.0
IEDB_3781,nan Antigen,,100,11.0,13.53,1,1.0
IEDB_3780,nan Antigen,,100,11.0,13.53,1,1.0
IEDB_3779,nan Antigen,,100,11.0,13.53,1,1.0
IEDB_3778,nan Antigen,,100,11.0,4.1,1,1.0
IEDB_3810,Orthopoxvirus vaccinia Antigen,Orthopoxvirus vaccinia,100,11.0,51.69,1,1.0
IEDB_3809,Murine cytomegalovirus (strain Smith) Antigen,Murine cytomegalovirus (strain Smith),100,11.0,121.27,1,1.0
IEDB_3808,Human alphaherpesvirus 1 strain F Antigen,Human alphaherpesvirus 1 strain F,100,11.0,51.0,1,1.0
IEDB_3807,Paslahepevirus balayani Antigen,Paslahepevirus balayani,100,11.0,79.9,1,1.0
IEDB_3806,Paslahepevirus balayani Antigen,Paslahepevirus balayani,100,11.0,85.29,1,1.0
IEDB_3804,Borreliella burgdorferi N40 Antigen,Borreliella burgdorferi N40,100,11.0,37.67,1,1.0
IEDB_3803,Borreliella burgdorferi Antigen,Borreliella burgdorferi,100,11.0,111.78,1,1.0
IEDB_3802,nan Antigen,,100,11.0,113.47,1,1.0
IEDB_3801,Influenza A virus (A/Puerto Rico/8/34/Mount Sinai(H1N1)) Antigen,Influenza A virus (A/Puerto Rico/8/34/Mount Sinai(H1N1)),100,11.0,89.99,1,1.0
IEDB_3800,Influenza A virus (A/Puerto Rico/8/1934(H1N1)) Antigen,Influenza A virus (A/Puerto Rico/8/1934(H1N1)),100,11.0,121.91,1,1.0
IEDB_3799,nan Antigen,,100,11.0,147.36,1,1.0
IEDB_3798,nan Antigen,,100,11.0,85.06,1,1.0
IEDB_3797,Murine cytomegalovirus (strain Smith) Antigen,Murine cytomegalovirus (strain Smith),100,11.0,73.64,1,1.0
IEDB_3796,Homo sapiens Antigen,Homo sapiens,100,11.0,53.68,1,1.0
IEDB_3795,Trypanosoma cruzi Antigen,Trypanosoma cruzi,100,11.0,32.82,1,1.0
IEDB_3794,Bacillus amyloliquefaciens Antigen,Bacillus amyloliquefaciens,100,11.0,31.9,1,1.0
IEDB_3826,nan Antigen,,100,11.0,4.16,1,1.0
IEDB_3825,nan Antigen,,100,11.0,20.86,1,1.0
IEDB_3824,nan Antigen,,100,11.0,20.86,1,1.0
IEDB_3823,Murine hepatitis virus strain JHM Antigen,Murine hepatitis virus strain JHM,100,11.0,20.86,1,1.0
IEDB_3822,nan Antigen,,100,11.0,20.86,1,1.0
IEDB_3821,nan Antigen,,100,11.0,20.86,1,1.0
IEDB_3820,nan Antigen,,100,11.0,20.86,1,1.0
IEDB_3819,Murine hepatitis virus strain JHM Antigen,Murine hepatitis virus strain JHM,100,11.0,23.96,1,1.0
IEDB_3818,nan Antigen,,100,11.0,20.86,1,1.0
IEDB_3817,Murine hepatitis virus strain JHM Antigen,Murine hepatitis virus strain JHM,100,11.0,26.28,1,1.0
IEDB_3816,nan Antigen,,100,11.0,30.29,1,1.0
IEDB_3815,Clostridium tetani Antigen,Clostridium tetani,100,11.0,41.8,1,1.0
IEDB_3814,Vaccinia virus WR Antigen,Vaccinia virus WR,100,11.0,39.98,1,1.0
IEDB_3813,"Marburg virus - Musoke, Kenya, 1980 Antigen","Marburg virus - Musoke, Kenya, 1980",100,11.0,29.91,1,1.0
IEDB_3812,Blattella germanica Antigen,Blattella germanica,100,11.0,48.2,1,1.0
IEDB_3811,Penicillium chrysogenum Antigen,Penicillium chrysogenum,100,11.0,61.57,1,1.0
IEDB_3843,Orthohepacivirus hominis Antigen,Orthohepacivirus hominis,100,11.0,40.55,1,1.0
IEDB_3842,Hepatitis C virus (isolate H) Antigen,Hepatitis C virus (isolate H),100,11.0,40.55,1,1.0
IEDB_3841,Cucumis melo Antigen,Cucumis melo,100,11.0,23.62,1,1.0
IEDB_3840,nan Antigen,,100,11.0,25.13,1,1.0
IEDB_3839,Human alphaherpesvirus 1 strain F Antigen,Human alphaherpesvirus 1 strain F,100,11.0,10.27,1,1.0
IEDB_3838,Homo sapiens Antigen,Homo sapiens,100,11.0,33.88,1,1.0
IEDB_3836,Escherichia coli Antigen,Escherichia coli,100,11.0,26.28,1,1.0
IEDB_3835,nan Antigen,,100,11.0,44.0,1,1.0
IEDB_3834,nan Antigen,,100,11.0,57.08,1,1.0
IEDB_3833,nan Antigen,,100,11.0,20.86,1,1.0
IEDB_3832,nan Antigen,,100,11.0,20.86,1,1.0
IEDB_3831,nan Antigen,,100,11.0,20.86,1,1.0
IEDB_3830,nan Antigen,,100,11.0,20.86,1,1.0
IEDB_3829,nan Antigen,,100,11.0,20.86,1,1.0
IEDB_3828,nan Antigen,,100,11.0,42.26,1,1.0
IEDB_3827,nan Antigen,,100,11.0,20.86,1,1.0
IEDB_3863,Hepatitis C virus (isolate Japanese) Antigen,Hepatitis C virus (isolate Japanese),100,11.0,10.44,1,1.0
IEDB_3862,Hepatitis C virus (isolate H77) Antigen,Hepatitis C virus (isolate H77),100,11.0,9.25,1,1.0
IEDB_3861,Orthohepacivirus hominis Antigen,Orthohepacivirus hominis,100,11.0,37.15,1,1.0
IEDB_3860,Human alphaherpesvirus 2 Antigen,Human alphaherpesvirus 2,100,11.0,44.25,1,1.0
IEDB_3858,Mus musculus Antigen,Mus musculus,100,11.0,89.99,1,1.0
IEDB_3855,nan Antigen,,100,11.0,35.59,1,1.0
IEDB_3853,Human betaherpesvirus 5 Antigen,Human betaherpesvirus 5,100,11.0,22.53,1,1.0
IEDB_3852,Mycobacterium tuberculosis variant bovis Antigen,Mycobacterium tuberculosis variant bovis,100,11.0,14.04,1,1.0
IEDB_3851,Orthopoxvirus vaccinia Antigen,Orthopoxvirus vaccinia,100,11.0,27.09,1,1.0
IEDB_3850,Mycobacterium tuberculosis Antigen,Mycobacterium tuberculosis,100,11.0,19.87,1,1.0
IEDB_3849,Mycobacterium tuberculosis Antigen,Mycobacterium tuberculosis,100,11.0,5.49,1,1.0
IEDB_3848,Mycobacterium tuberculosis Antigen,Mycobacterium tuberculosis,100,11.0,10.85,1,1.0
IEDB_3847,nan Antigen,,100,11.0,32.83,1,1.0
IEDB_3846,Duck hepatitis B virus Antigen,Duck hepatitis B virus,100,11.0,62.8,1,1.0
IEDB_3845,Hepatitis C virus subtype 2b Antigen,Hepatitis C virus subtype 2b,100,11.0,89.64,1,1.0
IEDB_3844,nan Antigen,,100,11.0,59.43,1,1.0
IEDB_3879,SARS coronavirus Tor2 Antigen,SARS coronavirus Tor2,100,11.0,51.69,1,1.0
IEDB_3878,SARS coronavirus Tor2 Antigen,SARS coronavirus Tor2,100,11.0,51.69,1,1.0
IEDB_3877,Mycobacterium tuberculosis H37Rv Antigen,Mycobacterium tuberculosis H37Rv,100,11.0,18.03,1,1.0
IEDB_3876,Theiler's encephalomyelitis virus (STRAIN BEAN 8386) Antigen,Theiler's encephalomyelitis virus (STRAIN BEAN 8386),100,11.0,95.04,1,1.0
IEDB_3875,Borreliella burgdorferi B31 Antigen,Borreliella burgdorferi B31,100,11.0,105.3,1,1.0
IEDB_3874,human gammaherpesvirus 4 Antigen,human gammaherpesvirus 4,100,11.0,156.6,1,1.0
IEDB_3873,nan Antigen,,100,11.0,122.68,1,1.0
IEDB_3872,Andes virus CHI-7913 Antigen,Andes virus CHI-7913,100,11.0,181.69,1,1.0
IEDB_3871,nan Antigen,,100,11.0,91.29,1,1.0
IEDB_3870,nan Antigen,,100,11.0,94.49,1,1.0
IEDB_3869,Mus musculus Antigen,Mus musculus,100,11.0,46.21,1,1.0
IEDB_3868,nan Antigen,,100,11.0,41.03,1,1.0
IEDB_3867,Human herpesvirus 4 strain B95-8 Antigen,Human herpesvirus 4 strain B95-8,100,11.0,68.93,1,1.0
IEDB_3866,Human herpesvirus 5 strain AD169 Antigen,Human herpesvirus 5 strain AD169,100,11.0,108.84,1,1.0
IEDB_3865,Orthohepacivirus hominis Antigen,Orthohepacivirus hominis,100,11.0,-5.83,1,1.0
IEDB_3864,hepatitis C virus genotype 1a Antigen,hepatitis C virus genotype 1a,100,11.0,0.83,1,1.0
IEDB_3895,Lolium perenne Antigen,Lolium perenne,100,11.0,33.26,1,1.0
IEDB_3894,Phleum pratense Antigen,Phleum pratense,100,11.0,26.05,1,1.0
IEDB_3893,Lolium perenne Antigen,Lolium perenne,100,11.0,35.05,1,1.0
IEDB_3892,Lolium perenne Antigen,Lolium perenne,100,11.0,37.14,1,1.0
IEDB_3891,Lolium perenne Antigen,Lolium perenne,100,11.0,39.61,1,1.0
IEDB_3890,Lolium perenne Antigen,Lolium perenne,100,11.0,42.57,1,1.0
IEDB_3889,Lolium perenne Antigen,Lolium perenne,100,11.0,46.19,1,1.0
IEDB_3888,Pseudomonas putida Antigen,Pseudomonas putida,100,11.0,30.29,1,1.0
IEDB_3887,Mycobacterium tuberculosis Antigen,Mycobacterium tuberculosis,100,11.0,74.41,1,1.0
IEDB_3886,Mycobacterium tuberculosis Antigen,Mycobacterium tuberculosis,100,11.0,96.38,1,1.0
IEDB_3885,Homo sapiens Antigen,Homo sapiens,100,11.0,97.38,1,1.0
IEDB_3884,Homo sapiens Antigen,Homo sapiens,100,11.0,114.75,1,1.0
IEDB_3883,Listeria monocytogenes EGD-e Antigen,Listeria monocytogenes EGD-e,100,11.0,-7.41,1,1.0
IEDB_3882,Candida albicans Antigen,Candida albicans,100,11.0,27.12,1,1.0
IEDB_3881,Plasmodium vivax Antigen,Plasmodium vivax,100,11.0,54.55,1,1.0
IEDB_3880,Orthopoxvirus vaccinia Antigen,Orthopoxvirus vaccinia,100,11.0,91.08,1,1.0
IEDB_3911,Human alphaherpesvirus 1 Antigen,Human alphaherpesvirus 1,100,11.0,66.62,1,1.0
IEDB_3910,Human alphaherpesvirus 1 strain Angelotti Antigen,Human alphaherpesvirus 1 strain Angelotti,100,11.0,70.66,1,1.0
IEDB_3909,Human alphaherpesvirus 1 strain Angelotti Antigen,Human alphaherpesvirus 1 strain Angelotti,100,11.0,64.73,1,1.0
IEDB_3908,Human herpesvirus 5 strain AD169 Antigen,Human herpesvirus 5 strain AD169,100,11.0,32.49,1,1.0
IEDB_3907,Francisella tularensis subsp. tularensis SCHU S4 Antigen,Francisella tularensis subsp. tularensis SCHU S4,100,11.0,44.0,1,1.0
IEDB_3906,nan Antigen,,100,11.0,96.5,1,1.0
IEDB_3905,SARS coronavirus Tor2 Antigen,SARS coronavirus Tor2,100,11.0,45.81,1,1.0
IEDB_3904,SARS coronavirus Tor2 Antigen,SARS coronavirus Tor2,100,11.0,69.68,1,1.0
IEDB_3903,Vaccinia virus WR Antigen,Vaccinia virus WR,100,11.0,9.28,1,1.0
IEDB_3902,nan Antigen,,100,11.0,73.37,1,1.0
IEDB_3901,Hepatitis C virus genotype 3 Antigen,Hepatitis C virus genotype 3,100,11.0,92.13,1,1.0
IEDB_3900,Orthopoxvirus vaccinia Antigen,Orthopoxvirus vaccinia,100,11.0,28.26,1,1.0
IEDB_3899,Vaccinia virus WR Antigen,Vaccinia virus WR,100,11.0,30.29,1,1.0
IEDB_3898,Lolium perenne Antigen,Lolium perenne,100,11.0,24.44,1,1.0
IEDB_3897,Lolium perenne Antigen,Lolium perenne,100,11.0,29.17,1,1.0
IEDB_3896,Lolium perenne Antigen,Lolium perenne,100,11.0,38.07,1,1.0
IEDB_3929,Hepatitis C virus subtype 2b Antigen,Hepatitis C virus subtype 2b,100,11.0,73.09,1,1.0
IEDB_3926,Severe acute respiratory syndrome coronavirus 2 Antigen,Severe acute respiratory syndrome coronavirus 2,100,11.0,56.26,1,1.0
IEDB_3925,Listeria monocytogenes EGD-e Antigen,Listeria monocytogenes EGD-e,100,11.0,12.38,1,1.0
IEDB_3924,Yellow fever virus Antigen,Yellow fever virus,100,11.0,5.69,1,1.0
IEDB_3923,hepatitis C virus genotype 1a Antigen,hepatitis C virus genotype 1a,100,11.0,69.56,1,1.0
IEDB_3922,hepatitis C virus genotype 1a Antigen,hepatitis C virus genotype 1a,100,11.0,73.53,1,1.0
IEDB_3921,Severe acute respiratory syndrome coronavirus 2 Antigen,Severe acute respiratory syndrome coronavirus 2,100,11.0,-3.74,1,1.0
IEDB_3920,Hepatitis C virus subtype 1b Antigen,Hepatitis C virus subtype 1b,100,11.0,-3.31,1,1.0
IEDB_3919,Mycobacterium avium Antigen,Mycobacterium avium,100,11.0,120.8,1,1.0
IEDB_3918,nan Antigen,,100,11.0,44.48,1,1.0
IEDB_3917,Mycobacterium tuberculosis H37Rv Antigen,Mycobacterium tuberculosis H37Rv,100,11.0,64.24,1,1.0
IEDB_3916,Mycobacterium tuberculosis Antigen,Mycobacterium tuberculosis,100,11.0,53.72,1,1.0
IEDB_3915,Neisseria meningitidis Antigen,Neisseria meningitidis,100,11.0,-21.42,1,1.0
IEDB_3914,Mycobacterium tuberculosis H37Rv Antigen,Mycobacterium tuberculosis H37Rv,100,11.0,44.45,1,1.0
IEDB_3913,Homo sapiens Antigen,Homo sapiens,100,11.0,-2.08,1,1.0
IEDB_3912,Human alphaherpesvirus 1 strain Angelotti Antigen,Human alphaherpesvirus 1 strain Angelotti,100,11.0,63.08,1,1.0
IEDB_3946,Human herpesvirus 5 strain AD169 Antigen,Human herpesvirus 5 strain AD169,100,11.0,12.15,1,1.0
IEDB_3945,Homo sapiens Antigen,Homo sapiens,100,11.0,24.37,1,1.0
IEDB_3944,Hepatovirus A Antigen,Hepatovirus A,100,11.0,52.86,1,1.0
IEDB_3943,SARS coronavirus Tor2 Antigen,SARS coronavirus Tor2,100,11.0,26.82,1,1.0
IEDB_3942,Equine infectious anemia virus Antigen,Equine infectious anemia virus,100,11.0,20.18,1,1.0
IEDB_3941,Mycobacterium leprae Antigen,Mycobacterium leprae,100,11.0,46.44,1,1.0
IEDB_3940,Severe acute respiratory syndrome coronavirus 2 Antigen,Severe acute respiratory syndrome coronavirus 2,100,11.0,61.77,1,1.0
IEDB_3939,Severe acute respiratory syndrome coronavirus 2 Antigen,Severe acute respiratory syndrome coronavirus 2,100,11.0,72.12,1,1.0
IEDB_3938,SARS coronavirus Tor2 Antigen,SARS coronavirus Tor2,100,11.0,43.31,1,1.0
IEDB_3937,Anaplasma marginale Antigen,Anaplasma marginale,100,11.0,109.06,1,1.0
IEDB_3936,Mycobacterium tuberculosis Antigen,Mycobacterium tuberculosis,100,11.0,88.47,1,1.0
IEDB_3935,Staphylococcus aureus subsp. aureus MRSA252 Antigen,Staphylococcus aureus subsp. aureus MRSA252,100,11.0,78.0,1,1.0
IEDB_3934,Grapevine leafroll-associated virus 3 Antigen,Grapevine leafroll-associated virus 3,100,11.0,107.86,1,1.0
IEDB_3933,human gammaherpesvirus 4 Antigen,human gammaherpesvirus 4,100,11.0,81.6,1,1.0
IEDB_3932,Plasmodium falciparum CAMP/Malaysia Antigen,Plasmodium falciparum CAMP/Malaysia,100,11.0,37.64,1,1.0
IEDB_3931,dengue virus type 4 Antigen,dengue virus type 4,100,11.0,43.31,1,1.0
IEDB_3962,nan Antigen,,100,11.0,61.62,1,1.0
IEDB_3961,Borreliella burgdorferi B31 Antigen,Borreliella burgdorferi B31,100,11.0,-2.37,1,1.0
IEDB_3960,Hantaan virus 76-118 Antigen,Hantaan virus 76-118,100,11.0,87.94,1,1.0
IEDB_3959,Fagopyrum esculentum Antigen,Fagopyrum esculentum,100,11.0,25.22,1,1.0
IEDB_3958,hepatitis C virus genotype 1a Antigen,hepatitis C virus genotype 1a,100,11.0,8.93,1,1.0
IEDB_3957,Orthohepacivirus hominis Antigen,Orthohepacivirus hominis,100,11.0,16.41,1,1.0
IEDB_3956,Dermatophagoides pteronyssinus Antigen,Dermatophagoides pteronyssinus,100,11.0,-28.61,1,1.0
IEDB_3955,Hepatitis C virus subtype 1b Antigen,Hepatitis C virus subtype 1b,100,11.0,52.26,1,1.0
IEDB_3954,Staphylococcus aureus Antigen,Staphylococcus aureus,100,11.0,14.5,1,1.0
IEDB_3953,Staphylococcus aureus Antigen,Staphylococcus aureus,100,11.0,14.5,1,1.0
IEDB_3952,Hepatitis B virus subtype adw Antigen,Hepatitis B virus subtype adw,100,11.0,-3.56,1,1.0
IEDB_3951,SARS coronavirus Tor2 Antigen,SARS coronavirus Tor2,100,11.0,-0.54,1,1.0
IEDB_3950,Lederbergia lenta Antigen,Lederbergia lenta,100,11.0,11.8,1,1.0
IEDB_3949,Yellow fever virus 17D Antigen,Yellow fever virus 17D,100,11.0,36.2,1,1.0
IEDB_3948,Hepatitis B virus Antigen,Hepatitis B virus,100,11.0,100.53,1,1.0
IEDB_3947,Clostridium tetani Antigen,Clostridium tetani,100,11.0,38.23,1,1.0
IEDB_3978,Vaccinia virus WR Antigen,Vaccinia virus WR,100,11.0,8.89,1,1.0
IEDB_3977,Rubella virus Antigen,Rubella virus,100,11.0,23.87,1,1.0
IEDB_3976,Orthohepacivirus hominis Antigen,Orthohepacivirus hominis,100,11.0,36.53,1,1.0
IEDB_3975,Foot-and-mouth disease virus (strain O1) Kaufbeuren Antigen,Foot-and-mouth disease virus (strain O1) Kaufbeuren,100,11.0,18.14,1,1.0
IEDB_3974,Foot-and-mouth disease virus (strain O1) (O1 Kaufbeuren) Antigen,Foot-and-mouth disease virus (strain O1) (O1 Kaufbeuren),100,11.0,-1.86,1,1.0
IEDB_3973,Clostridium tetani Antigen,Clostridium tetani,100,11.0,72.95,1,1.0
IEDB_3972,Staphylococcus aureus subsp. aureus MRSA252 Antigen,Staphylococcus aureus subsp. aureus MRSA252,100,11.0,101.62,1,1.0
IEDB_3971,Araucaria virus Antigen,Araucaria virus,100,11.0,12.48,1,1.0
IEDB_3970,Streptococcus equi Antigen,Streptococcus equi,100,11.0,5.76,1,1.0
IEDB_3969,Bos taurus Antigen,Bos taurus,100,11.0,-1.96,1,1.0
IEDB_3968,Bos taurus Antigen,Bos taurus,100,11.0,-4.98,1,1.0
IEDB_3967,Bos taurus Antigen,Bos taurus,100,11.0,0.51,1,1.0
IEDB_3966,Listeria monocytogenes EGD-e Antigen,Listeria monocytogenes EGD-e,100,11.0,-6.55,1,1.0
IEDB_3965,SARS coronavirus Tor2 Antigen,SARS coronavirus Tor2,100,11.0,23.23,1,1.0
IEDB_3964,Severe acute respiratory syndrome coronavirus 2 Antigen,Severe acute respiratory syndrome coronavirus 2,100,11.0,24.99,1,1.0
IEDB_3963,Vaccinia virus WR Antigen,Vaccinia virus WR,100,11.0,8.89,1,1.0
IEDB_3994,nan Antigen,,100,11.0,8.89,1,1.0
IEDB_3993,Influenza A virus (A/duck/IT/701/2005(H10N7)) Antigen,Influenza A virus (A/duck/IT/701/2005(H10N7)),100,11.0,22.6,1,1.0
IEDB_3992,dengue virus type 2 Antigen,dengue virus type 2,100,11.0,35.2,1,1.0
IEDB_3991,Foot-and-mouth disease virus C1 CS8 Antigen,Foot-and-mouth disease virus C1 CS8,100,11.0,50.34,1,1.0
IEDB_3990,SARS-CoV1 Antigen,SARS-CoV1,100,11.0,-0.54,1,1.0
IEDB_3989,Orthopoxvirus vaccinia Antigen,Orthopoxvirus vaccinia,100,11.0,30.29,1,1.0
IEDB_3988,Influenza A virus (A/X-31(H3N2)) Antigen,Influenza A virus (A/X-31(H3N2)),100,11.0,11.67,1,1.0
IEDB_3987,Vibrio parahaemolyticus Antigen,Vibrio parahaemolyticus,100,11.0,61.51,1,1.0
IEDB_3986,Vaccinia virus WR Antigen,Vaccinia virus WR,100,11.0,30.29,1,1.0
IEDB_3985,Mycobacterium scrofulaceum Antigen,Mycobacterium scrofulaceum,100,11.0,-0.68,1,1.0
IEDB_3984,Mycobacterium tuberculosis Antigen,Mycobacterium tuberculosis,100,11.0,30.29,1,1.0
IEDB_3983,Shigella flexneri Antigen,Shigella flexneri,100,11.0,32.83,1,1.0
IEDB_3982,Plasmodium falciparum CAMP/Malaysia Antigen,Plasmodium falciparum CAMP/Malaysia,100,11.0,37.64,1,1.0
IEDB_3981,Orthopoxvirus vaccinia Antigen,Orthopoxvirus vaccinia,100,11.0,21.34,1,1.0
IEDB_3980,Yellow fever virus 17D Antigen,Yellow fever virus 17D,100,11.0,22.27,1,1.0
IEDB_3979,Mycobacterium tuberculosis H37Rv Antigen,Mycobacterium tuberculosis H37Rv,100,11.0,-3.75,1,1.0
IEDB_4010,nan Antigen,,100,11.0,23.17,1,1.0
IEDB_4009,Protobothrops elegans Antigen,Protobothrops elegans,100,11.0,18.93,1,1.0
IEDB_4008,Protobothrops elegans Antigen,Protobothrops elegans,100,11.0,20.77,1,1.0
IEDB_4007,Orthohepacivirus hominis Antigen,Orthohepacivirus hominis,100,11.0,11.5,1,1.0
IEDB_4006,Orthohepacivirus hominis Antigen,Orthohepacivirus hominis,100,11.0,11.61,1,1.0
IEDB_4005,Orthohepacivirus hominis Antigen,Orthohepacivirus hominis,100,11.0,29.23,1,1.0
IEDB_4004,Hepatitis C virus subtype 1b Antigen,Hepatitis C virus subtype 1b,100,11.0,31.37,1,1.0
IEDB_4003,Orthohepacivirus hominis Antigen,Orthohepacivirus hominis,100,11.0,34.04,1,1.0
IEDB_4002,Lymphocytic choriomeningitis virus (strain Armstrong) Antigen,Lymphocytic choriomeningitis virus (strain Armstrong),100,11.0,47.52,1,1.0
IEDB_4001,Lymphocytic choriomeningitis virus (strain Armstrong) (clone 53b) Antigen,Lymphocytic choriomeningitis virus (strain Armstrong) (clone 53b),100,11.0,51.69,1,1.0
IEDB_4000,Macaca mulatta cytomegalovirus Antigen,Macaca mulatta cytomegalovirus,100,11.0,84.16,1,1.0
IEDB_3999,SARS coronavirus Tor2 Antigen,SARS coronavirus Tor2,100,11.0,12.23,1,1.0
IEDB_3998,Cryptomeria japonica Antigen,Cryptomeria japonica,100,11.0,-4.98,1,1.0
IEDB_3997,Human immunodeficiency virus 1 Antigen,Human immunodeficiency virus 1,100,11.0,7.96,1,1.0
IEDB_3996,Vaccinia virus WR Antigen,Vaccinia virus WR,100,11.0,41.01,1,1.0
IEDB_3995,Streptococcus pyogenes M1 GAS Antigen,Streptococcus pyogenes M1 GAS,100,11.0,81.44,1,1.0
IEDB_4027,Bos taurus Antigen,Bos taurus,100,11.0,39.98,1,1.0
IEDB_4026,Orthopoxvirus vaccinia Antigen,Orthopoxvirus vaccinia,100,11.0,-2.85,1,1.0
IEDB_4025,Vaccinia virus WR Antigen,Vaccinia virus WR,100,11.0,5.16,1,1.0
IEDB_4024,Vaccinia virus WR Antigen,Vaccinia virus WR,100,11.0,20.72,1,1.0
IEDB_4023,nan Antigen,,100,11.0,44.4,1,1.0
IEDB_4022,Human gammaherpesvirus 8 Antigen,Human gammaherpesvirus 8,100,11.0,29.47,1,1.0
IEDB_4021,SARS coronavirus Tor2 Antigen,SARS coronavirus Tor2,100,11.0,69.57,1,1.0
IEDB_4020,SARS-CoV1 Antigen,SARS-CoV1,100,11.0,73.82,1,1.0
IEDB_4019,nan Antigen,,100,11.0,15.15,1,1.0
IEDB_4018,nan Antigen,,100,11.0,26.61,1,1.0
IEDB_4017,SARS coronavirus Frankfurt 1 Antigen,SARS coronavirus Frankfurt 1,100,11.0,74.97,1,1.0
IEDB_4016,SARS coronavirus Tor2 Antigen,SARS coronavirus Tor2,100,11.0,86.04,1,1.0
IEDB_4015,SARS coronavirus Tor2 Antigen,SARS coronavirus Tor2,100,11.0,94.49,1,1.0
IEDB_4013,Chlamydia psittaci Antigen,Chlamydia psittaci,100,11.0,22.21,1,1.0
IEDB_4012,Mycobacterium tuberculosis H37Rv Antigen,Mycobacterium tuberculosis H37Rv,100,11.0,9.57,1,1.0
IEDB_4011,nan Antigen,,100,11.0,17.36,1,1.0
IEDB_4043,Helianthus annuus Antigen,Helianthus annuus,100,11.0,82.38,1,1.0
IEDB_4042,SARS coronavirus Tor2 Antigen,SARS coronavirus Tor2,100,11.0,67.92,1,1.0
IEDB_4041,Hepatitis C virus subtype 2a Antigen,Hepatitis C virus subtype 2a,100,11.0,-7.51,1,1.0
IEDB_4040,nan Antigen,,100,11.0,0.51,1,1.0
IEDB_4039,Escherichia coli Antigen,Escherichia coli,100,11.0,51.69,1,1.0
IEDB_4038,Plasmodium berghei Antigen,Plasmodium berghei,100,11.0,25.19,1,1.0
IEDB_4037,Orthopoxvirus vaccinia Antigen,Orthopoxvirus vaccinia,100,11.0,44.64,1,1.0
IEDB_4036,Human hepatitis A virus Hu/Australia/HM175/1976 Antigen,Human hepatitis A virus Hu/Australia/HM175/1976,100,11.0,12.01,1,1.0
IEDB_4035,Vaccinia virus WR Antigen,Vaccinia virus WR,100,11.0,28.26,1,1.0
IEDB_4034,Vibrio cholerae Antigen,Vibrio cholerae,100,11.0,49.29,1,1.0
IEDB_4033,Mus musculus Antigen,Mus musculus,100,11.0,15.84,1,1.0
IEDB_4032,Mycobacterium tuberculosis H37Rv Antigen,Mycobacterium tuberculosis H37Rv,100,11.0,39.98,1,1.0
IEDB_4031,Mycobacterium tuberculosis H37Rv Antigen,Mycobacterium tuberculosis H37Rv,100,11.0,43.31,1,1.0
IEDB_4030,hepatitis C virus genotype 1a Antigen,hepatitis C virus genotype 1a,100,11.0,16.51,1,1.0
IEDB_4029,Glycine max Antigen,Glycine max,100,11.0,136.4,1,1.0
IEDB_4028,Shigella flexneri 2a Antigen,Shigella flexneri 2a,100,11.0,117.3,1,1.0
IEDB_4060,Borreliella burgdorferi B31 Antigen,Borreliella burgdorferi B31,100,11.0,47.52,1,1.0
IEDB_4059,Bacillus amyloliquefaciens Antigen,Bacillus amyloliquefaciens,100,11.0,78.67,1,1.0
IEDB_4058,Lederbergia lenta Antigen,Lederbergia lenta,100,11.0,75.49,1,1.0
IEDB_4057,Orthopoxvirus vaccinia Antigen,Orthopoxvirus vaccinia,100,11.0,85.54,1,1.0
IEDB_4056,Puumala virus sotkamo/v-2969/81 Antigen,Puumala virus sotkamo/v-2969/81,100,11.0,63.96,1,1.0
IEDB_4055,Human respiratory syncytial virus A2 Antigen,Human respiratory syncytial virus A2,100,11.0,64.87,1,1.0
IEDB_4054,Hantaan virus 76-118 Antigen,Hantaan virus 76-118,100,11.0,81.01,1,1.0
IEDB_4053,Hepatitis C virus subtype 1b Antigen,Hepatitis C virus subtype 1b,100,11.0,58.99,1,1.0
IEDB_4052,nan Antigen,,100,11.0,85.89,1,1.0
IEDB_4051,Theileria parva strain Muguga Antigen,Theileria parva strain Muguga,100,11.0,39.5,1,1.0
IEDB_4050,Staphylococcus aureus subsp. aureus MRSA252 Antigen,Staphylococcus aureus subsp. aureus MRSA252,100,11.0,62.36,1,1.0
IEDB_4049,Shigella flexneri 2a Antigen,Shigella flexneri 2a,100,11.0,63.67,1,1.0
IEDB_4048,SARS coronavirus Tor2 Antigen,SARS coronavirus Tor2,100,11.0,33.6,1,1.0
IEDB_4046,Listeria monocytogenes EGD-e Antigen,Listeria monocytogenes EGD-e,100,11.0,12.03,1,1.0
IEDB_4045,Plasmodium falciparum CAMP/Malaysia Antigen,Plasmodium falciparum CAMP/Malaysia,100,11.0,42.45,1,1.0
IEDB_4044,Plasmodium falciparum CAMP/Malaysia Antigen,Plasmodium falciparum CAMP/Malaysia,100,11.0,63.67,1,1.0
IEDB_4076,nan Antigen,,100,11.0,11.86,1,1.0
IEDB_4075,Human herpesvirus 4 strain B95-8 Antigen,Human herpesvirus 4 strain B95-8,100,11.0,66.4,1,1.0
IEDB_4074,Severe acute respiratory syndrome coronavirus 2 Antigen,Severe acute respiratory syndrome coronavirus 2,100,11.0,25.37,1,1.0
IEDB_4073,Hepatitis C virus genotype 3 Antigen,Hepatitis C virus genotype 3,100,11.0,-16.24,1,1.0
IEDB_4072,Plasmodium vivax Antigen,Plasmodium vivax,100,11.0,35.01,1,1.0
IEDB_4071,Orientia tsutsugamushi Antigen,Orientia tsutsugamushi,100,11.0,23.4,1,1.0
IEDB_4070,Bacillus licheniformis Antigen,Bacillus licheniformis,100,11.0,-8.05,1,1.0
IEDB_4069,Simian immunodeficiency virus - mac1A11 Antigen,Simian immunodeficiency virus - mac1A11,100,11.0,25.38,1,1.0
IEDB_4068,Simian immunodeficiency virus (K78 ISOLATE) Antigen,Simian immunodeficiency virus (K78 ISOLATE),100,11.0,6.12,1,1.0
IEDB_4067,Mycobacterium tuberculosis variant bovis BCG Antigen,Mycobacterium tuberculosis variant bovis BCG,100,11.0,20.75,1,1.0
IEDB_4066,Mycobacterium tuberculosis H37Rv Antigen,Mycobacterium tuberculosis H37Rv,100,11.0,38.72,1,1.0
IEDB_4065,Orthopoxvirus vaccinia Antigen,Orthopoxvirus vaccinia,100,11.0,39.9,1,1.0
IEDB_4064,Dermatophagoides pteronyssinus Antigen,Dermatophagoides pteronyssinus,100,11.0,36.5,1,1.0
IEDB_4063,Vaccinia virus WR Antigen,Vaccinia virus WR,100,11.0,9.97,1,1.0
IEDB_4062,hepatitis C virus genotype 1a Antigen,hepatitis C virus genotype 1a,100,11.0,24.28,1,1.0
IEDB_4061,Hepatitis C virus subtype 1b AD78 Antigen,Hepatitis C virus subtype 1b AD78,100,11.0,9.0,1,1.0
IEDB_4092,Orthohepacivirus hominis Antigen,Orthohepacivirus hominis,100,11.0,29.99,1,1.0
IEDB_4091,nan Antigen,,100,11.0,8.89,1,1.0
IEDB_4090,nan Antigen,,100,11.0,9.0,1,1.0
IEDB_4089,Measles virus strain Edmonston Antigen,Measles virus strain Edmonston,100,11.0,4.45,1,1.0
IEDB_4088,nan Antigen,,100,11.0,8.89,1,1.0
IEDB_4087,nan Antigen,,100,11.0,8.89,1,1.0
IEDB_4086,Foot-and-mouth disease virus C1 CS8 Antigen,Foot-and-mouth disease virus C1 CS8,100,11.0,-0.53,1,1.0
IEDB_4085,Mus musculus Antigen,Mus musculus,100,11.0,33.11,1,1.0
IEDB_4084,Vaccinia virus WR Antigen,Vaccinia virus WR,100,11.0,-23.06,1,1.0
IEDB_4083,Vaccinia virus WR Antigen,Vaccinia virus WR,100,11.0,-26.73,1,1.0
IEDB_4082,Plasmodium falciparum CAMP/Malaysia Antigen,Plasmodium falciparum CAMP/Malaysia,100,11.0,28.93,1,1.0
IEDB_4081,Listeria monocytogenes EGD-e Antigen,Listeria monocytogenes EGD-e,100,11.0,54.72,1,1.0
IEDB_4080,Human T-lymphotropic virus 2 Antigen,Human T-lymphotropic virus 2,100,11.0,49.96,1,1.0
IEDB_4079,Cryptomeria japonica Antigen,Cryptomeria japonica,100,11.0,-25.28,1,1.0
IEDB_4078,Human parvovirus B19 Antigen,Human parvovirus B19,100,11.0,2.17,1,1.0
IEDB_4077,Human parvovirus B19 Antigen,Human parvovirus B19,100,11.0,1.39,1,1.0
IEDB_4109,Plasmodium falciparum Antigen,Plasmodium falciparum,100,11.0,51.87,1,1.0
IEDB_4108,Dengue virus 2 Jamaica/1409/1983 Antigen,Dengue virus 2 Jamaica/1409/1983,100,11.0,9.0,1,1.0
IEDB_4107,Human herpesvirus 4 strain B95-8 Antigen,Human herpesvirus 4 strain B95-8,100,11.0,28.26,1,1.0
IEDB_4106,SARS coronavirus Tor2 Antigen,SARS coronavirus Tor2,100,11.0,75.35,1,1.0
IEDB_4105,Plasmodium falciparum Antigen,Plasmodium falciparum,100,11.0,-1.86,1,1.0
IEDB_4104,Hepatitis E virus (strain Burma) Antigen,Hepatitis E virus (strain Burma),100,11.0,27.12,1,1.0
IEDB_4103,Hepatitis E virus (strain Burma) Antigen,Hepatitis E virus (strain Burma),100,11.0,22.84,1,1.0
IEDB_4102,Orthohepacivirus hominis Antigen,Orthohepacivirus hominis,100,11.0,60.69,1,1.0
IEDB_4101,Hepatitis C virus (isolate HCV-K3a/650) Antigen,Hepatitis C virus (isolate HCV-K3a/650),100,11.0,50.67,1,1.0
IEDB_4099,Human alphaherpesvirus 3 Antigen,Human alphaherpesvirus 3,100,11.0,52.35,1,1.0
IEDB_4098,Orthohepacivirus hominis Antigen,Orthohepacivirus hominis,100,11.0,22.82,1,1.0
IEDB_4097,Hepatitis C virus (isolate 1) Antigen,Hepatitis C virus (isolate 1),100,11.0,-12.07,1,1.0
IEDB_4096,Human herpesvirus 5 strain AD169 Antigen,Human herpesvirus 5 strain AD169,100,11.0,125.25,1,1.0
IEDB_4095,Helicobacter pylori Antigen,Helicobacter pylori,100,11.0,-0.54,1,1.0
IEDB_4094,Human alphaherpesvirus 2 Antigen,Human alphaherpesvirus 2,100,11.0,71.71,1,1.0
IEDB_4093,Giardia lamblia ATCC 50803 Antigen,Giardia lamblia ATCC 50803,100,11.0,32.82,1,1.0
IEDB_4126,Staphylococcus aureus subsp. aureus MRSA252 Antigen,Staphylococcus aureus subsp. aureus MRSA252,100,11.0,8.89,1,1.0
IEDB_4125,nan Antigen,,100,11.0,29.99,1,1.0
IEDB_4124,Penaeus aztecus Antigen,Penaeus aztecus,100,11.0,36.17,1,1.0
IEDB_4123,Dermatophagoides pteronyssinus Antigen,Dermatophagoides pteronyssinus,100,11.0,57.0,1,1.0
IEDB_4122,Dermatophagoides pteronyssinus Antigen,Dermatophagoides pteronyssinus,100,11.0,57.0,1,1.0
IEDB_4121,Dermatophagoides pteronyssinus Antigen,Dermatophagoides pteronyssinus,100,11.0,68.68,1,1.0
IEDB_4120,Equus caballus Antigen,Equus caballus,100,11.0,80.33,1,1.0
IEDB_4119,Shigella flexneri Antigen,Shigella flexneri,100,11.0,8.75,1,1.0
IEDB_4117,Yersinia enterocolitica Antigen,Yersinia enterocolitica,100,11.0,91.08,1,1.0
IEDB_4116,Human alphaherpesvirus 2 Antigen,Human alphaherpesvirus 2,100,11.0,7.24,1,1.0
IEDB_4115,Duck hepatitis B virus Antigen,Duck hepatitis B virus,100,11.0,70.92,1,1.0
IEDB_4114,Human herpesvirus 4 strain B95-8 Antigen,Human herpesvirus 4 strain B95-8,100,11.0,28.26,1,1.0
IEDB_4113,Mycobacterium leprae Antigen,Mycobacterium leprae,100,11.0,9.0,1,1.0
IEDB_4112,West Nile virus Antigen,West Nile virus,100,11.0,44.39,1,1.0
IEDB_4111,SARS coronavirus Tor2 Antigen,SARS coronavirus Tor2,100,11.0,11.9,1,1.0
IEDB_4110,Protobothrops elegans Antigen,Protobothrops elegans,100,11.0,8.82,1,1.0
IEDB_4142,Yersinia enterocolitica Antigen,Yersinia enterocolitica,100,11.0,47.64,1,1.0
IEDB_4141,Mus musculus Antigen,Mus musculus,100,11.0,-10.1,1,1.0
IEDB_4140,Human alphaherpesvirus 3 Antigen,Human alphaherpesvirus 3,100,11.0,152.28,1,1.0
IEDB_4139,Influenza A virus (A/camel/Mongolia/1982(H1N1)) Antigen,Influenza A virus (A/camel/Mongolia/1982(H1N1)),100,11.0,0.51,1,1.0
IEDB_4138,Escherichia coli Antigen,Escherichia coli,100,11.0,31.69,1,1.0
IEDB_4137,Orthohepacivirus hominis Antigen,Orthohepacivirus hominis,100,11.0,43.31,1,1.0
IEDB_4136,Bacillus anthracis Antigen,Bacillus anthracis,100,11.0,34.07,1,1.0
IEDB_4135,SARS coronavirus Tor2 Antigen,SARS coronavirus Tor2,100,11.0,62.23,1,1.0
IEDB_4134,"Marburg virus - Musoke, Kenya, 1980 Antigen","Marburg virus - Musoke, Kenya, 1980",100,11.0,79.5,1,1.0
IEDB_4133,Dengue virus Antigen,Dengue virus,100,11.0,-7.01,1,1.0
IEDB_4132,Human herpesvirus 4 strain B95-8 Antigen,Human herpesvirus 4 strain B95-8,100,11.0,40.74,1,1.0
IEDB_4131,hepatitis C virus genotype 1a Antigen,hepatitis C virus genotype 1a,100,11.0,94.63,1,1.0
IEDB_4130,Infectious bursal disease virus Antigen,Infectious bursal disease virus,100,11.0,-9.98,1,1.0
IEDB_4129,Hepatitis C virus subtype 1b Antigen,Hepatitis C virus subtype 1b,100,11.0,54.88,1,1.0
IEDB_4128,hepatitis C virus genotype 1a Antigen,hepatitis C virus genotype 1a,100,11.0,6.24,1,1.0
IEDB_4127,Human poliovirus 1 Mahoney Antigen,Human poliovirus 1 Mahoney,100,11.0,3.3,1,1.0
IEDB_4158,Influenza A virus (A/Puerto Rico/8/34/Mount Sinai(H1N1)) Antigen,Influenza A virus (A/Puerto Rico/8/34/Mount Sinai(H1N1)),100,11.0,29.41,1,1.0
IEDB_4157,Human herpesvirus 4 strain B95-8 Antigen,Human herpesvirus 4 strain B95-8,100,11.0,26.2,1,1.0
IEDB_4156,Corylus avellana Antigen,Corylus avellana,100,11.0,-10.43,1,1.0
IEDB_4155,Betula pendula Antigen,Betula pendula,100,11.0,12.69,1,1.0
IEDB_4154,Homo sapiens Antigen,Homo sapiens,100,11.0,-0.54,1,1.0
IEDB_4153,Human alphaherpesvirus 3 Antigen,Human alphaherpesvirus 3,100,11.0,61.62,1,1.0
IEDB_4152,Mycobacterium leprae Antigen,Mycobacterium leprae,100,11.0,-7.75,1,1.0
IEDB_4151,hepatitis C virus genotype 1a Antigen,hepatitis C virus genotype 1a,100,11.0,68.59,1,1.0
IEDB_4150,Chlamydia trachomatis Antigen,Chlamydia trachomatis,100,11.0,-0.54,1,1.0
IEDB_4149,Human alphaherpesvirus 2 Antigen,Human alphaherpesvirus 2,100,11.0,-6.97,1,1.0
IEDB_4148,Neisseria meningitidis Antigen,Neisseria meningitidis,100,11.0,25.09,1,1.0
IEDB_4147,Mus musculus Antigen,Mus musculus,100,11.0,18.81,1,1.0
IEDB_4146,nan Antigen,,100,11.0,61.62,1,1.0
IEDB_4145,West Nile virus Antigen,West Nile virus,100,11.0,45.73,1,1.0
IEDB_4144,hepatitis C virus genotype 1a Antigen,hepatitis C virus genotype 1a,100,11.0,0.83,1,1.0
IEDB_4143,Human parvovirus B19 Antigen,Human parvovirus B19,100,11.0,35.99,1,1.0
IEDB_4174,Measles virus strain Edmonston Antigen,Measles virus strain Edmonston,100,11.0,74.03,1,1.0
IEDB_4173,Measles virus strain Edmonston Antigen,Measles virus strain Edmonston,100,11.0,88.19,1,1.0
IEDB_4172,Shigella flexneri 2a Antigen,Shigella flexneri 2a,100,11.0,38.89,1,1.0
IEDB_4171,Orthomarburgvirus marburgense Antigen,Orthomarburgvirus marburgense,100,11.0,69.68,1,1.0
IEDB_4170,Vaccinia virus WR Antigen,Vaccinia virus WR,100,11.0,37.91,1,1.0
IEDB_4169,nan Antigen,,100,11.0,73.09,1,1.0
IEDB_4168,Mycobacterium tuberculosis H37Ra Antigen,Mycobacterium tuberculosis H37Ra,100,11.0,28.47,1,1.0
IEDB_4167,Mycobacterium tuberculosis H37Rv Antigen,Mycobacterium tuberculosis H37Rv,100,11.0,28.79,1,1.0
IEDB_4166,Simian immunodeficiency virus Antigen,Simian immunodeficiency virus,100,11.0,37.58,1,1.0
IEDB_4165,hepatitis C virus genotype 1a Antigen,hepatitis C virus genotype 1a,100,11.0,6.24,1,1.0
IEDB_4164,nan Antigen,,100,11.0,-19.41,1,1.0
IEDB_4163,Hepatitis C virus (isolate HCV-K3a/650) Antigen,Hepatitis C virus (isolate HCV-K3a/650),100,11.0,57.6,1,1.0
IEDB_4162,hepatitis C virus genotype 1a Antigen,hepatitis C virus genotype 1a,100,11.0,11.49,1,1.0
IEDB_4161,Hepatitis C virus subtype 1b Antigen,Hepatitis C virus subtype 1b,100,11.0,-5.82,1,1.0
IEDB_4160,Theileria parva strain Muguga Antigen,Theileria parva strain Muguga,100,11.0,9.17,1,1.0
IEDB_4159,Human T-cell leukemia virus type I Antigen,Human T-cell leukemia virus type I,100,11.0,30.29,1,1.0
IEDB_4190,Dengue virus 2 Thailand/NGS-C/1944 Antigen,Dengue virus 2 Thailand/NGS-C/1944,100,11.0,23.62,1,1.0
IEDB_4189,Human immunodeficiency virus 1 Antigen,Human immunodeficiency virus 1,100,11.0,21.67,1,1.0
IEDB_4188,Human herpesvirus 5 strain AD169 Antigen,Human herpesvirus 5 strain AD169,100,11.0,24.41,1,1.0
IEDB_4187,Human betaherpesvirus 5 Antigen,Human betaherpesvirus 5,100,11.0,25.37,1,1.0
IEDB_4186,Human betaherpesvirus 5 Antigen,Human betaherpesvirus 5,100,11.0,30.96,1,1.0
IEDB_4185,Human betaherpesvirus 5 Antigen,Human betaherpesvirus 5,100,11.0,35.62,1,1.0
IEDB_4184,Human herpesvirus 4 strain B95-8 Antigen,Human herpesvirus 4 strain B95-8,100,11.0,109.22,1,1.0
IEDB_4183,Listeria monocytogenes Antigen,Listeria monocytogenes,100,11.0,133.3,1,1.0
IEDB_4182,Arcanobacterium pyogenes Strain 42 Antigen,Arcanobacterium pyogenes Strain 42,100,11.0,32.94,1,1.0
IEDB_4181,nan Antigen,,100,11.0,22.6,1,1.0
IEDB_4180,hepatitis C virus genotype 1a Antigen,hepatitis C virus genotype 1a,100,11.0,12.51,1,1.0
IEDB_4179,hepatitis C virus genotype 1a Antigen,hepatitis C virus genotype 1a,100,11.0,13.34,1,1.0
IEDB_4178,Orthohepacivirus hominis Antigen,Orthohepacivirus hominis,100,11.0,15.57,1,1.0
IEDB_4177,Homo sapiens Antigen,Homo sapiens,100,11.0,-9.98,1,1.0
IEDB_4176,Hepatitis C virus subtype 1b Antigen,Hepatitis C virus subtype 1b,100,11.0,23.07,1,1.0
IEDB_4175,hepatitis C virus genotype 1a Antigen,hepatitis C virus genotype 1a,100,11.0,22.17,1,1.0
IEDB_4208,Puumala virus Kazan Antigen,Puumala virus Kazan,100,11.0,47.52,1,1.0
IEDB_4206,Bluetongue virus 13 Antigen,Bluetongue virus 13,100,11.0,61.45,1,1.0
IEDB_4205,Escherichia coli Antigen,Escherichia coli,100,11.0,52.83,1,1.0
IEDB_4204,Influenza A virus (A/Viet Nam/1203/2004(H5N1)) Antigen,Influenza A virus (A/Viet Nam/1203/2004(H5N1)),100,11.0,19.31,1,1.0
IEDB_4203,Hantaan virus 76-118 Antigen,Hantaan virus 76-118,100,11.0,93.6,1,1.0
IEDB_4202,Puumala virus Kazan Antigen,Puumala virus Kazan,100,11.0,-2.52,1,1.0
IEDB_4201,Puumala virus CG18-20 Antigen,Puumala virus CG18-20,100,11.0,11.28,1,1.0
IEDB_4199,Puumala virus (STRAIN HALLNAS B1) Vranica/Hallnas Antigen,Puumala virus (STRAIN HALLNAS B1) Vranica/Hallnas,100,11.0,11.28,1,1.0
IEDB_4198,Hepatitis C virus subtype 1b Antigen,Hepatitis C virus subtype 1b,100,11.0,26.28,1,1.0
IEDB_4197,Mycobacterium tuberculosis H37Rv Antigen,Mycobacterium tuberculosis H37Rv,100,11.0,62.24,1,1.0
IEDB_4196,Human herpesvirus 4 strain B95-8 Antigen,Human herpesvirus 4 strain B95-8,100,11.0,90.84,1,1.0
IEDB_4195,Human herpesvirus 4 strain B95-8 Antigen,Human herpesvirus 4 strain B95-8,100,11.0,81.06,1,1.0
IEDB_4194,SARS coronavirus Urbani Antigen,SARS coronavirus Urbani,100,11.0,108.98,1,1.0
IEDB_4193,hepatitis C virus genotype 1a Antigen,hepatitis C virus genotype 1a,100,11.0,18.05,1,1.0
IEDB_4192,Hepatitis C virus subtype 1b Antigen,Hepatitis C virus subtype 1b,100,11.0,40.11,1,1.0
IEDB_4191,Hepatitis C virus (isolate H) Antigen,Hepatitis C virus (isolate H),100,11.0,19.8,1,1.0
IEDB_4224,Simian immunodeficiency virus Antigen,Simian immunodeficiency virus,100,11.0,108.73,1,1.0
IEDB_4223,Simian immunodeficiency virus Antigen,Simian immunodeficiency virus,100,11.0,117.71,1,1.0
IEDB_4222,Simian immunodeficiency virus Antigen,Simian immunodeficiency virus,100,11.0,128.48,1,1.0
IEDB_4221,Simian immunodeficiency virus Antigen,Simian immunodeficiency virus,100,11.0,115.33,1,1.0
IEDB_4220,Simian immunodeficiency virus (MM142-83 ISOLATE) Antigen,Simian immunodeficiency virus (MM142-83 ISOLATE),100,11.0,104.8,1,1.0
IEDB_4219,Simian immunodeficiency virus Antigen,Simian immunodeficiency virus,100,11.0,128.5,1,1.0
IEDB_4218,Simian immunodeficiency virus Antigen,Simian immunodeficiency virus,100,11.0,145.43,1,1.0
IEDB_4217,Orthohepacivirus hominis Antigen,Orthohepacivirus hominis,100,11.0,105.9,1,1.0
IEDB_4216,Mycobacterium tuberculosis Antigen,Mycobacterium tuberculosis,100,11.0,15.47,1,1.0
IEDB_4215,Mycobacterium tuberculosis Antigen,Mycobacterium tuberculosis,100,11.0,30.54,1,1.0
IEDB_4214,Human herpesvirus 4 strain B95-8 Antigen,Human herpesvirus 4 strain B95-8,100,11.0,33.27,1,1.0
IEDB_4213,Treponema pallidum subsp. pallidum str. Nichols Antigen,Treponema pallidum subsp. pallidum str. Nichols,100,11.0,50.25,1,1.0
IEDB_4212,Treponema pallidum subsp. pallidum str. Nichols Antigen,Treponema pallidum subsp. pallidum str. Nichols,100,11.0,60.31,1,1.0
IEDB_4211,Human herpesvirus 4 strain B95-8 Antigen,Human herpesvirus 4 strain B95-8,100,11.0,137.4,1,1.0
IEDB_4210,Puumala virus Kazan Antigen,Puumala virus Kazan,100,11.0,28.42,1,1.0
IEDB_4209,Puumala virus sotkamo/v-2969/81 Antigen,Puumala virus sotkamo/v-2969/81,100,11.0,38.43,1,1.0
IEDB_4241,Hepatitis E virus (strain Burma) Antigen,Hepatitis E virus (strain Burma),100,11.0,26.76,1,1.0
IEDB_4240,Orthohepacivirus hominis Antigen,Orthohepacivirus hominis,100,11.0,87.94,1,1.0
IEDB_4239,Semliki Forest virus Antigen,Semliki Forest virus,100,11.0,49.37,1,1.0
IEDB_4237,Leishmania aethiopica Antigen,Leishmania aethiopica,100,11.0,63.67,1,1.0
IEDB_4236,Influenza A virus Antigen,Influenza A virus,100,11.0,92.88,1,1.0
IEDB_4235,Influenza A virus (A/Okuda/1957(H2N2)) Antigen,Influenza A virus (A/Okuda/1957(H2N2)),100,11.0,72.97,1,1.0
IEDB_4234,Human alphaherpesvirus 1 strain F Antigen,Human alphaherpesvirus 1 strain F,100,11.0,172.21,1,1.0
IEDB_4233,Human alphaherpesvirus 3 Antigen,Human alphaherpesvirus 3,100,11.0,91.65,1,1.0
IEDB_4232,Hepatitis C virus subtype 2a Antigen,Hepatitis C virus subtype 2a,100,11.0,124.13,1,1.0
IEDB_4231,Hepatitis C virus genotype 3 Antigen,Hepatitis C virus genotype 3,100,11.0,130.19,1,1.0
IEDB_4230,Hepatitis C virus (isolate H) Antigen,Hepatitis C virus (isolate H),100,11.0,61.93,1,1.0
IEDB_4229,Hepatitis C virus (isolate 1) Antigen,Hepatitis C virus (isolate 1),100,11.0,96.54,1,1.0
IEDB_4228,Orthohepacivirus hominis Antigen,Orthohepacivirus hominis,100,11.0,126.15,1,1.0
IEDB_4227,nan Antigen,,100,11.0,106.91,1,1.0
IEDB_4226,Lambdavirus lambda Antigen,Lambdavirus lambda,100,11.0,43.54,1,1.0
IEDB_4225,nan Antigen,,100,11.0,102.51,1,1.0
IEDB_4257,hepatitis C virus genotype 1a Antigen,hepatitis C virus genotype 1a,100,11.0,10.85,1,1.0
IEDB_4256,Zaire ebolavirus Antigen,Zaire ebolavirus,100,11.0,8.89,1,1.0
IEDB_4255,dengue virus type 3 Antigen,dengue virus type 3,100,11.0,-6.35,1,1.0
IEDB_4254,Orthohepacivirus hominis Antigen,Orthohepacivirus hominis,100,11.0,8.57,1,1.0
IEDB_4253,SARS-CoV1 Antigen,SARS-CoV1,100,11.0,75.51,1,1.0
IEDB_4252,Orientia tsutsugamushi Antigen,Orientia tsutsugamushi,100,11.0,-28.89,1,1.0
IEDB_4251,Human herpesvirus 4 strain B95-8 Antigen,Human herpesvirus 4 strain B95-8,100,11.0,12.85,1,1.0
IEDB_4250,Mycobacterium tuberculosis variant bovis Antigen,Mycobacterium tuberculosis variant bovis,100,11.0,41.16,1,1.0
IEDB_4249,Hepatitis delta virus Antigen,Hepatitis delta virus,100,11.0,-18.38,1,1.0
IEDB_4248,Hepatitis B virus subtype adw2 Antigen,Hepatitis B virus subtype adw2,100,11.0,-5.28,1,1.0
IEDB_4247,Plasmodium falciparum 3D7 Antigen,Plasmodium falciparum 3D7,100,11.0,21.83,1,1.0
IEDB_4246,Anaplasma marginale Antigen,Anaplasma marginale,100,11.0,60.53,1,1.0
IEDB_4245,Anaplasma marginale Antigen,Anaplasma marginale,100,11.0,27.44,1,1.0
IEDB_4244,Human respiratory syncytial virus A2 Antigen,Human respiratory syncytial virus A2,100,11.0,45.81,1,1.0
IEDB_4243,Vaccinia virus WR Antigen,Vaccinia virus WR,100,11.0,52.94,1,1.0
IEDB_4242,Orthohepacivirus hominis Antigen,Orthohepacivirus hominis,100,11.0,45.81,1,1.0
IEDB_4273,Cryptomeria japonica Antigen,Cryptomeria japonica,100,11.0,-4.19,1,1.0
IEDB_4272,Campylobacter jejuni RM1221 Antigen,Campylobacter jejuni RM1221,100,11.0,24.44,1,1.0
IEDB_4271,Yellow fever virus Antigen,Yellow fever virus,100,11.0,48.22,1,1.0
IEDB_4270,Human herpesvirus 4 strain B95-8 Antigen,Human herpesvirus 4 strain B95-8,100,11.0,68.38,1,1.0
IEDB_4269,nan Antigen,,100,11.0,26.82,1,1.0
IEDB_4268,nan Antigen,,100,11.0,26.82,1,1.0
IEDB_4267,Lederbergia lenta Antigen,Lederbergia lenta,100,11.0,17.0,1,1.0
IEDB_4266,nan Antigen,,100,11.0,26.82,1,1.0
IEDB_4265,nan Antigen,,100,11.0,26.82,1,1.0
IEDB_4264,African horse sickness virus 3 Antigen,African horse sickness virus 3,100,11.0,64.6,1,1.0
IEDB_4263,Human herpesvirus 5 strain AD169 Antigen,Human herpesvirus 5 strain AD169,100,11.0,4.1,1,1.0
IEDB_4262,Priestia megaterium Antigen,Priestia megaterium,100,11.0,54.72,1,1.0
IEDB_4261,Mycobacterium tuberculosis CDC1551 Antigen,Mycobacterium tuberculosis CDC1551,100,11.0,45.4,1,1.0
IEDB_4260,Human hepatitis A virus Hu/Australia/HM175/1976 Antigen,Human hepatitis A virus Hu/Australia/HM175/1976,100,11.0,-7.0,1,1.0
IEDB_4259,Andes virus CHI-7913 Antigen,Andes virus CHI-7913,100,11.0,12.45,1,1.0
IEDB_4258,hepatitis C virus genotype 1a Antigen,hepatitis C virus genotype 1a,100,11.0,86.4,1,1.0
IEDB_4289,Mycobacterium leprae Antigen,Mycobacterium leprae,100,11.0,82.43,1,1.0
IEDB_4288,SARS coronavirus Tor2 Antigen,SARS coronavirus Tor2,100,11.0,79.11,1,1.0
IEDB_4287,nan Antigen,,100,11.0,14.69,1,1.0
IEDB_4286,nan Antigen,,100,11.0,15.1,1,1.0
IEDB_4285,nan Antigen,,100,11.0,8.89,1,1.0
IEDB_4284,Vaccinia virus WR Antigen,Vaccinia virus WR,100,11.0,30.23,1,1.0
IEDB_4283,Vaccinia virus WR Antigen,Vaccinia virus WR,100,11.0,32.48,1,1.0
IEDB_4282,Neisseria gonorrhoeae Antigen,Neisseria gonorrhoeae,100,11.0,-18.36,1,1.0
IEDB_4281,Cryptomeria japonica Antigen,Cryptomeria japonica,100,11.0,70.71,1,1.0
IEDB_4280,Influenza A virus (A/Puerto Rico/8/34/Mount Sinai(H1N1)) Antigen,Influenza A virus (A/Puerto Rico/8/34/Mount Sinai(H1N1)),100,11.0,71.15,1,1.0
IEDB_4279,Influenza A virus (A/Wilson-Smith/1933(H1N1)) Antigen,Influenza A virus (A/Wilson-Smith/1933(H1N1)),100,11.0,104.42,1,1.0
IEDB_4278,Human alphaherpesvirus 2 Antigen,Human alphaherpesvirus 2,100,11.0,47.85,1,1.0
IEDB_4277,Hepatitis C virus subtype 1b Antigen,Hepatitis C virus subtype 1b,100,11.0,81.57,1,1.0
IEDB_4276,Mycobacterium tuberculosis Antigen,Mycobacterium tuberculosis,100,11.0,4.73,1,1.0
IEDB_4275,Plasmodium falciparum CAMP/Malaysia Antigen,Plasmodium falciparum CAMP/Malaysia,100,11.0,-11.29,1,1.0
IEDB_4274,Francisella tularensis subsp. tularensis FSC198 Antigen,Francisella tularensis subsp. tularensis FSC198,100,11.0,-16.19,1,1.0
IEDB_4305,Trypanosoma cruzi Antigen,Trypanosoma cruzi,100,11.0,64.29,1,1.0
IEDB_4304,Trypanosoma cruzi Antigen,Trypanosoma cruzi,100,11.0,65.53,1,1.0
IEDB_4303,Trypanosoma cruzi Antigen,Trypanosoma cruzi,100,11.0,41.91,1,1.0
IEDB_4302,Severe acute respiratory syndrome coronavirus 2 Antigen,Severe acute respiratory syndrome coronavirus 2,100,11.0,8.89,1,1.0
IEDB_4301,SARS coronavirus Tor2 Antigen,SARS coronavirus Tor2,100,11.0,20.25,1,1.0
IEDB_4300,Mycobacterium tuberculosis H37Rv Antigen,Mycobacterium tuberculosis H37Rv,100,11.0,62.21,1,1.0
IEDB_4299,West Nile virus Antigen,West Nile virus,100,11.0,8.75,1,1.0
IEDB_4298,Shigella flexneri 2a Antigen,Shigella flexneri 2a,100,11.0,131.0,1,1.0
IEDB_4297,nan Antigen,,100,11.0,8.89,1,1.0
IEDB_4296,Vaccinia virus WR Antigen,Vaccinia virus WR,100,11.0,48.7,1,1.0
IEDB_4295,macacine betaherpesvirus 3 Antigen,macacine betaherpesvirus 3,100,11.0,1.86,1,1.0
IEDB_4294,macacine betaherpesvirus 3 Antigen,macacine betaherpesvirus 3,100,11.0,-24.25,1,1.0
IEDB_4293,Influenza A virus (A/Viet Nam/1203/2004(H5N1)) Antigen,Influenza A virus (A/Viet Nam/1203/2004(H5N1)),100,11.0,50.73,1,1.0
IEDB_4292,Influenza A virus (A/nt/60/1968(H3N2)) Antigen,Influenza A virus (A/nt/60/1968(H3N2)),100,11.0,46.38,1,1.0
IEDB_4291,Influenza A virus (A/Puerto Rico/8/1934(H1N1)) Antigen,Influenza A virus (A/Puerto Rico/8/1934(H1N1)),100,11.0,50.73,1,1.0
IEDB_4290,Influenza A virus (A/Puerto Rico/8/1934(H1N1)) Antigen,Influenza A virus (A/Puerto Rico/8/1934(H1N1)),100,11.0,30.4,1,1.0
IEDB_4321,Orthohepacivirus hominis Antigen,Orthohepacivirus hominis,100,11.0,15.66,1,1.0
IEDB_4320,hepatitis C virus genotype 1a Antigen,hepatitis C virus genotype 1a,100,11.0,15.1,1,1.0
IEDB_4319,Hepatitis C virus (isolate H) Antigen,Hepatitis C virus (isolate H),100,11.0,33.06,1,1.0
IEDB_4318,Hepatitis C virus isolate HC-J4 Antigen,Hepatitis C virus isolate HC-J4,100,11.0,13.8,1,1.0
IEDB_4317,Vaccinia virus WR Antigen,Vaccinia virus WR,100,11.0,-9.98,1,1.0
IEDB_4316,macacine betaherpesvirus 3 Antigen,macacine betaherpesvirus 3,100,11.0,8.89,1,1.0
IEDB_4315,Mycobacterium tuberculosis Antigen,Mycobacterium tuberculosis,100,11.0,6.97,1,1.0
IEDB_4314,Enterobacteria phage fd Antigen,Enterobacteria phage fd,100,11.0,22.28,1,1.0
IEDB_4313,Plasmodium knowlesi strain Nuri Antigen,Plasmodium knowlesi strain Nuri,100,11.0,32.44,1,1.0
IEDB_4312,Foot-and-mouth disease virus C-S8c1 Antigen,Foot-and-mouth disease virus C-S8c1,100,11.0,20.81,1,1.0
IEDB_4311,Foot-and-mouth disease virus C-S8c1 Antigen,Foot-and-mouth disease virus C-S8c1,100,11.0,-3.83,1,1.0
IEDB_4310,Hepatitis B virus Antigen,Hepatitis B virus,100,11.0,30.68,1,1.0
IEDB_4309,Hepatitis B virus Antigen,Hepatitis B virus,100,11.0,20.31,1,1.0
IEDB_4308,Hepatitis B virus subtype adyw Antigen,Hepatitis B virus subtype adyw,100,11.0,24.18,1,1.0
IEDB_4307,Plasmodium falciparum CAMP/Malaysia Antigen,Plasmodium falciparum CAMP/Malaysia,100,11.0,53.06,1,1.0
IEDB_4306,Vaccinia virus WR Antigen,Vaccinia virus WR,100,11.0,36.31,1,1.0
IEDB_4337,Orthohepacivirus hominis Antigen,Orthohepacivirus hominis,100,11.0,48.42,1,1.0
IEDB_4336,Hepatitis C virus (isolate H) Antigen,Hepatitis C virus (isolate H),100,11.0,65.66,1,1.0
IEDB_4335,Hepatitis C virus isolate HC-J4 Antigen,Hepatitis C virus isolate HC-J4,100,11.0,60.86,1,1.0
IEDB_4334,Plasmodium yoelii yoelii Antigen,Plasmodium yoelii yoelii,100,11.0,53.35,1,1.0
IEDB_4333,nan Antigen,,100,11.0,65.06,1,1.0
IEDB_4332,nan Antigen,,100,11.0,104.9,1,1.0
IEDB_4331,nan Antigen,,100,11.0,90.25,1,1.0
IEDB_4330,Influenza A virus Antigen,Influenza A virus,100,11.0,90.25,1,1.0
IEDB_4329,nan Antigen,,100,11.0,105.68,1,1.0
IEDB_4328,nan Antigen,,100,11.0,90.25,1,1.0
IEDB_4327,nan Antigen,,100,11.0,38.89,1,1.0
IEDB_4326,nan Antigen,,100,11.0,49.5,1,1.0
IEDB_4325,Human herpesvirus 4 strain B95-8 Antigen,Human herpesvirus 4 strain B95-8,100,11.0,26.51,1,1.0
IEDB_4324,nan Antigen,,100,11.0,45.11,1,1.0
IEDB_4323,SARS coronavirus Tor2 Antigen,SARS coronavirus Tor2,100,11.0,63.31,1,1.0
IEDB_4322,Influenza A virus (A/Ann Arbor/6/1960(H2N2)) Antigen,Influenza A virus (A/Ann Arbor/6/1960(H2N2)),100,11.0,36.73,1,1.0
IEDB_4354,Hepatovirus A Antigen,Hepatovirus A,100,11.0,20.04,1,1.0
IEDB_4353,Streptococcus pyogenes Antigen,Streptococcus pyogenes,100,11.0,33.52,1,1.0
IEDB_4352,Human alphaherpesvirus 2 Antigen,Human alphaherpesvirus 2,100,11.0,30.29,1,1.0
IEDB_4351,Plasmodium falciparum CAMP/Malaysia Antigen,Plasmodium falciparum CAMP/Malaysia,100,11.0,32.83,1,1.0
IEDB_4350,Mycobacterium leprae Antigen,Mycobacterium leprae,100,11.0,-7.01,1,1.0
IEDB_4349,Rickettsia sibirica Antigen,Rickettsia sibirica,100,11.0,12.48,1,1.0
IEDB_4348,Plasmodium chabaudi adami DS Antigen,Plasmodium chabaudi adami DS,100,11.0,54.17,1,1.0
IEDB_4346,Brucella abortus Antigen,Brucella abortus,100,11.0,43.31,1,1.0
IEDB_4345,Mycobacterium tuberculosis Antigen,Mycobacterium tuberculosis,100,11.0,135.9,1,1.0
IEDB_4344,Human gammaherpesvirus 8 Antigen,Human gammaherpesvirus 8,100,11.0,45.26,1,1.0
IEDB_4343,Lymphocytic choriomeningitis virus (strain Armstrong) Antigen,Lymphocytic choriomeningitis virus (strain Armstrong),100,11.0,29.46,1,1.0
IEDB_4342,Theileria parva Antigen,Theileria parva,100,11.0,24.33,1,1.0
IEDB_4341,Influenza A virus (A/Puerto Rico/8/1934(H1N1)) Antigen,Influenza A virus (A/Puerto Rico/8/1934(H1N1)),100,11.0,8.89,1,1.0
IEDB_4340,Human alphaherpesvirus 2 Antigen,Human alphaherpesvirus 2,100,11.0,4.31,1,1.0
IEDB_4339,Pseudomonas aeruginosa UCBPP-PA14 Antigen,Pseudomonas aeruginosa UCBPP-PA14,100,11.0,-2.69,1,1.0
IEDB_4338,Borreliella burgdorferi B31 Antigen,Borreliella burgdorferi B31,100,11.0,9.0,1,1.0
IEDB_4372,Clostridium tetani Antigen,Clostridium tetani,100,11.0,71.28,1,1.0
IEDB_4371,Hepatitis C virus subtype 1b AD78 Antigen,Hepatitis C virus subtype 1b AD78,100,11.0,57.73,1,1.0
IEDB_4370,Plasmodium falciparum CAMP/Malaysia Antigen,Plasmodium falciparum CAMP/Malaysia,100,11.0,80.97,1,1.0
IEDB_4369,Measles virus strain Edmonston Antigen,Measles virus strain Edmonston,100,11.0,186.63,1,1.0
IEDB_4368,Hevea brasiliensis Antigen,Hevea brasiliensis,100,11.0,78.39,1,1.0
IEDB_4367,Measles virus strain Edmonston Antigen,Measles virus strain Edmonston,100,11.0,72.42,1,1.0
IEDB_4366,Measles virus strain Edmonston Antigen,Measles virus strain Edmonston,100,11.0,29.35,1,1.0
IEDB_4363,SARS coronavirus Tor2 Antigen,SARS coronavirus Tor2,100,11.0,92.27,1,1.0
IEDB_4362,SARS coronavirus Tor2 Antigen,SARS coronavirus Tor2,100,11.0,86.04,1,1.0
IEDB_4361,nan Antigen,,100,11.0,66.51,1,1.0
IEDB_4360,Leishmania major Antigen,Leishmania major,100,11.0,42.19,1,1.0
IEDB_4359,Rubella virus strain M33 Antigen,Rubella virus strain M33,100,11.0,60.27,1,1.0
IEDB_4358,Measles morbillivirus Antigen,Measles morbillivirus,100,11.0,63.92,1,1.0
IEDB_4357,Measles virus strain Edmonston-B Antigen,Measles virus strain Edmonston-B,100,11.0,81.65,1,1.0
IEDB_4356,Measles virus strain Edmonston-B Antigen,Measles virus strain Edmonston-B,100,11.0,55.93,1,1.0
IEDB_4355,Measles virus strain Edmonston-B Antigen,Measles virus strain Edmonston-B,100,11.0,42.15,1,1.0
IEDB_4391,Chlamydia trachomatis Antigen,Chlamydia trachomatis,100,11.0,5.69,1,1.0
IEDB_4390,Penicillium chrysogenum Antigen,Penicillium chrysogenum,100,11.0,-24.51,1,1.0
IEDB_4389,Bacillus amyloliquefaciens Antigen,Bacillus amyloliquefaciens,100,11.0,49.17,1,1.0
IEDB_4388,Lederbergia lenta Antigen,Lederbergia lenta,100,11.0,13.01,1,1.0
IEDB_4387,Severe acute respiratory syndrome coronavirus 2 Antigen,Severe acute respiratory syndrome coronavirus 2,100,11.0,38.63,1,1.0
IEDB_4385,nan Antigen,,100,11.0,75.91,1,1.0
IEDB_4383,Vaccinia virus WR Antigen,Vaccinia virus WR,100,11.0,56.9,1,1.0
IEDB_4382,Bacillus anthracis Antigen,Bacillus anthracis,100,11.0,32.68,1,1.0
IEDB_4381,nan Antigen,,100,11.0,8.89,1,1.0
IEDB_4380,Vaccinia virus WR Antigen,Vaccinia virus WR,100,11.0,20.72,1,1.0
IEDB_4379,Orthopoxvirus vaccinia Antigen,Orthopoxvirus vaccinia,100,11.0,21.91,1,1.0
IEDB_4378,Homo sapiens Antigen,Homo sapiens,100,11.0,16.43,1,1.0
IEDB_4377,nan Antigen,,100,11.0,89.57,1,1.0
IEDB_4376,Homo sapiens Antigen,Homo sapiens,100,11.0,-5.7,1,1.0
IEDB_4374,Hepatitis B virus Antigen,Hepatitis B virus,100,11.0,63.67,1,1.0
IEDB_4373,Vaccinia virus WR Antigen,Vaccinia virus WR,100,11.0,5.15,1,1.0
IEDB_4407,Mycobacterium tuberculosis Antigen,Mycobacterium tuberculosis,100,11.0,12.83,1,1.0
IEDB_4406,Mycobacterium tuberculosis Antigen,Mycobacterium tuberculosis,100,11.0,-16.45,1,1.0
IEDB_4405,Orthohepacivirus hominis Antigen,Orthohepacivirus hominis,100,11.0,54.39,1,1.0
IEDB_4404,Renibacterium salmoninarum Antigen,Renibacterium salmoninarum,100,11.0,80.38,1,1.0
IEDB_4403,Human betaherpesvirus 5 Antigen,Human betaherpesvirus 5,100,11.0,19.43,1,1.0
IEDB_4402,Human herpesvirus 5 strain AD169 Antigen,Human herpesvirus 5 strain AD169,100,11.0,24.15,1,1.0
IEDB_4401,Human parvovirus B19 Antigen,Human parvovirus B19,100,11.0,35.04,1,1.0
IEDB_4400,Orthopoxvirus vaccinia Antigen,Orthopoxvirus vaccinia,100,11.0,43.97,1,1.0
IEDB_4399,Homo sapiens Antigen,Homo sapiens,100,11.0,30.29,1,1.0
IEDB_4398,Plasmodium falciparum isolate WELLCOME Antigen,Plasmodium falciparum isolate WELLCOME,100,11.0,25.79,1,1.0
IEDB_4397,nan Antigen,,100,11.0,0.51,1,1.0
IEDB_4396,Mycobacterium tuberculosis Antigen,Mycobacterium tuberculosis,100,11.0,32.44,1,1.0
IEDB_4395,Orthohepacivirus hominis Antigen,Orthohepacivirus hominis,100,11.0,64.97,1,1.0
IEDB_4394,Foot-and-mouth disease virus - type O (strain HKN/14/82) Antigen,Foot-and-mouth disease virus - type O (strain HKN/14/82),100,11.0,69.79,1,1.0
IEDB_4393,Treponema pallidum Antigen,Treponema pallidum,100,11.0,32.3,1,1.0
IEDB_4392,SARS coronavirus Tor2 Antigen,SARS coronavirus Tor2,100,11.0,53.94,1,1.0
IEDB_4424,Influenza A virus (A/reassortant/NYMC X-179A(California/07/2009 x NYMC X-157)(H1N1)) Antigen,Influenza A virus (A/reassortant/NYMC X-179A(California/07/2009 x NYMC X-157)(H1N1)),100,11.0,3.11,1,1.0
IEDB_4423,Lymphocytic choriomeningitis virus (strain Armstrong) Antigen,Lymphocytic choriomeningitis virus (strain Armstrong),100,11.0,39.9,1,1.0
IEDB_4422,Escherichia coli Antigen,Escherichia coli,100,11.0,-16.72,1,1.0
IEDB_4421,hepatitis C virus genotype 1a Antigen,hepatitis C virus genotype 1a,100,11.0,13.06,1,1.0
IEDB_4420,Hepatitis C virus (isolate 1) Antigen,Hepatitis C virus (isolate 1),100,11.0,13.23,1,1.0
IEDB_4419,hepatitis C virus genotype 1a Antigen,hepatitis C virus genotype 1a,100,11.0,19.75,1,1.0
IEDB_4418,Hepatitis C virus subtype 1b Antigen,Hepatitis C virus subtype 1b,100,11.0,8.33,1,1.0
IEDB_4416,Helicobacter pylori Antigen,Helicobacter pylori,100,11.0,-0.54,1,1.0
IEDB_4415,Leishmania infantum Antigen,Leishmania infantum,100,11.0,47.48,1,1.0
IEDB_4414,Influenza A virus (A/Beijing/32/1992(H3N2)) Antigen,Influenza A virus (A/Beijing/32/1992(H3N2)),100,11.0,75.98,1,1.0
IEDB_4413,Influenza A virus (A/X-31(H3N2)) Antigen,Influenza A virus (A/X-31(H3N2)),100,11.0,57.52,1,1.0
IEDB_4412,Neisseria meningitidis serogroup B  H44/76 Antigen,Neisseria meningitidis serogroup B  H44/76,100,11.0,-9.03,1,1.0
IEDB_4411,Vaccinia virus WR Antigen,Vaccinia virus WR,100,11.0,22.74,1,1.0
IEDB_4410,Neisseria meningitidis serogroup B  H44/76 Antigen,Neisseria meningitidis serogroup B  H44/76,100,11.0,7.5,1,1.0
IEDB_4409,SARS coronavirus Tor2 Antigen,SARS coronavirus Tor2,100,11.0,-9.98,1,1.0
IEDB_4408,Hepatitis C virus subtype 1b AD78 Antigen,Hepatitis C virus subtype 1b AD78,100,11.0,9.0,1,1.0
IEDB_4440,nan Antigen,,100,11.0,16.53,1,1.0
IEDB_4439,Bacillus licheniformis Antigen,Bacillus licheniformis,100,11.0,-0.71,1,1.0
IEDB_4438,Vaccinia virus WR Antigen,Vaccinia virus WR,100,11.0,25.14,1,1.0
IEDB_4437,Mycobacterium avium subsp. paratuberculosis Antigen,Mycobacterium avium subsp. paratuberculosis,100,11.0,22.91,1,1.0
IEDB_4436,Hepatitis C virus subtype 1b Antigen,Hepatitis C virus subtype 1b,100,11.0,60.9,1,1.0
IEDB_4435,Hepatitis C virus subtype 1b Antigen,Hepatitis C virus subtype 1b,100,11.0,64.17,1,1.0
IEDB_4434,hepatitis C virus genotype 1a Antigen,hepatitis C virus genotype 1a,100,11.0,57.12,1,1.0
IEDB_4433,Hepatitis C virus subtype 1b Antigen,Hepatitis C virus subtype 1b,100,11.0,51.27,1,1.0
IEDB_4432,hepatitis C virus genotype 1a Antigen,hepatitis C virus genotype 1a,100,11.0,89.53,1,1.0
IEDB_4431,hepatitis C virus genotype 1a Antigen,hepatitis C virus genotype 1a,100,11.0,35.16,1,1.0
IEDB_4430,Clostridium tetani Antigen,Clostridium tetani,100,11.0,8.99,1,1.0
IEDB_4429,Clostridium tetani Antigen,Clostridium tetani,100,11.0,-6.38,1,1.0
IEDB_4428,Cryptomeria japonica Antigen,Cryptomeria japonica,100,11.0,35.29,1,1.0
IEDB_4427,SARS-CoV1 Antigen,SARS-CoV1,100,11.0,-2.63,1,1.0
IEDB_4426,nan Antigen,,100,11.0,8.89,1,1.0
IEDB_4425,Leishmania infantum LEM 75 Antigen,Leishmania infantum LEM 75,100,11.0,49.75,1,1.0
IEDB_4457,nan Antigen,,100,11.0,93.93,1,1.0
IEDB_4456,nan Antigen,,100,11.0,48.28,1,1.0
IEDB_4455,nan Antigen,,100,11.0,93.93,1,1.0
IEDB_4454,nan Antigen,,100,11.0,93.93,1,1.0
IEDB_4453,nan Antigen,,100,11.0,84.5,1,1.0
IEDB_4452,Fasciola hepatica Antigen,Fasciola hepatica,100,11.0,-0.73,1,1.0
IEDB_4451,Plasmodium falciparum 3D7 Antigen,Plasmodium falciparum 3D7,100,11.0,76.2,1,1.0
IEDB_4450,Dermatophagoides pteronyssinus Antigen,Dermatophagoides pteronyssinus,100,11.0,6.24,1,1.0
IEDB_4448,Human hepatitis A virus Hu/Australia/HM175/1976 Antigen,Human hepatitis A virus Hu/Australia/HM175/1976,100,11.0,0.11,1,1.0
IEDB_4447,Human hepatitis A virus Hu/Australia/HM175/1976 Antigen,Human hepatitis A virus Hu/Australia/HM175/1976,100,11.0,-0.68,1,1.0
IEDB_4446,Mycobacterium tuberculosis H37Rv Antigen,Mycobacterium tuberculosis H37Rv,100,11.0,-12.01,1,1.0
IEDB_4445,Mycobacterium tuberculosis Antigen,Mycobacterium tuberculosis,100,11.0,16.11,1,1.0
IEDB_4444,nan Antigen,,100,11.0,36.41,1,1.0
IEDB_4443,Trypanosoma cruzi Antigen,Trypanosoma cruzi,100,11.0,49.33,1,1.0
IEDB_4442,Trypanosoma cruzi Antigen,Trypanosoma cruzi,100,11.0,54.25,1,1.0
IEDB_4441,Apis mellifera Antigen,Apis mellifera,100,11.0,82.02,1,1.0
IEDB_4473,nan Antigen,,100,11.0,61.62,1,1.0
IEDB_4472,Lymphocytic choriomeningitis virus (strain Armstrong) Antigen,Lymphocytic choriomeningitis virus (strain Armstrong),100,11.0,19.77,1,1.0
IEDB_4471,Vaccinia virus WR Antigen,Vaccinia virus WR,100,11.0,9.0,1,1.0
IEDB_4470,Vaccinia virus WR Antigen,Vaccinia virus WR,100,11.0,8.89,1,1.0
IEDB_4469,nan Antigen,,100,11.0,33.65,1,1.0
IEDB_4468,Plasmodium falciparum 3D7 Antigen,Plasmodium falciparum 3D7,100,11.0,21.34,1,1.0
IEDB_4467,Plasmodium falciparum Indochina I/CDC Antigen,Plasmodium falciparum Indochina I/CDC,100,11.0,38.35,1,1.0
IEDB_4466,Corylus avellana Antigen,Corylus avellana,100,11.0,65.4,1,1.0
IEDB_4465,Vaccinia virus WR Antigen,Vaccinia virus WR,100,11.0,25.38,1,1.0
IEDB_4464,Vaccinia virus WR Antigen,Vaccinia virus WR,100,11.0,30.29,1,1.0
IEDB_4463,Measles virus strain Edmonston Antigen,Measles virus strain Edmonston,100,11.0,5.19,1,1.0
IEDB_4462,Vaccinia virus WR Antigen,Vaccinia virus WR,100,11.0,0.51,1,1.0
IEDB_4461,Vaccinia virus WR Antigen,Vaccinia virus WR,100,11.0,8.89,1,1.0
IEDB_4460,Plasmodium yoelii Antigen,Plasmodium yoelii,100,11.0,22.17,1,1.0
IEDB_4459,nan Antigen,,100,11.0,57.71,1,1.0
IEDB_4458,nan Antigen,,100,11.0,57.71,1,1.0
IEDB_4489,Vaccinia virus WR Antigen,Vaccinia virus WR,100,11.0,56.56,1,1.0
IEDB_4488,Vibrio cholerae O1 Antigen,Vibrio cholerae O1,100,11.0,29.94,1,1.0
IEDB_4487,Plasmodium falciparum 3D7 Antigen,Plasmodium falciparum 3D7,100,11.0,35.2,1,1.0
IEDB_4486,Cryptomeria japonica Antigen,Cryptomeria japonica,100,11.0,4.07,1,1.0
IEDB_4485,Hepatitis B virus Antigen,Hepatitis B virus,100,11.0,53.42,1,1.0
IEDB_4484,Vaccinia virus WR Antigen,Vaccinia virus WR,100,11.0,-15.52,1,1.0
IEDB_4483,Severe acute respiratory syndrome coronavirus 2 Antigen,Severe acute respiratory syndrome coronavirus 2,100,11.0,39.99,1,1.0
IEDB_4482,nan Antigen,,100,11.0,8.89,1,1.0
IEDB_4481,Betula pendula Antigen,Betula pendula,100,11.0,18.93,1,1.0
IEDB_4480,Hepatitis C virus subtype 1b Antigen,Hepatitis C virus subtype 1b,100,11.0,43.52,1,1.0
IEDB_4479,Hepatitis C virus subtype 1b Antigen,Hepatitis C virus subtype 1b,100,11.0,49.7,1,1.0
IEDB_4478,Hepatitis C virus subtype 2b Antigen,Hepatitis C virus subtype 2b,100,11.0,93.93,1,1.0
IEDB_4477,Dermatophagoides farinae Antigen,Dermatophagoides farinae,100,11.0,1.83,1,1.0
IEDB_4476,Vaccinia virus WR Antigen,Vaccinia virus WR,100,11.0,32.68,1,1.0
IEDB_4475,Mus musculus Antigen,Mus musculus,100,11.0,14.75,1,1.0
IEDB_4474,Vaccinia virus WR Antigen,Vaccinia virus WR,100,11.0,30.29,1,1.0
IEDB_4505,SARS coronavirus Tor2 Antigen,SARS coronavirus Tor2,100,11.0,28.26,1,1.0
IEDB_4504,Clostridium tetani Antigen,Clostridium tetani,100,11.0,1.09,1,1.0
IEDB_4503,Plasmodium falciparum CAMP/Malaysia Antigen,Plasmodium falciparum CAMP/Malaysia,100,11.0,28.93,1,1.0
IEDB_4502,nan Antigen,,100,11.0,8.89,1,1.0
IEDB_4501,Mycobacterium tuberculosis H37Rv Antigen,Mycobacterium tuberculosis H37Rv,100,11.0,72.41,1,1.0
IEDB_4500,Homo sapiens Antigen,Homo sapiens,100,11.0,38.28,1,1.0
IEDB_4499,Anaplasma marginale Antigen,Anaplasma marginale,100,11.0,21.41,1,1.0
IEDB_4498,Brassica juncea Antigen,Brassica juncea,100,11.0,68.17,1,1.0
IEDB_4497,hepatitis C virus genotype 1a Antigen,hepatitis C virus genotype 1a,100,11.0,-3.24,1,1.0
IEDB_4496,Helicobacter pylori 26695 Antigen,Helicobacter pylori 26695,100,11.0,48.28,1,1.0
IEDB_4495,Hantaan virus 76-118 Antigen,Hantaan virus 76-118,100,11.0,39.77,1,1.0
IEDB_4494,Mycobacterium tuberculosis H37Rv Antigen,Mycobacterium tuberculosis H37Rv,100,11.0,20.72,1,1.0
IEDB_4493,Vaccinia virus WR Antigen,Vaccinia virus WR,100,11.0,1.46,1,1.0
IEDB_4492,Escherichia coli Antigen,Escherichia coli,100,11.0,28.9,1,1.0
IEDB_4491,Staphylococcus aureus subsp. aureus MRSA252 Antigen,Staphylococcus aureus subsp. aureus MRSA252,100,11.0,35.16,1,1.0
IEDB_4490,SARS coronavirus Tor2 Antigen,SARS coronavirus Tor2,100,11.0,14.22,1,1.0
IEDB_4521,Mycobacterium kansasii Antigen,Mycobacterium kansasii,100,11.0,18.12,1,1.0
IEDB_4520,SARS coronavirus Tor2 Antigen,SARS coronavirus Tor2,100,11.0,37.73,1,1.0
IEDB_4519,SARS-CoV1 Antigen,SARS-CoV1,100,11.0,30.29,1,1.0
IEDB_4518,Borna disease virus Antigen,Borna disease virus,100,11.0,30.54,1,1.0
IEDB_4517,Orthohepacivirus hominis Antigen,Orthohepacivirus hominis,100,11.0,41.19,1,1.0
IEDB_4516,Vaccinia virus WR Antigen,Vaccinia virus WR,100,11.0,32.83,1,1.0
IEDB_4515,Homo sapiens Antigen,Homo sapiens,100,11.0,9.0,1,1.0
IEDB_4514,Vaccinia virus WR Antigen,Vaccinia virus WR,100,11.0,-9.98,1,1.0
IEDB_4513,Vaccinia virus WR Antigen,Vaccinia virus WR,100,11.0,-33.94,1,1.0
IEDB_4512,Human alphaherpesvirus 1 Antigen,Human alphaherpesvirus 1,100,11.0,16.65,1,1.0
IEDB_4511,Human alphaherpesvirus 1 Antigen,Human alphaherpesvirus 1,100,11.0,32.47,1,1.0
IEDB_4510,Orthopoxvirus vaccinia Antigen,Orthopoxvirus vaccinia,100,11.0,48.28,1,1.0
IEDB_4509,Clostridium botulinum A Antigen,Clostridium botulinum A,100,11.0,4.06,1,1.0
IEDB_4508,Mammarenavirus lassaense Antigen,Mammarenavirus lassaense,100,11.0,-2.69,1,1.0
IEDB_4507,Orthopoxvirus vaccinia Antigen,Orthopoxvirus vaccinia,100,11.0,0.51,1,1.0
IEDB_4506,Orthopoxvirus vaccinia Antigen,Orthopoxvirus vaccinia,100,11.0,-0.54,1,1.0
IEDB_4537,Mycobacterium tuberculosis Antigen,Mycobacterium tuberculosis,100,11.0,33.49,1,1.0
IEDB_4536,Vaccinia virus WR Antigen,Vaccinia virus WR,100,11.0,35.2,1,1.0
IEDB_4535,Helicobacter pylori Antigen,Helicobacter pylori,100,11.0,3.73,1,1.0
IEDB_4534,Influenza A virus (A/Puerto Rico/8/34/Mount Sinai(H1N1)) Antigen,Influenza A virus (A/Puerto Rico/8/34/Mount Sinai(H1N1)),100,11.0,66.13,1,1.0
IEDB_4533,Influenza A virus (A/Puerto Rico/8/1934(H1N1)) Antigen,Influenza A virus (A/Puerto Rico/8/1934(H1N1)),100,11.0,80.16,1,1.0
IEDB_4532,Vaccinia virus WR Antigen,Vaccinia virus WR,100,11.0,-23.01,1,1.0
IEDB_4531,nan Antigen,,100,11.0,8.89,1,1.0
IEDB_4530,Mus musculus Antigen,Mus musculus,100,11.0,13.43,1,1.0
IEDB_4529,Bacillus amyloliquefaciens Antigen,Bacillus amyloliquefaciens,100,11.0,6.22,1,1.0
IEDB_4528,Vaccinia virus WR Antigen,Vaccinia virus WR,100,11.0,-0.54,1,1.0
IEDB_4527,Influenza A virus (A/California/07/2009(H1N1)) Antigen,Influenza A virus (A/California/07/2009(H1N1)),100,11.0,34.79,1,1.0
IEDB_4526,Influenza A virus (A/Beijing/11/1956(H1N1)) Antigen,Influenza A virus (A/Beijing/11/1956(H1N1)),100,11.0,51.31,1,1.0
IEDB_4525,Suid herpesvirus 1 (strain NIA-3) Antigen,Suid herpesvirus 1 (strain NIA-3),100,11.0,94.49,1,1.0
IEDB_4524,Mus musculus Antigen,Mus musculus,100,11.0,41.6,1,1.0
IEDB_4523,Murine hepatitis virus strain A59 Antigen,Murine hepatitis virus strain A59,100,11.0,99.38,1,1.0
IEDB_4522,Mycobacterium kansasii Antigen,Mycobacterium kansasii,100,11.0,13.41,1,1.0
IEDB_4554,nan Antigen,,100,11.0,106.53,1,1.0
IEDB_4553,nan Antigen,,100,11.0,8.89,1,1.0
IEDB_4552,nan Antigen,,100,11.0,-16.19,1,1.0
IEDB_4551,nan Antigen,,100,11.0,-7.81,1,1.0
IEDB_4550,nan Antigen,,100,11.0,45.11,1,1.0
IEDB_4549,nan Antigen,,100,11.0,45.11,1,1.0
IEDB_4548,nan Antigen,,100,11.0,35.68,1,1.0
IEDB_4547,nan Antigen,,100,11.0,8.89,1,1.0
IEDB_4546,nan Antigen,,100,11.0,5.69,1,1.0
IEDB_4545,nan Antigen,,100,11.0,8.89,1,1.0
IEDB_4544,nan Antigen,,100,11.0,8.89,1,1.0
IEDB_4543,Helicobacter pylori 26695 Antigen,Helicobacter pylori 26695,100,11.0,-0.54,1,1.0
IEDB_4542,nan Antigen,,100,11.0,5.69,1,1.0
IEDB_4541,nan Antigen,,100,11.0,8.89,1,1.0
IEDB_4539,Orthopoxvirus vaccinia Antigen,Orthopoxvirus vaccinia,100,11.0,5.69,1,1.0
IEDB_4538,Influenza A virus (A/X-31(H3N2)) Antigen,Influenza A virus (A/X-31(H3N2)),100,11.0,63.56,1,1.0
IEDB_4570,nan Antigen,,100,11.0,-0.54,1,1.0
IEDB_4569,Influenza A virus Antigen,Influenza A virus,100,11.0,30.29,1,1.0
IEDB_4568,nan Antigen,,100,11.0,0.51,1,1.0
IEDB_4567,nan Antigen,,100,11.0,8.89,1,1.0
IEDB_4566,nan Antigen,,100,11.0,8.89,1,1.0
IEDB_4565,nan Antigen,,100,11.0,45.11,1,1.0
IEDB_4564,nan Antigen,,100,11.0,30.29,1,1.0
IEDB_4563,nan Antigen,,100,11.0,93.93,1,1.0
IEDB_4562,Influenza A virus (A/Viet Nam/1203/2004(H5N1)) Antigen,Influenza A virus (A/Viet Nam/1203/2004(H5N1)),100,11.0,8.89,1,1.0
IEDB_4561,Influenza A virus (A/Taiwan/1/1986(H1N1)) Antigen,Influenza A virus (A/Taiwan/1/1986(H1N1)),100,11.0,-7.81,1,1.0
IEDB_4560,Influenza A virus (A/nt/60/1968(H3N2)) Antigen,Influenza A virus (A/nt/60/1968(H3N2)),100,11.0,36.8,1,1.0
IEDB_4559,Influenza A virus (A/nt/60/1968(H3N2)) Antigen,Influenza A virus (A/nt/60/1968(H3N2)),100,11.0,8.89,1,1.0
IEDB_4558,nan Antigen,,100,11.0,45.11,1,1.0
IEDB_4557,nan Antigen,,100,11.0,22.6,1,1.0
IEDB_4556,Influenza A virus Antigen,Influenza A virus,100,11.0,8.89,1,1.0
IEDB_4555,nan Antigen,,100,11.0,35.2,1,1.0
IEDB_4586,nan Antigen,,100,11.0,57.71,1,1.0
IEDB_4585,nan Antigen,,100,11.0,18.5,1,1.0
IEDB_4584,nan Antigen,,100,11.0,8.89,1,1.0
IEDB_4583,Influenza A virus (A/X-31(H3N2)) Antigen,Influenza A virus (A/X-31(H3N2)),100,11.0,35.01,1,1.0
IEDB_4582,Influenza A virus Antigen,Influenza A virus,100,11.0,36.8,1,1.0
IEDB_4581,Influenza A virus (A/Puerto Rico/8/1934(H1N1)) Antigen,Influenza A virus (A/Puerto Rico/8/1934(H1N1)),100,11.0,8.89,1,1.0
IEDB_4580,nan Antigen,,100,11.0,8.89,1,1.0
IEDB_4579,nan Antigen,,100,11.0,8.89,1,1.0
IEDB_4578,nan Antigen,,100,11.0,30.29,1,1.0
IEDB_4577,nan Antigen,,100,11.0,8.89,1,1.0
IEDB_4576,nan Antigen,,100,11.0,30.29,1,1.0
IEDB_4575,Influenza A virus Antigen,Influenza A virus,100,11.0,21.91,1,1.0
IEDB_4574,nan Antigen,,100,11.0,8.89,1,1.0
IEDB_4573,nan Antigen,,100,11.0,5.69,1,1.0
IEDB_4572,nan Antigen,,100,11.0,8.89,1,1.0
IEDB_4571,nan Antigen,,100,11.0,45.11,1,1.0
IEDB_4602,nan Antigen,,100,11.0,25.77,1,1.0
IEDB_4601,nan Antigen,,100,11.0,-7.81,1,1.0
IEDB_4600,nan Antigen,,100,11.0,-0.54,1,1.0
IEDB_4599,nan Antigen,,100,11.0,5.69,1,1.0
IEDB_4598,nan Antigen,,100,11.0,57.71,1,1.0
IEDB_4597,nan Antigen,,100,11.0,0.51,1,1.0
IEDB_4596,nan Antigen,,100,11.0,0.51,1,1.0
IEDB_4595,nan Antigen,,100,11.0,57.71,1,1.0
IEDB_4594,nan Antigen,,100,11.0,-0.54,1,1.0
IEDB_4593,nan Antigen,,100,11.0,2.49,1,1.0
IEDB_4592,nan Antigen,,100,11.0,8.89,1,1.0
IEDB_4591,nan Antigen,,100,11.0,8.89,1,1.0
IEDB_4590,nan Antigen,,100,11.0,8.89,1,1.0
IEDB_4589,nan Antigen,,100,11.0,64.16,1,1.0
IEDB_4588,nan Antigen,,100,11.0,-0.54,1,1.0
IEDB_4587,nan Antigen,,100,11.0,8.89,1,1.0
IEDB_4618,Human immunodeficiency virus 1 Antigen,Human immunodeficiency virus 1,100,11.0,7.96,1,1.0
IEDB_4617,nan Antigen,,100,11.0,8.89,1,1.0
IEDB_4616,nan Antigen,,100,11.0,35.2,1,1.0
IEDB_4615,nan Antigen,,100,11.0,57.71,1,1.0
IEDB_4614,nan Antigen,,100,11.0,35.2,1,1.0
IEDB_4613,nan Antigen,,100,11.0,-17.24,1,1.0
IEDB_4612,nan Antigen,,100,11.0,-7.81,1,1.0
IEDB_4611,nan Antigen,,100,11.0,0.51,1,1.0
IEDB_4610,nan Antigen,,100,11.0,-2.63,1,1.0
IEDB_4609,Influenza A virus Antigen,Influenza A virus,100,11.0,8.89,1,1.0
IEDB_4608,Influenza A virus (A/chicken/Korea/S1/2003(H9N2)) Antigen,Influenza A virus (A/chicken/Korea/S1/2003(H9N2)),100,11.0,20.86,1,1.0
IEDB_4607,nan Antigen,,100,11.0,30.29,1,1.0
IEDB_4606,nan Antigen,,100,11.0,8.89,1,1.0
IEDB_4605,nan Antigen,,100,11.0,21.91,1,1.0
IEDB_4604,nan Antigen,,100,11.0,25.0,1,1.0
IEDB_4603,nan Antigen,,100,11.0,8.89,1,1.0
IEDB_4634,nan Antigen,,100,11.0,8.89,1,1.0
IEDB_4633,Vaccinia virus WR Antigen,Vaccinia virus WR,100,11.0,-0.54,1,1.0
IEDB_4632,Aspergillus fumigatus Antigen,Aspergillus fumigatus,100,11.0,30.89,1,1.0
IEDB_4631,nan Antigen,,100,11.0,-17.24,1,1.0
IEDB_4630,nan Antigen,,100,11.0,8.89,1,1.0
IEDB_4629,nan Antigen,,100,11.0,22.6,1,1.0
IEDB_4628,Influenza A virus (A/X-31(H3N2)) Antigen,Influenza A virus (A/X-31(H3N2)),100,11.0,65.68,1,1.0
IEDB_4627,nan Antigen,,100,11.0,0.51,1,1.0
IEDB_4626,Trichophyton rubrum Antigen,Trichophyton rubrum,100,11.0,7.65,1,1.0
IEDB_4625,Lolium perenne Antigen,Lolium perenne,100,11.0,8.74,1,1.0
IEDB_4624,nan Antigen,,100,11.0,5.69,1,1.0
IEDB_4623,Vaccinia virus WR Antigen,Vaccinia virus WR,100,11.0,-6.03,1,1.0
IEDB_4622,Orthopoxvirus vaccinia Antigen,Orthopoxvirus vaccinia,100,11.0,-7.81,1,1.0
IEDB_4621,Mycobacterium bovis T/91/1378 Antigen,Mycobacterium bovis T/91/1378,100,11.0,18.44,1,1.0
IEDB_4620,nan Antigen,,100,11.0,8.89,1,1.0
IEDB_4619,nan Antigen,,100,11.0,8.89,1,1.0
IEDB_4650,Vaccinia virus WR Antigen,Vaccinia virus WR,100,11.0,84.15,1,1.0
IEDB_4649,Hepatitis B virus subtype ayw Antigen,Hepatitis B virus subtype ayw,100,11.0,84.05,1,1.0
IEDB_4648,Human alphaherpesvirus 1 Antigen,Human alphaherpesvirus 1,100,11.0,61.59,1,1.0
IEDB_4647,hepatitis C virus genotype 1a Antigen,hepatitis C virus genotype 1a,100,11.0,34.8,1,1.0
IEDB_4646,Orthohepacivirus hominis Antigen,Orthohepacivirus hominis,100,11.0,35.89,1,1.0
IEDB_4645,Hepatitis C virus (isolate 1) Antigen,Hepatitis C virus (isolate 1),100,11.0,80.35,1,1.0
IEDB_4644,Hepatitis C virus (isolate 1) Antigen,Hepatitis C virus (isolate 1),100,11.0,63.71,1,1.0
IEDB_4643,Hepatitis C virus (isolate 1) Antigen,Hepatitis C virus (isolate 1),100,11.0,77.14,1,1.0
IEDB_4642,Chlamydia muridarum str. Nigg Antigen,Chlamydia muridarum str. Nigg,100,11.0,78.99,1,1.0
IEDB_4641,Bacillus amyloliquefaciens Antigen,Bacillus amyloliquefaciens,100,11.0,45.81,1,1.0
IEDB_4640,nan Antigen,,100,11.0,77.02,1,1.0
IEDB_4639,Entamoeba histolytica Antigen,Entamoeba histolytica,100,11.0,115.54,1,1.0
IEDB_4638,Human alphaherpesvirus 1 strain 17 Antigen,Human alphaherpesvirus 1 strain 17,100,11.0,46.28,1,1.0
IEDB_4637,nan Antigen,,100,11.0,8.89,1,1.0
IEDB_4636,Clostridium tetani Antigen,Clostridium tetani,100,11.0,-13.63,1,1.0
IEDB_4635,nan Antigen,,100,11.0,11.08,1,1.0
IEDB_4666,Bordetella pertussis Antigen,Bordetella pertussis,100,11.0,46.28,1,1.0
IEDB_4665,Influenza A virus (A/X-31(H3N2)) Antigen,Influenza A virus (A/X-31(H3N2)),100,11.0,35.01,1,1.0
IEDB_4664,nan Antigen,,100,11.0,94.49,1,1.0
IEDB_4663,Vaccinia virus WR Antigen,Vaccinia virus WR,100,11.0,55.48,1,1.0
IEDB_4662,Orthopoxvirus vaccinia Antigen,Orthopoxvirus vaccinia,100,11.0,60.53,1,1.0
IEDB_4661,Rubella virus Antigen,Rubella virus,100,11.0,96.39,1,1.0
IEDB_4660,Mycobacterium tuberculosis H37Rv Antigen,Mycobacterium tuberculosis H37Rv,100,11.0,127.93,1,1.0
IEDB_4659,Candida albicans Antigen,Candida albicans,100,11.0,44.29,1,1.0
IEDB_4658,Vaccinia virus WR Antigen,Vaccinia virus WR,100,11.0,69.32,1,1.0
IEDB_4657,Vaccinia virus WR Antigen,Vaccinia virus WR,100,11.0,49.33,1,1.0
IEDB_4656,Influenza A virus (A/Ann Arbor/6/1960(H2N2)) Antigen,Influenza A virus (A/Ann Arbor/6/1960(H2N2)),100,11.0,87.75,1,1.0
IEDB_4655,nan Antigen,,100,11.0,170.73,1,1.0
IEDB_4654,nan Antigen,,100,11.0,190.83,1,1.0
IEDB_4653,Plasmodium falciparum CAMP/Malaysia Antigen,Plasmodium falciparum CAMP/Malaysia,100,11.0,101.21,1,1.0
IEDB_4652,Vaccinia virus Copenhagen Antigen,Vaccinia virus Copenhagen,100,11.0,49.33,1,1.0
IEDB_4651,Vaccinia virus WR Antigen,Vaccinia virus WR,100,11.0,54.25,1,1.0
IEDB_4682,Homo sapiens Antigen,Homo sapiens,100,11.0,116.85,1,1.0
IEDB_4681,Homo sapiens Antigen,Homo sapiens,100,11.0,130.71,1,1.0
IEDB_4680,Homo sapiens Antigen,Homo sapiens,100,11.0,145.8,1,1.0
IEDB_4679,Mus musculus Antigen,Mus musculus,100,11.0,126.87,1,1.0
IEDB_4678,Orthohepacivirus hominis Antigen,Orthohepacivirus hominis,100,11.0,22.21,1,1.0
IEDB_4677,Orthohepacivirus hominis Antigen,Orthohepacivirus hominis,100,11.0,22.21,1,1.0
IEDB_4676,Homo sapiens Antigen,Homo sapiens,100,11.0,61.3,1,1.0
IEDB_4675,Human immunodeficiency virus 1 Antigen,Human immunodeficiency virus 1,100,11.0,37.73,1,1.0
IEDB_4674,Shigella flexneri 2a Antigen,Shigella flexneri 2a,100,11.0,77.14,1,1.0
IEDB_4673,Influenza A virus (A/nt/60/1968(H3N2)) Antigen,Influenza A virus (A/nt/60/1968(H3N2)),100,11.0,66.09,1,1.0
IEDB_4672,Theiler's encephalomyelitis virus (STRAIN DA) Antigen,Theiler's encephalomyelitis virus (STRAIN DA),100,11.0,26.47,1,1.0
IEDB_4671,Simian immunodeficiency virus (MM142-83 ISOLATE) Antigen,Simian immunodeficiency virus (MM142-83 ISOLATE),100,11.0,77.24,1,1.0
IEDB_4670,nan Antigen,,100,11.0,51.69,1,1.0
IEDB_4669,Shigella flexneri 2a Antigen,Shigella flexneri 2a,100,11.0,4.61,1,1.0
IEDB_4668,Treponema pallidum subsp. pallidum (strain Chicago) Antigen,Treponema pallidum subsp. pallidum (strain Chicago),100,11.0,11.45,1,1.0
IEDB_4667,Treponema pallidum subsp. pallidum (strain Chicago) Antigen,Treponema pallidum subsp. pallidum (strain Chicago),100,11.0,26.29,1,1.0
IEDB_4698,Hepatitis C virus subtype 2a Antigen,Hepatitis C virus subtype 2a,100,11.0,77.71,1,1.0
IEDB_4697,nan Antigen,,100,11.0,64.98,1,1.0
IEDB_4696,nan Antigen,,100,11.0,67.32,1,1.0
IEDB_4695,Shigella flexneri 2a Antigen,Shigella flexneri 2a,100,11.0,23.4,1,1.0
IEDB_4694,Mycobacterium tuberculosis H37Ra Antigen,Mycobacterium tuberculosis H37Ra,100,11.0,90.29,1,1.0
IEDB_4693,Orthohepacivirus hominis Antigen,Orthohepacivirus hominis,100,11.0,55.25,1,1.0
IEDB_4692,Orthohepacivirus hominis Antigen,Orthohepacivirus hominis,100,11.0,49.39,1,1.0
IEDB_4691,Vaccinia virus WR Antigen,Vaccinia virus WR,100,11.0,51.69,1,1.0
IEDB_4690,Plasmodium falciparum UF-5 Antigen,Plasmodium falciparum UF-5,100,11.0,72.07,1,1.0
IEDB_4689,Borreliella burgdorferi B31 Antigen,Borreliella burgdorferi B31,100,11.0,60.86,1,1.0
IEDB_4688,hepatitis C virus genotype 1a Antigen,hepatitis C virus genotype 1a,100,11.0,66.75,1,1.0
IEDB_4687,Homo sapiens Antigen,Homo sapiens,100,11.0,68.77,1,1.0
IEDB_4686,Homo sapiens Antigen,Homo sapiens,100,11.0,75.29,1,1.0
IEDB_4685,Rattus norvegicus Antigen,Rattus norvegicus,100,11.0,83.46,1,1.0
IEDB_4684,Rattus norvegicus Antigen,Rattus norvegicus,100,11.0,93.95,1,1.0
IEDB_4683,Homo sapiens Antigen,Homo sapiens,100,11.0,107.94,1,1.0
IEDB_4714,Plasmodium vivax strain Belem Antigen,Plasmodium vivax strain Belem,100,11.0,17.96,1,1.0
IEDB_4713,Plasmodium vivax Antigen,Plasmodium vivax,100,11.0,21.73,1,1.0
IEDB_4712,Orthohepacivirus hominis Antigen,Orthohepacivirus hominis,100,11.0,64.63,1,1.0
IEDB_4711,Influenza A virus (A/Puerto Rico/8/34/Mount Sinai(H1N1)) Antigen,Influenza A virus (A/Puerto Rico/8/34/Mount Sinai(H1N1)),100,11.0,68.57,1,1.0
IEDB_4710,nan Antigen,,100,11.0,30.29,1,1.0
IEDB_4709,HIV-1 M:B ARV2/SF2 Antigen,HIV-1 M:B ARV2/SF2,100,11.0,20.25,1,1.0
IEDB_4708,Human immunodeficiency virus type 1 BH10 Antigen,Human immunodeficiency virus type 1 BH10,100,11.0,33.09,1,1.0
IEDB_4707,Human immunodeficiency virus type 1 (MAL ISOLATE) Antigen,Human immunodeficiency virus type 1 (MAL ISOLATE),100,11.0,20.25,1,1.0
IEDB_4706,Streptococcus pyogenes Antigen,Streptococcus pyogenes,100,11.0,34.54,1,1.0
IEDB_4705,Streptococcus pyogenes serotype M5 Antigen,Streptococcus pyogenes serotype M5,100,11.0,38.63,1,1.0
IEDB_4704,Streptococcus pyogenes Antigen,Streptococcus pyogenes,100,11.0,26.17,1,1.0
IEDB_4703,Streptococcus pyogenes Antigen,Streptococcus pyogenes,100,11.0,40.43,1,1.0
IEDB_4702,Streptococcus equi Antigen,Streptococcus equi,100,11.0,0.76,1,1.0
IEDB_4701,Hepatitis C virus genotype 1 Antigen,Hepatitis C virus genotype 1,100,11.0,51.81,1,1.0
IEDB_4700,Hepatitis C virus subtype 1b Antigen,Hepatitis C virus subtype 1b,100,11.0,31.18,1,1.0
IEDB_4699,Hepatitis C virus subtype 1b Antigen,Hepatitis C virus subtype 1b,100,11.0,53.16,1,1.0
IEDB_4731,nan Antigen,,100,11.0,85.15,1,1.0
IEDB_4730,nan Antigen,,100,11.0,21.28,1,1.0
IEDB_4729,Leishmania infantum Antigen,Leishmania infantum,100,11.0,28.76,1,1.0
IEDB_4728,Influenza A virus (A/X-31(H3N2)) Antigen,Influenza A virus (A/X-31(H3N2)),100,11.0,79.09,1,1.0
IEDB_4727,Mycobacterium leprae Antigen,Mycobacterium leprae,100,11.0,30.26,1,1.0
IEDB_4726,nan Antigen,,100,11.0,21.91,1,1.0
IEDB_4725,Paslahepevirus balayani Antigen,Paslahepevirus balayani,100,11.0,110.68,1,1.0
IEDB_4723,Human betaherpesvirus 5 Antigen,Human betaherpesvirus 5,100,11.0,62.79,1,1.0
IEDB_4722,Human herpesvirus 4 strain B95-8 Antigen,Human herpesvirus 4 strain B95-8,100,11.0,87.24,1,1.0
IEDB_4721,Streptococcus pyogenes Antigen,Streptococcus pyogenes,100,11.0,120.79,1,1.0
IEDB_4720,hepatitis C virus genotype 1a Antigen,hepatitis C virus genotype 1a,100,11.0,51.69,1,1.0
IEDB_4719,Leishmania pifanoi Antigen,Leishmania pifanoi,100,11.0,31.92,1,1.0
IEDB_4718,Orthopoxvirus vaccinia Antigen,Orthopoxvirus vaccinia,100,11.0,20.86,1,1.0
IEDB_4717,Macacine gammaherpesvirus 4 Antigen,Macacine gammaherpesvirus 4,100,11.0,33.89,1,1.0
IEDB_4716,human gammaherpesvirus 4 Antigen,human gammaherpesvirus 4,100,11.0,49.32,1,1.0
IEDB_4715,Rinderpest virus (strain RBOK) Antigen,Rinderpest virus (strain RBOK),100,11.0,3.99,1,1.0
IEDB_4747,Influenza A virus (A/Wilson-Smith/1933(H1N1)) Antigen,Influenza A virus (A/Wilson-Smith/1933(H1N1)),100,11.0,93.93,1,1.0
IEDB_4746,Campylobacter jejuni subsp. jejuni NCTC 11168 = ATCC 700819 Antigen,Campylobacter jejuni subsp. jejuni NCTC 11168 = ATCC 700819,100,11.0,26.79,1,1.0
IEDB_4745,Onchocerca volvulus Antigen,Onchocerca volvulus,100,11.0,18.23,1,1.0
IEDB_4744,Influenza A virus (A/Wilson-Smith/1933(H1N1)) Antigen,Influenza A virus (A/Wilson-Smith/1933(H1N1)),100,11.0,28.26,1,1.0
IEDB_4743,Homo sapiens Antigen,Homo sapiens,100,11.0,47.52,1,1.0
IEDB_4742,Shigella flexneri 2a Antigen,Shigella flexneri 2a,100,11.0,103.12,1,1.0
IEDB_4741,Influenza A virus (A/Puerto Rico/8/34/Mount Sinai(H1N1)) Antigen,Influenza A virus (A/Puerto Rico/8/34/Mount Sinai(H1N1)),100,11.0,2.13,1,1.0
IEDB_4740,Leishmania infantum Antigen,Leishmania infantum,100,11.0,67.03,1,1.0
IEDB_4739,Tityus serrulatus Antigen,Tityus serrulatus,100,11.0,52.99,1,1.0
IEDB_4738,Influenza A virus (A/Beijing/32/1992(H3N2)) Antigen,Influenza A virus (A/Beijing/32/1992(H3N2)),100,11.0,7.56,1,1.0
IEDB_4737,Treponema pallidum subsp. pallidum str. Nichols Antigen,Treponema pallidum subsp. pallidum str. Nichols,100,11.0,37.15,1,1.0
IEDB_4736,Treponema pallidum subsp. pallidum str. Nichols Antigen,Treponema pallidum subsp. pallidum str. Nichols,100,11.0,43.94,1,1.0
IEDB_4735,Homo sapiens Antigen,Homo sapiens,100,11.0,28.26,1,1.0
IEDB_4734,SARS coronavirus Tor2 Antigen,SARS coronavirus Tor2,100,11.0,51.69,1,1.0
IEDB_4733,Mammarenavirus juninense Antigen,Mammarenavirus juninense,100,11.0,73.09,1,1.0
IEDB_4732,nan Antigen,,100,11.0,51.69,1,1.0
IEDB_4763,Vaccinia virus WR Antigen,Vaccinia virus WR,100,11.0,32.0,1,1.0
IEDB_4762,Mycobacterium tuberculosis variant bovis BCG Antigen,Mycobacterium tuberculosis variant bovis BCG,100,11.0,17.0,1,1.0
IEDB_4761,Mycobacterium tuberculosis variant bovis Antigen,Mycobacterium tuberculosis variant bovis,100,11.0,-1.86,1,1.0
IEDB_4760,Chamaecyparis obtusa Antigen,Chamaecyparis obtusa,100,11.0,3.42,1,1.0
IEDB_4759,West Nile virus Antigen,West Nile virus,100,11.0,-12.12,1,1.0
IEDB_4758,Poa pratensis Antigen,Poa pratensis,100,11.0,37.34,1,1.0
IEDB_4757,Vaccinia virus WR Antigen,Vaccinia virus WR,100,11.0,22.21,1,1.0
IEDB_4756,nan Antigen,,100,11.0,30.29,1,1.0
IEDB_4755,Human herpesvirus 5 strain Towne Antigen,Human herpesvirus 5 strain Towne,100,11.0,26.63,1,1.0
IEDB_4754,Giardia lamblia ATCC 50803 Antigen,Giardia lamblia ATCC 50803,100,11.0,26.61,1,1.0
IEDB_4753,Anaplasma marginale Antigen,Anaplasma marginale,100,11.0,19.0,1,1.0
IEDB_4752,Coxsackievirus B4 (strain JVB / Benschoten / New York/51) Antigen,Coxsackievirus B4 (strain JVB / Benschoten / New York/51),100,11.0,51.41,1,1.0
IEDB_4751,Homo sapiens Antigen,Homo sapiens,100,11.0,51.69,1,1.0
IEDB_4750,"Marburg virus - Musoke, Kenya, 1980 Antigen","Marburg virus - Musoke, Kenya, 1980",100,11.0,42.26,1,1.0
IEDB_4749,Clostridium tetani Antigen,Clostridium tetani,100,11.0,70.81,1,1.0
IEDB_4748,SARS coronavirus BJ01 Antigen,SARS coronavirus BJ01,100,11.0,137.68,1,1.0
IEDB_4779,Orthopoxvirus vaccinia Antigen,Orthopoxvirus vaccinia,100,11.0,36.73,1,1.0
IEDB_4778,SARS coronavirus Tor2 Antigen,SARS coronavirus Tor2,100,11.0,29.15,1,1.0
IEDB_4777,Plasmodium falciparum Antigen,Plasmodium falciparum,100,11.0,8.75,1,1.0
IEDB_4776,nan Antigen,,100,11.0,6.11,1,1.0
IEDB_4775,Vaccinia virus WR Antigen,Vaccinia virus WR,100,11.0,30.29,1,1.0
IEDB_4774,Influenza A virus (A/Puerto Rico/8/1934(H1N1)) Antigen,Influenza A virus (A/Puerto Rico/8/1934(H1N1)),100,11.0,31.86,1,1.0
IEDB_4773,Influenza A virus (A/Ann Arbor/6/1960(H2N2)) Antigen,Influenza A virus (A/Ann Arbor/6/1960(H2N2)),100,11.0,8.75,1,1.0
IEDB_4772,Human herpesvirus 5 strain AD169 Antigen,Human herpesvirus 5 strain AD169,100,11.0,43.91,1,1.0
IEDB_4771,Human herpesvirus 5 strain AD169 Antigen,Human herpesvirus 5 strain AD169,100,11.0,45.11,1,1.0
IEDB_4770,Bacillus licheniformis Antigen,Bacillus licheniformis,100,11.0,20.2,1,1.0
IEDB_4769,Simian immunodeficiency virus Antigen,Simian immunodeficiency virus,100,11.0,49.6,1,1.0
IEDB_4768,Hepatitis B virus Antigen,Hepatitis B virus,100,11.0,94.91,1,1.0
IEDB_4767,Helicobacter pylori 26695 Antigen,Helicobacter pylori 26695,100,11.0,7.19,1,1.0
IEDB_4766,Mycobacterium tuberculosis H37Rv Antigen,Mycobacterium tuberculosis H37Rv,100,11.0,16.75,1,1.0
IEDB_4765,Orthopoxvirus vaccinia Antigen,Orthopoxvirus vaccinia,100,11.0,-9.98,1,1.0
IEDB_4764,Orthopoxvirus vaccinia Antigen,Orthopoxvirus vaccinia,100,11.0,0.51,1,1.0
IEDB_4795,Mycobacterium bovis T/91/1378 Antigen,Mycobacterium bovis T/91/1378,100,11.0,-33.08,1,1.0
IEDB_4794,Mycobacterium tuberculosis variant bovis Antigen,Mycobacterium tuberculosis variant bovis,100,11.0,-23.09,1,1.0
IEDB_4793,Glycine max Antigen,Glycine max,100,11.0,-3.24,1,1.0
IEDB_4792,Vaccinia virus WR Antigen,Vaccinia virus WR,100,11.0,50.25,1,1.0
IEDB_4791,Hepatitis B virus subtype adw2 Antigen,Hepatitis B virus subtype adw2,100,11.0,8.57,1,1.0
IEDB_4790,Mycobacterium tuberculosis variant bovis Antigen,Mycobacterium tuberculosis variant bovis,100,11.0,87.75,1,1.0
IEDB_4789,Mus musculus Antigen,Mus musculus,100,11.0,40.03,1,1.0
IEDB_4788,Staphylococcus aureus subsp. aureus MRSA252 Antigen,Staphylococcus aureus subsp. aureus MRSA252,100,11.0,14.22,1,1.0
IEDB_4787,dengue virus type 3 Antigen,dengue virus type 3,100,11.0,26.43,1,1.0
IEDB_4786,Vaccinia virus WR Antigen,Vaccinia virus WR,100,11.0,8.89,1,1.0
IEDB_4785,Human herpesvirus 4 strain B95-8 Antigen,Human herpesvirus 4 strain B95-8,100,11.0,39.79,1,1.0
IEDB_4784,Human alphaherpesvirus 1 Antigen,Human alphaherpesvirus 1,100,11.0,43.57,1,1.0
IEDB_4783,nan Antigen,,100,11.0,8.89,1,1.0
IEDB_4782,Escherichia coli Antigen,Escherichia coli,100,11.0,15.38,1,1.0
IEDB_4781,Plasmodium falciparum Antigen,Plasmodium falciparum,100,11.0,6.24,1,1.0
IEDB_4780,Orthopoxvirus vaccinia Antigen,Orthopoxvirus vaccinia,100,11.0,34.06,1,1.0
IEDB_4811,Rubella virus strain Therien Antigen,Rubella virus strain Therien,100,11.0,56.01,1,1.0
IEDB_4810,nan Antigen,,100,11.0,0.51,1,1.0
IEDB_4809,Homo sapiens Antigen,Homo sapiens,100,11.0,0.51,1,1.0
IEDB_4808,Vaccinia virus WR Antigen,Vaccinia virus WR,100,11.0,34.75,1,1.0
IEDB_4807,Borna disease virus Antigen,Borna disease virus,100,11.0,32.0,1,1.0
IEDB_4806,Borreliella burgdorferi B31 Antigen,Borreliella burgdorferi B31,100,11.0,4.74,1,1.0
IEDB_4805,Cryptomeria japonica Antigen,Cryptomeria japonica,100,11.0,36.0,1,1.0
IEDB_4804,Simian immunodeficiency virus - mac  - mac 239 Antigen,Simian immunodeficiency virus - mac  - mac 239,100,11.0,-8.92,1,1.0
IEDB_4803,SARS-CoV1 Antigen,SARS-CoV1,100,11.0,23.19,1,1.0
IEDB_4802,SARS coronavirus Urbani Antigen,SARS coronavirus Urbani,100,11.0,13.47,1,1.0
IEDB_4801,Influenza A virus (A/X-31(H3N2)) Antigen,Influenza A virus (A/X-31(H3N2)),100,11.0,9.23,1,1.0
IEDB_4800,nan Antigen,,100,11.0,8.89,1,1.0
IEDB_4799,Glycine max Antigen,Glycine max,100,11.0,0.51,1,1.0
IEDB_4798,Hepatitis C virus subtype 1b AD78 Antigen,Hepatitis C virus subtype 1b AD78,100,11.0,-6.5,1,1.0
IEDB_4797,Severe acute respiratory syndrome coronavirus 2 Antigen,Severe acute respiratory syndrome coronavirus 2,100,11.0,46.03,1,1.0
IEDB_4796,SARS coronavirus Tor2 Antigen,SARS coronavirus Tor2,100,11.0,19.08,1,1.0
IEDB_4827,Sudan ebolavirus Antigen,Sudan ebolavirus,100,11.0,30.29,1,1.0
IEDB_4826,Cryptomeria japonica Antigen,Cryptomeria japonica,100,11.0,45.81,1,1.0
IEDB_4825,Cryptomeria japonica Antigen,Cryptomeria japonica,100,11.0,16.98,1,1.0
IEDB_4824,nan Antigen,,100,11.0,8.89,1,1.0
IEDB_4823,nan Antigen,,100,11.0,9.0,1,1.0
IEDB_4822,nan Antigen,,100,11.0,2.09,1,1.0
IEDB_4821,Bordetella pertussis Antigen,Bordetella pertussis,100,11.0,4.01,1,1.0
IEDB_4820,Mus musculus Antigen,Mus musculus,100,11.0,-3.53,1,1.0
IEDB_4819,Coxiella burnetii Antigen,Coxiella burnetii,100,11.0,-7.29,1,1.0
IEDB_4818,nan Antigen,,100,11.0,63.62,1,1.0
IEDB_4817,Trypanosoma cruzi Antigen,Trypanosoma cruzi,100,11.0,-10.04,1,1.0
IEDB_4816,Trypanosoma cruzi Antigen,Trypanosoma cruzi,100,11.0,-20.65,1,1.0
IEDB_4815,Mus musculus Antigen,Mus musculus,100,11.0,-1.86,1,1.0
IEDB_4814,Measles virus strain Edmonston Antigen,Measles virus strain Edmonston,100,11.0,73.18,1,1.0
IEDB_4813,Influenza A virus (A/Puerto Rico/8/34/Mount Sinai(H1N1)) Antigen,Influenza A virus (A/Puerto Rico/8/34/Mount Sinai(H1N1)),100,11.0,-5.35,1,1.0
IEDB_4812,Influenza A virus (A/Puerto Rico/8/1934(H1N1)) Antigen,Influenza A virus (A/Puerto Rico/8/1934(H1N1)),100,11.0,-31.26,1,1.0
IEDB_4843,SARS coronavirus Tor2 Antigen,SARS coronavirus Tor2,100,11.0,20.86,1,1.0
IEDB_4842,SARS coronavirus Tor2 Antigen,SARS coronavirus Tor2,100,11.0,10.18,1,1.0
IEDB_4841,Simian immunodeficiency virus (K78 ISOLATE) Antigen,Simian immunodeficiency virus (K78 ISOLATE),100,11.0,0.51,1,1.0
IEDB_4840,Influenza A virus Antigen,Influenza A virus,100,11.0,6.12,1,1.0
IEDB_4839,Influenza A virus (A/Ann Arbor/6/1960(H2N2)) Antigen,Influenza A virus (A/Ann Arbor/6/1960(H2N2)),100,11.0,5.69,1,1.0
IEDB_4838,Influenza A virus (A/Ann Arbor/6/1960(H2N2)) Antigen,Influenza A virus (A/Ann Arbor/6/1960(H2N2)),100,11.0,8.75,1,1.0
IEDB_4837,Orthopoxvirus vaccinia Antigen,Orthopoxvirus vaccinia,100,11.0,9.0,1,1.0
IEDB_4836,Mycobacterium tuberculosis variant bovis BCG Antigen,Mycobacterium tuberculosis variant bovis BCG,100,11.0,55.03,1,1.0
IEDB_4835,Hepatitis C virus (isolate 1) Antigen,Hepatitis C virus (isolate 1),100,11.0,-10.69,1,1.0
IEDB_4834,Mus musculus Antigen,Mus musculus,100,11.0,18.14,1,1.0
IEDB_4833,Orthopoxvirus vaccinia Antigen,Orthopoxvirus vaccinia,100,11.0,2.98,1,1.0
IEDB_4832,Vaccinia virus WR Antigen,Vaccinia virus WR,100,11.0,28.26,1,1.0
IEDB_4831,Measles virus strain Edmonston Antigen,Measles virus strain Edmonston,100,11.0,32.97,1,1.0
IEDB_4830,Mycobacterium tuberculosis variant bovis BCG Antigen,Mycobacterium tuberculosis variant bovis BCG,100,11.0,10.93,1,1.0
IEDB_4829,Lolium perenne Antigen,Lolium perenne,100,11.0,5.62,1,1.0
IEDB_4828,Mycobacterium tuberculosis Antigen,Mycobacterium tuberculosis,100,11.0,36.84,1,1.0
IEDB_4859,Homo sapiens Antigen,Homo sapiens,100,11.0,162.91,1,1.0
IEDB_4858,Shigella flexneri 2a Antigen,Shigella flexneri 2a,100,11.0,63.67,1,1.0
IEDB_4857,Influenza A virus (A/Beijing/01/2009(H1N1)) Antigen,Influenza A virus (A/Beijing/01/2009(H1N1)),100,11.0,53.94,1,1.0
IEDB_4856,Influenza A virus Antigen,Influenza A virus,100,11.0,58.82,1,1.0
IEDB_4855,nan Antigen,,100,11.0,40.17,1,1.0
IEDB_4854,Human herpesvirus 5 strain AD169 Antigen,Human herpesvirus 5 strain AD169,100,11.0,42.26,1,1.0
IEDB_4853,Plasmodium yoelii Antigen,Plasmodium yoelii,100,11.0,24.74,1,1.0
IEDB_4852,Plasmodium yoelii Antigen,Plasmodium yoelii,100,11.0,8.89,1,1.0
IEDB_4851,Hevea brasiliensis Antigen,Hevea brasiliensis,100,11.0,39.88,1,1.0
IEDB_4850,Chlamydia psittaci Antigen,Chlamydia psittaci,100,11.0,25.14,1,1.0
IEDB_4849,Chlamydia psittaci Antigen,Chlamydia psittaci,100,11.0,-10.04,1,1.0
IEDB_4848,Influenza A virus (A/Ann Arbor/6/1960(H2N2)) Antigen,Influenza A virus (A/Ann Arbor/6/1960(H2N2)),100,11.0,44.45,1,1.0
IEDB_4847,Influenza A virus Antigen,Influenza A virus,100,11.0,-1.86,1,1.0
IEDB_4846,nan Antigen,,100,11.0,8.89,1,1.0
IEDB_4845,nan Antigen,,100,11.0,8.89,1,1.0
IEDB_4844,nan Antigen,,100,11.0,9.0,1,1.0
IEDB_4875,hepatitis C virus genotype 1a Antigen,hepatitis C virus genotype 1a,100,11.0,-4.97,1,1.0
IEDB_4874,Orthohepacivirus hominis Antigen,Orthohepacivirus hominis,100,11.0,-4.29,1,1.0
IEDB_4873,Mammarenavirus lassaense Antigen,Mammarenavirus lassaense,100,11.0,-0.54,1,1.0
IEDB_4872,nan Antigen,,100,11.0,4.73,1,1.0
IEDB_4871,Vaccinia virus WR Antigen,Vaccinia virus WR,100,11.0,9.0,1,1.0
IEDB_4870,nan Antigen,,100,11.0,25.14,1,1.0
IEDB_4869,"Marburg virus - Musoke, Kenya, 1980 Antigen","Marburg virus - Musoke, Kenya, 1980",100,11.0,97.04,1,1.0
IEDB_4868,Kurkino virus Antigen,Kurkino virus,100,11.0,-2.48,1,1.0
IEDB_4867,hepatitis C virus genotype 1a Antigen,hepatitis C virus genotype 1a,100,11.0,53.81,1,1.0
IEDB_4866,Orthohepacivirus hominis Antigen,Orthohepacivirus hominis,100,11.0,27.43,1,1.0
IEDB_4865,Hepatitis C virus (isolate Japanese) Antigen,Hepatitis C virus (isolate Japanese),100,11.0,30.29,1,1.0
IEDB_4864,Mycobacterium tuberculosis Antigen,Mycobacterium tuberculosis,100,11.0,39.92,1,1.0
IEDB_4863,Mycobacterium tuberculosis variant bovis Antigen,Mycobacterium tuberculosis variant bovis,100,11.0,28.26,1,1.0
IEDB_4862,Mycobacterium tuberculosis Antigen,Mycobacterium tuberculosis,100,11.0,30.29,1,1.0
IEDB_4861,Influenza A virus (A/Panama/2007/1999(H3N2)) Antigen,Influenza A virus (A/Panama/2007/1999(H3N2)),100,11.0,27.94,1,1.0
IEDB_4860,Vaccinia virus WR Antigen,Vaccinia virus WR,100,11.0,147.24,1,1.0
IEDB_4892,Hepatovirus A Antigen,Hepatovirus A,100,11.0,-16.72,1,1.0
IEDB_4891,Human herpesvirus 5 strain AD169 Antigen,Human herpesvirus 5 strain AD169,100,11.0,48.49,1,1.0
IEDB_4890,Mammarenavirus juninense Antigen,Mammarenavirus juninense,100,11.0,44.0,1,1.0
IEDB_4889,nan Antigen,,100,11.0,59.69,1,1.0
IEDB_4887,nan Antigen,,100,11.0,-0.54,1,1.0
IEDB_4886,nan Antigen,,100,11.0,0.51,1,1.0
IEDB_4885,Orthopoxvirus vaccinia Antigen,Orthopoxvirus vaccinia,100,11.0,6.12,1,1.0
IEDB_4884,Homo sapiens Antigen,Homo sapiens,100,11.0,10.12,1,1.0
IEDB_4883,Mycobacterium tuberculosis H37Rv Antigen,Mycobacterium tuberculosis H37Rv,100,11.0,53.17,1,1.0
IEDB_4882,Hepatitis C virus (isolate 1) Antigen,Hepatitis C virus (isolate 1),100,11.0,-13.18,1,1.0
IEDB_4881,Hepatitis C virus (isolate Con1) Antigen,Hepatitis C virus (isolate Con1),100,11.0,-3.74,1,1.0
IEDB_4880,Human parvovirus B19 Antigen,Human parvovirus B19,100,11.0,43.3,1,1.0
IEDB_4879,Influenza A virus (A/Harbin/1/1988(H1N2)) Antigen,Influenza A virus (A/Harbin/1/1988(H1N2)),100,11.0,-17.24,1,1.0
IEDB_4878,hepatitis C virus genotype 1a Antigen,hepatitis C virus genotype 1a,100,11.0,68.17,1,1.0
IEDB_4877,Hepatitis C virus subtype 2b Antigen,Hepatitis C virus subtype 2b,100,11.0,33.5,1,1.0
IEDB_4876,Hepatitis C virus subtype 2a Antigen,Hepatitis C virus subtype 2a,100,11.0,19.06,1,1.0
IEDB_4908,Influenza A virus (A/Beijing/32/1992(H3N2)) Antigen,Influenza A virus (A/Beijing/32/1992(H3N2)),100,11.0,91.72,1,1.0
IEDB_4907,Mycobacterium tuberculosis str. Erdman = ATCC 35801 Antigen,Mycobacterium tuberculosis str. Erdman = ATCC 35801,100,11.0,44.36,1,1.0
IEDB_4906,SARS-CoV1 Antigen,SARS-CoV1,100,11.0,21.35,1,1.0
IEDB_4905,Influenza A virus (A/Puerto Rico/8/1934(H1N1)) Antigen,Influenza A virus (A/Puerto Rico/8/1934(H1N1)),100,11.0,30.54,1,1.0
IEDB_4904,Dengue virus 2 Jamaica/1409/1983 Antigen,Dengue virus 2 Jamaica/1409/1983,100,11.0,72.53,1,1.0
IEDB_4903,Simian rotavirus A/SA11-both Antigen,Simian rotavirus A/SA11-both,100,11.0,26.06,1,1.0
IEDB_4902,Vaccinia virus WR Antigen,Vaccinia virus WR,100,11.0,20.86,1,1.0
IEDB_4901,SARS coronavirus Tor2 Antigen,SARS coronavirus Tor2,100,11.0,11.28,1,1.0
IEDB_4900,Holcus lanatus Antigen,Holcus lanatus,100,11.0,23.11,1,1.0
IEDB_4899,SARS coronavirus Tor2 Antigen,SARS coronavirus Tor2,100,11.0,49.68,1,1.0
IEDB_4898,Zaire ebolavirus Antigen,Zaire ebolavirus,100,11.0,85.06,1,1.0
IEDB_4897,Orthopoxvirus vaccinia Antigen,Orthopoxvirus vaccinia,100,11.0,32.82,1,1.0
IEDB_4896,Helicobacter pylori 26695 Antigen,Helicobacter pylori 26695,100,11.0,21.91,1,1.0
IEDB_4895,Penicillium chrysogenum Antigen,Penicillium chrysogenum,100,11.0,48.22,1,1.0
IEDB_4894,Vaccinia virus WR Antigen,Vaccinia virus WR,100,11.0,9.0,1,1.0
IEDB_4893,Zaire ebolavirus Antigen,Zaire ebolavirus,100,11.0,117.31,1,1.0
IEDB_4924,Human parvovirus B19 Antigen,Human parvovirus B19,100,11.0,47.95,1,1.0
IEDB_4923,Vaccinia virus WR Antigen,Vaccinia virus WR,100,11.0,21.34,1,1.0
IEDB_4922,Escherichia coli ETEC H10407 Antigen,Escherichia coli ETEC H10407,100,11.0,33.06,1,1.0
IEDB_4921,Vibrio cholerae 569B Antigen,Vibrio cholerae 569B,100,11.0,16.33,1,1.0
IEDB_4920,Listeria monocytogenes EGD-e Antigen,Listeria monocytogenes EGD-e,100,11.0,35.5,1,1.0
IEDB_4919,Vaccinia virus WR Antigen,Vaccinia virus WR,100,11.0,62.4,1,1.0
IEDB_4918,Mycobacterium avium subsp. paratuberculosis Antigen,Mycobacterium avium subsp. paratuberculosis,100,11.0,14.05,1,1.0
IEDB_4917,SARS coronavirus Tor2 Antigen,SARS coronavirus Tor2,100,11.0,38.61,1,1.0
IEDB_4916,Enterobacteria phage fd Antigen,Enterobacteria phage fd,100,11.0,22.28,1,1.0
IEDB_4915,Severe acute respiratory syndrome coronavirus 2 Antigen,Severe acute respiratory syndrome coronavirus 2,100,11.0,47.85,1,1.0
IEDB_4914,Orientia tsutsugamushi Antigen,Orientia tsutsugamushi,100,11.0,56.9,1,1.0
IEDB_4913,Simian immunodeficiency virus (K78 ISOLATE) Antigen,Simian immunodeficiency virus (K78 ISOLATE),100,11.0,20.86,1,1.0
IEDB_4912,Leishmania major Antigen,Leishmania major,100,11.0,71.0,1,1.0
IEDB_4911,Felis catus Antigen,Felis catus,100,11.0,36.88,1,1.0
IEDB_4910,nan Antigen,,100,11.0,73.09,1,1.0
IEDB_4909,Vaccinia virus WR Antigen,Vaccinia virus WR,100,11.0,70.73,1,1.0
IEDB_4940,Influenza A virus Antigen,Influenza A virus,100,11.0,43.02,1,1.0
IEDB_4939,H3N2 subtype Influenza A virus (A/Hong Kong(H3N2)) Antigen,H3N2 subtype Influenza A virus (A/Hong Kong(H3N2)),100,11.0,27.61,1,1.0
IEDB_4938,Influenza A virus Antigen,Influenza A virus,100,11.0,52.76,1,1.0
IEDB_4937,Influenza A virus Antigen,Influenza A virus,100,11.0,78.02,1,1.0
IEDB_4936,Influenza A virus (A/Japan/305-/1957(H2N2)) Antigen,Influenza A virus (A/Japan/305-/1957(H2N2)),100,11.0,120.07,1,1.0
IEDB_4935,Homo sapiens Antigen,Homo sapiens,100,11.0,5.25,1,1.0
IEDB_4934,Mycobacterium tuberculosis Antigen,Mycobacterium tuberculosis,100,11.0,9.4,1,1.0
IEDB_4933,Homo sapiens Antigen,Homo sapiens,100,11.0,88.49,1,1.0
IEDB_4932,Homo sapiens Antigen,Homo sapiens,100,11.0,66.65,1,1.0
IEDB_4931,Homo sapiens Antigen,Homo sapiens,100,11.0,79.24,1,1.0
IEDB_4930,Glycine max Antigen,Glycine max,100,11.0,32.17,1,1.0
IEDB_4929,Hepatitis E virus (strain Burma) Antigen,Hepatitis E virus (strain Burma),100,11.0,6.64,1,1.0
IEDB_4928,nan Antigen,,100,11.0,70.08,1,1.0
IEDB_4927,Vaccinia virus Ankara Antigen,Vaccinia virus Ankara,100,11.0,54.72,1,1.0
IEDB_4926,SARS-CoV1 Antigen,SARS-CoV1,100,11.0,35.62,1,1.0
IEDB_4925,Corynebacterium glutamicum Antigen,Corynebacterium glutamicum,100,11.0,65.4,1,1.0
IEDB_4956,Mycobacterium avium subsp. paratuberculosis Antigen,Mycobacterium avium subsp. paratuberculosis,100,11.0,-12.67,1,1.0
IEDB_4955,Mycobacterium tuberculosis str. Erdman = ATCC 35801 Antigen,Mycobacterium tuberculosis str. Erdman = ATCC 35801,100,11.0,95.71,1,1.0
IEDB_4954,Hepatitis E virus (strain Burma) Antigen,Hepatitis E virus (strain Burma),100,11.0,47.19,1,1.0
IEDB_4953,nan Antigen,,100,11.0,35.04,1,1.0
IEDB_4952,Homo sapiens Antigen,Homo sapiens,100,11.0,3.73,1,1.0
IEDB_4951,Homo sapiens Antigen,Homo sapiens,100,11.0,13.56,1,1.0
IEDB_4950,Homo sapiens Antigen,Homo sapiens,100,11.0,83.39,1,1.0
IEDB_4949,Candida albicans Antigen,Candida albicans,100,11.0,3.91,1,1.0
IEDB_4948,Homo sapiens Antigen,Homo sapiens,100,11.0,14.68,1,1.0
IEDB_4947,Homo sapiens Antigen,Homo sapiens,100,11.0,0.99,1,1.0
IEDB_4946,Orthohepacivirus hominis Antigen,Orthohepacivirus hominis,100,11.0,10.85,1,1.0
IEDB_4945,Orthohepacivirus hominis Antigen,Orthohepacivirus hominis,100,11.0,10.91,1,1.0
IEDB_4944,Orthohepacivirus hominis Antigen,Orthohepacivirus hominis,100,11.0,11.28,1,1.0
IEDB_4943,Hepatitis C virus (isolate 1) Antigen,Hepatitis C virus (isolate 1),100,11.0,11.42,1,1.0
IEDB_4942,Influenza A virus (A/Wilson-Smith/1933(H1N1)) Antigen,Influenza A virus (A/Wilson-Smith/1933(H1N1)),100,11.0,8.4,1,1.0
IEDB_4941,Influenza A virus (A/Wilson-Smith/1933(H1N1)) Antigen,Influenza A virus (A/Wilson-Smith/1933(H1N1)),100,11.0,8.22,1,1.0
IEDB_4972,Mycobacterium leprae Antigen,Mycobacterium leprae,100,11.0,22.6,1,1.0
IEDB_4971,Leishmania aethiopica Antigen,Leishmania aethiopica,100,11.0,80.35,1,1.0
IEDB_4970,Vaccinia virus WR Antigen,Vaccinia virus WR,100,11.0,47.52,1,1.0
IEDB_4969,Vaccinia virus WR Antigen,Vaccinia virus WR,100,11.0,30.29,1,1.0
IEDB_4968,Orthopoxvirus vaccinia Antigen,Orthopoxvirus vaccinia,100,11.0,-21.06,1,1.0
IEDB_4967,human gammaherpesvirus 4 Antigen,human gammaherpesvirus 4,100,11.0,25.77,1,1.0
IEDB_4966,Coxsackievirus B4 (strain JVB / Benschoten / New York/51) Antigen,Coxsackievirus B4 (strain JVB / Benschoten / New York/51),100,11.0,133.19,1,1.0
IEDB_4965,Vaccinia virus WR Antigen,Vaccinia virus WR,100,11.0,19.77,1,1.0
IEDB_4964,Mycobacterium leprae Antigen,Mycobacterium leprae,100,11.0,31.05,1,1.0
IEDB_4963,Plasmodium falciparum CAMP/Malaysia Antigen,Plasmodium falciparum CAMP/Malaysia,100,11.0,32.83,1,1.0
IEDB_4962,Haemophilus influenzae Antigen,Haemophilus influenzae,100,11.0,120.8,1,1.0
IEDB_4961,Pneumonia virus of mice J3666 Antigen,Pneumonia virus of mice J3666,100,11.0,88.73,1,1.0
IEDB_4960,Duck hepatitis B virus Antigen,Duck hepatitis B virus,100,11.0,30.9,1,1.0
IEDB_4959,nan Antigen,,100,11.0,-17.01,1,1.0
IEDB_4958,Orthopoxvirus vaccinia Antigen,Orthopoxvirus vaccinia,100,11.0,9.0,1,1.0
IEDB_4957,Clostridioides difficile Antigen,Clostridioides difficile,100,11.0,-1.28,1,1.0
IEDB_4989,Shigella flexneri 2a Antigen,Shigella flexneri 2a,100,11.0,8.75,1,1.0
IEDB_4988,Vaccinia virus WR Antigen,Vaccinia virus WR,100,11.0,70.08,1,1.0
IEDB_4987,Vaccinia virus WR Antigen,Vaccinia virus WR,100,11.0,50.44,1,1.0
IEDB_4986,Human betaherpesvirus 5 Antigen,Human betaherpesvirus 5,100,11.0,3.38,1,1.0
IEDB_4985,Vaccinia virus WR Antigen,Vaccinia virus WR,100,11.0,43.64,1,1.0
IEDB_4984,SARS-CoV1 Antigen,SARS-CoV1,100,11.0,8.77,1,1.0
IEDB_4983,Borreliella burgdorferi B31 Antigen,Borreliella burgdorferi B31,100,11.0,12.38,1,1.0
IEDB_4982,SARS coronavirus Tor2 Antigen,SARS coronavirus Tor2,100,11.0,25.77,1,1.0
IEDB_4981,Leishmania infantum Antigen,Leishmania infantum,100,11.0,7.54,1,1.0
IEDB_4980,Brassica juncea Antigen,Brassica juncea,100,11.0,3.91,1,1.0
IEDB_4979,Betula pendula Antigen,Betula pendula,100,11.0,29.99,1,1.0
IEDB_4978,Orthohantavirus puumalaense Antigen,Orthohantavirus puumalaense,100,11.0,79.11,1,1.0
IEDB_4977,Influenza A virus (A/X-31(H3N2)) Antigen,Influenza A virus (A/X-31(H3N2)),100,11.0,45.43,1,1.0
IEDB_4976,Candida albicans Antigen,Candida albicans,100,11.0,-1.86,1,1.0
IEDB_4974,nan Antigen,,100,11.0,61.62,1,1.0
IEDB_4973,Homo sapiens Antigen,Homo sapiens,100,11.0,-14.52,1,1.0
IEDB_5005,Haemophilus influenzae Antigen,Haemophilus influenzae,100,11.0,21.91,1,1.0
IEDB_5004,Vaccinia virus WR Antigen,Vaccinia virus WR,100,11.0,-7.98,1,1.0
IEDB_5003,Orthopoxvirus vaccinia Antigen,Orthopoxvirus vaccinia,100,11.0,-9.98,1,1.0
IEDB_5002,Equine infectious anemia virus Antigen,Equine infectious anemia virus,100,11.0,73.7,1,1.0
IEDB_5001,Vaccinia virus WR Antigen,Vaccinia virus WR,100,11.0,79.11,1,1.0
IEDB_5000,Human gammaherpesvirus 8 Antigen,Human gammaherpesvirus 8,100,11.0,19.77,1,1.0
IEDB_4999,Human gammaherpesvirus 8 Antigen,Human gammaherpesvirus 8,100,11.0,20.86,1,1.0
IEDB_4998,Hepatitis C virus (isolate Japanese) Antigen,Hepatitis C virus (isolate Japanese),100,11.0,48.28,1,1.0
IEDB_4997,Renibacterium salmoninarum Antigen,Renibacterium salmoninarum,100,11.0,14.05,1,1.0
IEDB_4996,Orthohepacivirus hominis Antigen,Orthohepacivirus hominis,100,11.0,7.74,1,1.0
IEDB_4995,Orthohepacivirus hominis Antigen,Orthohepacivirus hominis,100,11.0,3.67,1,1.0
IEDB_4994,Hepatitis C virus (isolate H) Antigen,Hepatitis C virus (isolate H),100,11.0,0.51,1,1.0
IEDB_4993,Mycobacterium tuberculosis Antigen,Mycobacterium tuberculosis,100,11.0,2.36,1,1.0
IEDB_4992,Mycobacterium tuberculosis H37Rv Antigen,Mycobacterium tuberculosis H37Rv,100,11.0,6.49,1,1.0
IEDB_4991,Homo sapiens Antigen,Homo sapiens,100,11.0,66.6,1,1.0
IEDB_4990,nan Antigen,,100,11.0,25.14,1,1.0
IEDB_5021,Shigella flexneri 2a Antigen,Shigella flexneri 2a,100,11.0,8.75,1,1.0
IEDB_5020,Vaccinia virus WR Antigen,Vaccinia virus WR,100,11.0,22.22,1,1.0
IEDB_5019,Chlamydia trachomatis Antigen,Chlamydia trachomatis,100,11.0,12.38,1,1.0
IEDB_5018,Yellow fever virus Antigen,Yellow fever virus,100,11.0,-12.39,1,1.0
IEDB_5017,Human herpesvirus 4 strain B95-8 Antigen,Human herpesvirus 4 strain B95-8,100,11.0,63.51,1,1.0
IEDB_5016,Trypanosoma cruzi strain CL Brener Antigen,Trypanosoma cruzi strain CL Brener,100,11.0,31.21,1,1.0
IEDB_5015,Classical swine fever virus Glentorf Antigen,Classical swine fever virus Glentorf,100,11.0,57.77,1,1.0
IEDB_5014,nan Antigen,,100,11.0,32.58,1,1.0
IEDB_5013,Dengue virus 2 Jamaica/1409/1983 Antigen,Dengue virus 2 Jamaica/1409/1983,100,11.0,32.83,1,1.0
IEDB_5012,Dengue virus 2 Jamaica/1409/1983 Antigen,Dengue virus 2 Jamaica/1409/1983,100,11.0,40.43,1,1.0
IEDB_5011,Mycobacterium leprae Antigen,Mycobacterium leprae,100,11.0,37.58,1,1.0
IEDB_5010,Vaccinia virus WR Antigen,Vaccinia virus WR,100,11.0,0.51,1,1.0
IEDB_5009,Vaccinia virus WR Antigen,Vaccinia virus WR,100,11.0,-0.54,1,1.0
IEDB_5008,Human herpesvirus 4 strain B95-8 Antigen,Human herpesvirus 4 strain B95-8,100,11.0,41.01,1,1.0
IEDB_5007,Bacillus licheniformis Antigen,Bacillus licheniformis,100,11.0,31.17,1,1.0
IEDB_5006,Vaccinia virus WR Antigen,Vaccinia virus WR,100,11.0,41.6,1,1.0
IEDB_5037,Orientia tsutsugamushi Antigen,Orientia tsutsugamushi,100,11.0,30.71,1,1.0
IEDB_5036,Hantaan virus 76-118 Antigen,Hantaan virus 76-118,100,11.0,32.81,1,1.0
IEDB_5035,Shigella flexneri 2a Antigen,Shigella flexneri 2a,100,11.0,-19.46,1,1.0
IEDB_5034,SARS coronavirus Tor2 Antigen,SARS coronavirus Tor2,100,11.0,-17.24,1,1.0
IEDB_5033,Vaccinia virus WR Antigen,Vaccinia virus WR,100,11.0,83.81,1,1.0
IEDB_5032,Theiler's encephalomyelitis virus (STRAIN BEAN 8386) Antigen,Theiler's encephalomyelitis virus (STRAIN BEAN 8386),100,11.0,-12.53,1,1.0
IEDB_5031,Trypanosoma cruzi Antigen,Trypanosoma cruzi,100,11.0,-1.49,1,1.0
IEDB_5030,Mycobacterium tuberculosis variant bovis Antigen,Mycobacterium tuberculosis variant bovis,100,11.0,-5.83,1,1.0
IEDB_5029,Mycobacterium tuberculosis H37Rv Antigen,Mycobacterium tuberculosis H37Rv,100,11.0,-9.79,1,1.0
IEDB_5028,Mycobacterium tuberculosis Antigen,Mycobacterium tuberculosis,100,11.0,-26.37,1,1.0
IEDB_5027,nan Antigen,,100,11.0,-7.81,1,1.0
IEDB_5026,Camelpox virus M-96 Antigen,Camelpox virus M-96,100,11.0,-17.24,1,1.0
IEDB_5025,Theileria sergenti Type C Antigen,Theileria sergenti Type C,100,11.0,-14.96,1,1.0
IEDB_5024,nan Antigen,,100,11.0,54.4,1,1.0
IEDB_5023,Vaccinia virus WR Antigen,Vaccinia virus WR,100,11.0,0.51,1,1.0
IEDB_5022,Hepatitis C virus subtype 2a Antigen,Hepatitis C virus subtype 2a,100,11.0,57.36,1,1.0
IEDB_5053,hepatitis C virus genotype 1a Antigen,hepatitis C virus genotype 1a,100,11.0,86.02,1,1.0
IEDB_5052,Hepatitis C virus (isolate Th580) Antigen,Hepatitis C virus (isolate Th580),100,11.0,20.86,1,1.0
IEDB_5051,Hepatitis C virus subtype 1b Antigen,Hepatitis C virus subtype 1b,100,11.0,34.57,1,1.0
IEDB_5050,Hepatitis C virus (isolate Th580) Antigen,Hepatitis C virus (isolate Th580),100,11.0,22.21,1,1.0
IEDB_5049,Hepatitis C virus (isolate Japanese) Antigen,Hepatitis C virus (isolate Japanese),100,11.0,30.29,1,1.0
IEDB_5048,nan Antigen,,100,11.0,1.46,1,1.0
IEDB_5047,Listeria monocytogenes EGD-e Antigen,Listeria monocytogenes EGD-e,100,11.0,38.87,1,1.0
IEDB_5046,Lederbergia lenta Antigen,Lederbergia lenta,100,11.0,17.51,1,1.0
IEDB_5045,Four Corners hantavirus Antigen,Four Corners hantavirus,100,11.0,-0.54,1,1.0
IEDB_5044,Influenza A virus (A/Ann Arbor/6/1960(H2N2)) Antigen,Influenza A virus (A/Ann Arbor/6/1960(H2N2)),100,11.0,-7.03,1,1.0
IEDB_5043,Orthopoxvirus vaccinia Antigen,Orthopoxvirus vaccinia,100,11.0,66.78,1,1.0
IEDB_5042,Orthopoxvirus vaccinia Antigen,Orthopoxvirus vaccinia,100,11.0,73.09,1,1.0
IEDB_5041,Rubella virus Antigen,Rubella virus,100,11.0,45.12,1,1.0
IEDB_5040,Betula pendula Antigen,Betula pendula,100,11.0,15.07,1,1.0
IEDB_5039,Plasmodium vivax Antigen,Plasmodium vivax,100,11.0,94.63,1,1.0
IEDB_5038,Hepatitis C virus genotype 3 Antigen,Hepatitis C virus genotype 3,100,11.0,-28.77,1,1.0
IEDB_5069,nan Antigen,,100,11.0,25.14,1,1.0
IEDB_5068,nan Antigen,,100,11.0,25.14,1,1.0
IEDB_5067,nan Antigen,,100,11.0,25.14,1,1.0
IEDB_5066,nan Antigen,,100,11.0,25.14,1,1.0
IEDB_5065,nan Antigen,,100,11.0,37.48,1,1.0
IEDB_5064,nan Antigen,,100,11.0,16.65,1,1.0
IEDB_5063,nan Antigen,,100,11.0,32.68,1,1.0
IEDB_5062,nan Antigen,,100,11.0,88.96,1,1.0
IEDB_5061,nan Antigen,,100,11.0,76.62,1,1.0
IEDB_5060,nan Antigen,,100,11.0,17.65,1,1.0
IEDB_5059,nan Antigen,,100,11.0,32.68,1,1.0
IEDB_5058,nan Antigen,,100,11.0,47.83,1,1.0
IEDB_5057,Macaca mulatta cytomegalovirus Antigen,Macaca mulatta cytomegalovirus,100,11.0,5.69,1,1.0
IEDB_5056,Human immunodeficiency virus 1 Antigen,Human immunodeficiency virus 1,100,11.0,42.26,1,1.0
IEDB_5055,Orthohepacivirus hominis Antigen,Orthohepacivirus hominis,100,11.0,80.76,1,1.0
IEDB_5054,Orthohepacivirus hominis Antigen,Orthohepacivirus hominis,100,11.0,91.46,1,1.0
IEDB_5085,Lassa virus Josiah Antigen,Lassa virus Josiah,100,11.0,20.72,1,1.0
IEDB_5084,Orthopoxvirus vaccinia Antigen,Orthopoxvirus vaccinia,100,11.0,26.82,1,1.0
IEDB_5083,Homo sapiens Antigen,Homo sapiens,100,11.0,18.71,1,1.0
IEDB_5082,Homo sapiens Antigen,Homo sapiens,100,11.0,75.43,1,1.0
IEDB_5081,Vaccinia virus WR Antigen,Vaccinia virus WR,100,11.0,-43.68,1,1.0
IEDB_5080,Borrelia duttonii Ly Antigen,Borrelia duttonii Ly,100,11.0,33.27,1,1.0
IEDB_5079,West Nile virus strain 2741 Antigen,West Nile virus strain 2741,100,11.0,21.89,1,1.0
IEDB_5078,Theileria sergenti Type C Antigen,Theileria sergenti Type C,100,11.0,-9.3,1,1.0
IEDB_5077,Human alphaherpesvirus 2 Antigen,Human alphaherpesvirus 2,100,11.0,58.08,1,1.0
IEDB_5076,Trypanosoma cruzi Antigen,Trypanosoma cruzi,100,11.0,58.13,1,1.0
IEDB_5075,nan Antigen,,100,11.0,-7.03,1,1.0
IEDB_5074,Human alphaherpesvirus 1 strain KOS Antigen,Human alphaherpesvirus 1 strain KOS,100,11.0,56.98,1,1.0
IEDB_5073,nan Antigen,,100,11.0,16.65,1,1.0
IEDB_5072,nan Antigen,,100,11.0,22.26,1,1.0
IEDB_5071,nan Antigen,,100,11.0,17.6,1,1.0
IEDB_5070,nan Antigen,,100,11.0,22.26,1,1.0
IEDB_5101,Macacine gammaherpesvirus 4 Antigen,Macacine gammaherpesvirus 4,100,11.0,76.73,1,1.0
IEDB_5100,Hepatitis C virus (isolate 1) Antigen,Hepatitis C virus (isolate 1),100,11.0,52.99,1,1.0
IEDB_5099,SARS-CoV1 Antigen,SARS-CoV1,100,11.0,98.96,1,1.0
IEDB_5098,SARS coronavirus Urbani Antigen,SARS coronavirus Urbani,100,11.0,66.16,1,1.0
IEDB_5097,Hepatitis C virus subtype 2b Antigen,Hepatitis C virus subtype 2b,100,11.0,51.69,1,1.0
IEDB_5096,Trypanosoma cruzi Antigen,Trypanosoma cruzi,100,11.0,41.27,1,1.0
IEDB_5095,Hepatitis C virus subtype 1b Antigen,Hepatitis C virus subtype 1b,100,11.0,70.49,1,1.0
IEDB_5094,Hepatitis C virus (isolate 1) Antigen,Hepatitis C virus (isolate 1),100,11.0,79.11,1,1.0
IEDB_5093,Orthohepacivirus hominis Antigen,Orthohepacivirus hominis,100,11.0,32.83,1,1.0
IEDB_5092,Morbillivirus caprinae Antigen,Morbillivirus caprinae,100,11.0,33.49,1,1.0
IEDB_5091,Hepatitis C virus isolate HC-J1 Antigen,Hepatitis C virus isolate HC-J1,100,11.0,82.53,1,1.0
IEDB_5090,nan Antigen,,100,11.0,10.06,1,1.0
IEDB_5089,Zaire ebolavirus Antigen,Zaire ebolavirus,100,11.0,63.15,1,1.0
IEDB_5088,Listeria monocytogenes EGD-e Antigen,Listeria monocytogenes EGD-e,100,11.0,67.08,1,1.0
IEDB_5087,Hepatitis C virus genotype 3 Antigen,Hepatitis C virus genotype 3,100,11.0,92.13,1,1.0
IEDB_5086,Corynebacterium glutamicum Antigen,Corynebacterium glutamicum,100,11.0,40.11,1,1.0
IEDB_5118,Human adenovirus 5 Antigen,Human adenovirus 5,100,11.0,41.82,1,1.0
IEDB_5117,Mycobacterium tuberculosis variant bovis BCG Antigen,Mycobacterium tuberculosis variant bovis BCG,100,11.0,43.19,1,1.0
IEDB_5116,Vaccinia virus WR Antigen,Vaccinia virus WR,100,11.0,47.52,1,1.0
IEDB_5115,Severe acute respiratory syndrome coronavirus 2 Antigen,Severe acute respiratory syndrome coronavirus 2,100,11.0,40.6,1,1.0
IEDB_5114,SARS coronavirus Tor2 Antigen,SARS coronavirus Tor2,100,11.0,44.0,1,1.0
IEDB_5113,Hepatitis C virus subtype 1b Antigen,Hepatitis C virus subtype 1b,100,11.0,60.91,1,1.0
IEDB_5112,Hepatitis C virus subtype 1b Antigen,Hepatitis C virus subtype 1b,100,11.0,44.16,1,1.0
IEDB_5111,Orthopoxvirus vaccinia Antigen,Orthopoxvirus vaccinia,100,11.0,96.88,1,1.0
IEDB_5110,Vaccinia virus WR Antigen,Vaccinia virus WR,100,11.0,106.53,1,1.0
IEDB_5109,Staphylococcus aureus subsp. aureus MRSA252 Antigen,Staphylococcus aureus subsp. aureus MRSA252,100,11.0,56.56,1,1.0
IEDB_5108,Orthopoxvirus vaccinia Antigen,Orthopoxvirus vaccinia,100,11.0,-8.92,1,1.0
IEDB_5107,Vaccinia virus WR Antigen,Vaccinia virus WR,100,11.0,8.89,1,1.0
IEDB_5106,Vaccinia virus WR Antigen,Vaccinia virus WR,100,11.0,48.28,1,1.0
IEDB_5105,Orthohepacivirus hominis Antigen,Orthohepacivirus hominis,100,11.0,10.85,1,1.0
IEDB_5103,Paslahepevirus balayani Antigen,Paslahepevirus balayani,100,11.0,12.23,1,1.0
IEDB_5102,Hepatitis E virus SAR-55 Antigen,Hepatitis E virus SAR-55,100,11.0,50.11,1,1.0
IEDB_5134,Penaeus aztecus Antigen,Penaeus aztecus,100,11.0,23.69,1,1.0
IEDB_5133,Helicobacter pylori 26695 Antigen,Helicobacter pylori 26695,100,11.0,72.53,1,1.0
IEDB_5132,Orthopoxvirus vaccinia Antigen,Orthopoxvirus vaccinia,100,11.0,27.09,1,1.0
IEDB_5131,Influenza A virus (A/swine/Korea/S190/2004(H9N2)) Antigen,Influenza A virus (A/swine/Korea/S190/2004(H9N2)),100,11.0,5.69,1,1.0
IEDB_5130,Listeria monocytogenes EGD-e Antigen,Listeria monocytogenes EGD-e,100,11.0,-5.76,1,1.0
IEDB_5129,Human betaherpesvirus 5 Antigen,Human betaherpesvirus 5,100,11.0,73.2,1,1.0
IEDB_5128,Listeria monocytogenes EGD-e Antigen,Listeria monocytogenes EGD-e,100,11.0,34.98,1,1.0
IEDB_5127,Candida albicans Antigen,Candida albicans,100,11.0,30.05,1,1.0
IEDB_5126,Plasmodium fragile Antigen,Plasmodium fragile,100,11.0,41.49,1,1.0
IEDB_5125,Echinococcus granulosus Antigen,Echinococcus granulosus,100,11.0,16.98,1,1.0
IEDB_5124,Plasmodium falciparum Antigen,Plasmodium falciparum,100,11.0,8.75,1,1.0
IEDB_5123,SARS coronavirus Tor2 Antigen,SARS coronavirus Tor2,100,11.0,48.49,1,1.0
IEDB_5122,Staphylococcus aureus Antigen,Staphylococcus aureus,100,11.0,32.11,1,1.0
IEDB_5121,SARS coronavirus Tor2 Antigen,SARS coronavirus Tor2,100,11.0,-7.98,1,1.0
IEDB_5120,SARS coronavirus Tor2 Antigen,SARS coronavirus Tor2,100,11.0,-9.98,1,1.0
IEDB_5119,Human herpesvirus 5 strain AD169 Antigen,Human herpesvirus 5 strain AD169,100,11.0,-8.92,1,1.0
IEDB_5151,Orthohepacivirus hominis Antigen,Orthohepacivirus hominis,100,11.0,60.69,1,1.0
IEDB_5150,SARS coronavirus Tor2 Antigen,SARS coronavirus Tor2,100,11.0,1.46,1,1.0
IEDB_5149,Lolium perenne Antigen,Lolium perenne,100,11.0,-3.24,1,1.0
IEDB_5148,Influenza A virus (A/Japan/305-/1957(H2N2)) Antigen,Influenza A virus (A/Japan/305-/1957(H2N2)),100,11.0,8.57,1,1.0
IEDB_5147,Phleum pratense Antigen,Phleum pratense,100,11.0,-1.99,1,1.0
IEDB_5145,nan Antigen,,100,11.0,25.14,1,1.0
IEDB_5144,nan Antigen,,100,11.0,63.6,1,1.0
IEDB_5143,Orthopoxvirus vaccinia Antigen,Orthopoxvirus vaccinia,100,11.0,72.2,1,1.0
IEDB_5142,Pneumonia virus of mice J3666 Antigen,Pneumonia virus of mice J3666,100,11.0,56.08,1,1.0
IEDB_5141,Human gammaherpesvirus 8 Antigen,Human gammaherpesvirus 8,100,11.0,8.89,1,1.0
IEDB_5140,Porphyromonas gingivalis Antigen,Porphyromonas gingivalis,100,11.0,-15.52,1,1.0
IEDB_5139,Simian immunodeficiency virus - mac  - mac 32H Antigen,Simian immunodeficiency virus - mac  - mac 32H,100,11.0,45.64,1,1.0
IEDB_5138,Simian immunodeficiency virus - mac  - mac 32H Antigen,Simian immunodeficiency virus - mac  - mac 32H,100,11.0,49.6,1,1.0
IEDB_5137,Listeria monocytogenes EGD-e Antigen,Listeria monocytogenes EGD-e,100,11.0,34.19,1,1.0
IEDB_5136,Borreliella burgdorferi B31 Antigen,Borreliella burgdorferi B31,100,11.0,49.63,1,1.0
IEDB_5135,Homo sapiens Antigen,Homo sapiens,100,11.0,26.57,1,1.0
IEDB_5167,Human betaherpesvirus 5 Antigen,Human betaherpesvirus 5,100,11.0,16.51,1,1.0
IEDB_5166,Human herpesvirus 5 strain AD169 Antigen,Human herpesvirus 5 strain AD169,100,11.0,0.51,1,1.0
IEDB_5165,Human herpesvirus 5 TB40 Antigen,Human herpesvirus 5 TB40,100,11.0,-0.54,1,1.0
